Time_ms,UE_ID,Mean_SNR_dB,Mean_UL_SE_bit_per_s_Hz
0,0,4427188.724235732,20.97406178131917
1000,0,4427188.724235732,20.97406178131917
2000,0,4427188.724235732,20.97406178131917
3000,0,4427188.724235732,20.97406178131917
4000,0,4427188.724235732,20.97406178131917
5000,0,4427188.724235732,20.97406178131917
6000,0,4427188.724235732,20.97406178131917
7000,0,3794733.192202056,20.762789032645866
7100,0,632455.5320336758,18.307076462830846
8000,0,3478505.4261852177,20.64353472750022
8100,0,948683.2980505137,18.8627901161682
9000,0,2213594.362117865,20.02406209089708
9100,0,2213594.362117865,20.02406209089708
10000,0,1897366.5961010274,19.812789393820072
10100,0,2529822.1281347033,20.207074837547882
11000,0,1264911.0640673516,19.257075379309082
11100,0,3162277.6601683795,20.51290641933861
12000,0,316227.7660168379,17.357078629871797
12100,0,4110960.958218894,20.87249236141217
13000,0,316227.7660168379,17.357078629871797
13100,0,4110960.958218894,20.87249236141217
14100,0,4427188.724235732,20.97406178131917
15100,0,4427188.724235732,20.97406178131917
16100,0,4427188.724235732,20.97406178131917
17100,0,4427188.724235732,20.97406178131917
18100,0,4427188.724235732,20.97406178131917
19100,0,4427188.724235732,20.97406178131917
20100,0,4427188.724235732,20.97406178131917
21100,0,4110960.958218894,20.87249236141217
21200,0,316227.7660168379,17.357078629871797
22100,0,3794733.192202056,20.762789032645866
22200,0,632455.5320336758,18.307076462830846
23100,0,3478505.4261852177,20.64353472750022
23200,0,948683.2980505137,18.8627901161682
24100,0,2213594.362117865,20.02406209089708
24200,0,2213594.362117865,20.02406209089708
25100,0,1264911.0640673516,19.257075379309082
25200,0,3162277.6601683795,20.51290641933861
26100,0,632455.5320336758,18.307076462830846
26200,0,3794733.192202056,20.762789032645866
27100,0,632455.5320336758,18.307076462830846
27200,0,3794733.192202056,20.762789032645866
28100,0,632455.5320336758,18.307076462830846
28200,0,3794733.192202056,20.762789032645866
29100,0,632455.5320336758,18.307076462830846
29200,0,3794733.192202056,20.762789032645866
30100,0,632455.5320336758,18.307076462830846
30200,0,3794733.192202056,20.762789032645866
31200,0,4427188.724235732,20.97406178131917
32200,0,4427188.724235732,20.97406178131917
33200,0,4427188.724235732,20.97406178131917
34200,0,4427188.724235732,20.97406178131917
35200,0,4427188.724235732,20.97406178131917
36200,0,4427188.724235732,20.97406178131917
37200,0,4427188.724235732,20.97406178131917
38200,0,4427188.724235732,20.97406178131917
39200,0,4110960.958218894,20.87249236141217
39300,0,316227.7660168379,17.357078629871797
40200,0,2213594.362117865,20.02406209089708
40300,0,2213594.362117865,20.02406209089708
41200,0,1264911.0640673516,19.257075379309082
41300,0,3162277.6601683795,20.51290641933861
42200,0,1264911.0640673516,19.257075379309082
42300,0,3162277.6601683795,20.51290641933861
43200,0,1264911.0640673516,19.257075379309082
43300,0,3162277.6601683795,20.51290641933861
44200,0,1264911.0640673516,19.257075379309082
44300,0,3162277.6601683795,20.51290641933861
45200,0,948683.2980505137,18.8627901161682
45300,0,3478505.4261852177,20.64353472750022
46200,0,632455.5320336758,18.307076462830846
46300,0,3794733.192202056,20.762789032645866
47200,0,316227.7660168379,17.357078629871797
47300,0,4110960.958218894,20.87249236141217
48300,0,4427188.724235732,20.97406178131917
49300,0,4427188.724235732,20.97406178131917
50300,0,4427188.724235732,20.97406178131917
51300,0,4110960.958218894,20.87249236141217
51400,0,316227.7660168379,17.357078629871797
52300,0,4110960.958218894,20.87249236141217
52400,0,316227.7660168379,17.357078629871797
53300,0,3478505.4261852177,20.64353472750022
53400,0,632455.5320336758,18.307076462830846
54300,0,3478505.4261852177,20.64353472750022
54400,0,632455.5320336758,18.307076462830846
55300,0,3162277.6601683795,20.51290641933861
55400,0,948683.2980505137,18.8627901161682
56300,0,3162277.6601683795,20.51290641933861
56400,0,948683.2980505137,18.8627901161682
57300,0,2529822.1281347033,20.207074837547882
57400,0,1581138.8300841895,19.562906852747624
58300,0,1264911.0640673516,19.257075379309082
58400,0,2846049.8941515414,20.36850352872238
59300,0,1264911.0640673516,19.257075379309082
59400,0,2846049.8941515414,20.36850352872238
60300,0,632455.5320336758,18.307076462830846
60400,0,3478505.4261852177,20.64353472750022
61300,0,316227.7660168379,17.357078629871797
61400,0,3794733.192202056,20.762789032645866
62300,0,316227.7660168379,17.357078629871797
62400,0,3794733.192202056,20.762789032645866
63300,0,316227.7660168379,17.357078629871797
63400,0,3794733.192202056,20.762789032645866
64300,0,316227.7660168379,17.357078629871797
64400,0,3794733.192202056,20.762789032645866
65300,0,316227.7660168379,17.357078629871797
65400,0,3794733.192202056,20.762789032645866
66300,0,316227.7660168379,17.357078629871797
66400,0,3794733.192202056,20.762789032645866
67300,0,316227.7660168379,17.357078629871797
67400,0,3794733.192202056,20.762789032645866
68300,0,316227.7660168379,17.357078629871797
68400,0,3478505.4261852177,20.64353472750022
68500,0,316227.7660168379,17.357078629871797
69400,0,3794733.192202056,20.762789032645866
69500,0,316227.7660168379,17.357078629871797
70400,0,3794733.192202056,20.762789032645866
70500,0,316227.7660168379,17.357078629871797
71400,0,3794733.192202056,20.762789032645866
71500,0,316227.7660168379,17.357078629871797
72400,0,3478505.4261852177,20.64353472750022
72500,0,632455.5320336758,18.307076462830846
73400,0,3478505.4261852177,20.64353472750022
73500,0,632455.5320336758,18.307076462830846
74400,0,1897366.5961010274,19.812789393820072
74500,0,2213594.362117865,20.02406209089708
75400,0,1581138.8300841895,19.562906852747624
75500,0,2529822.1281347033,20.207074837547882
76400,0,948683.2980505137,18.8627901161682
76500,0,3162277.6601683795,20.51290641933861
77400,0,632455.5320336758,18.307076462830846
77500,0,3478505.4261852177,20.64353472750022
78400,0,632455.5320336758,18.307076462830846
78500,0,3478505.4261852177,20.64353472750022
79400,0,632455.5320336758,18.307076462830846
79500,0,3478505.4261852177,20.64353472750022
80400,0,632455.5320336758,18.307076462830846
80500,0,3478505.4261852177,20.64353472750022
81400,0,632455.5320336758,18.307076462830846
81500,0,3478505.4261852177,20.64353472750022
82400,0,632455.5320336758,18.307076462830846
82500,0,3478505.4261852177,20.64353472750022
83400,0,316227.7660168379,17.357078629871797
83500,0,3794733.192202056,20.762789032645866
84400,0,316227.7660168379,17.357078629871797
84500,0,3794733.192202056,20.762789032645866
85400,0,316227.7660168379,17.357078629871797
85500,0,3794733.192202056,20.762789032645866
86400,0,316227.7660168379,17.357078629871797
86500,0,3794733.192202056,20.762789032645866
87400,0,316227.7660168379,17.357078629871797
87500,0,3478505.4261852177,20.64353472750022
87600,0,316227.7660168379,17.357078629871797
88500,0,3794733.192202056,20.762789032645866
88600,0,316227.7660168379,17.357078629871797
89500,0,3794733.192202056,20.762789032645866
89600,0,316227.7660168379,17.357078629871797
0,1,5149058.618707175,21.18108366669602
1000,1,5149058.618707175,21.18108366669602
2000,1,5149058.618707175,21.18108366669602
3000,1,5149058.618707175,21.18108366669602
4000,1,5149058.618707175,21.18108366669602
5000,1,5149058.618707175,21.18108366669602
6000,1,4701314.3909935085,21.056401385431855
6100,1,447744.22771366755,17.833702603295563
7000,1,4253570.163279842,20.919231002250488
7100,1,895488.4554273351,18.783701072781145
8000,1,4029698.049423008,20.845128633750058
8100,1,1119360.569284169,19.08953245682105
9000,1,2462593.252425172,20.170160136521964
9100,1,2686465.366282006,20.28941442812235
10000,1,2014849.024711504,19.895128973864814
10100,1,3134209.5939956736,20.50068715551024
11000,1,1567104.7969978368,19.550687592800596
11100,1,3581953.8217093404,20.68369992489421
12000,1,223872.11385683378,16.883705664319272
12100,1,4925186.504850342,21.120159858246236
13000,1,223872.11385683378,16.883705664319272
13100,1,4925186.504850342,21.120159858246236
14100,1,5149058.618707175,21.18108366669602
15100,1,5149058.618707175,21.18108366669602
16100,1,5149058.618707175,21.18108366669602
17100,1,5149058.618707175,21.18108366669602
18100,1,5149058.618707175,21.18108366669602
19100,1,5149058.618707175,21.18108366669602
20100,1,5149058.618707175,21.18108366669602
21100,1,4701314.3909935085,21.056401385431855
21200,1,447744.22771366755,17.833702603295563
22100,1,4253570.163279842,20.919231002250488
22200,1,895488.4554273351,18.783701072781145
23100,1,4029698.049423008,20.845128633750058
23200,1,1119360.569284169,19.08953245682105
24100,1,2910337.4801388397,20.399117745427276
24200,1,2238721.138568338,20.039531844614668
25100,1,2238721.138568338,20.039531844614668
25200,1,2910337.4801388397,20.399117745427276
26100,1,1790976.9108546702,19.733700307523293
26200,1,3358081.7078525075,20.595246016230913
27100,1,1567104.7969978368,19.550687592800596
27200,1,3581953.8217093404,20.68369992489421
28100,1,1567104.7969978368,19.550687592800596
28200,1,3581953.8217093404,20.68369992489421
29100,1,1119360.569284169,19.08953245682105
29200,1,4029698.049423008,20.845128633750058
30100,1,895488.4554273351,18.783701072781145
30200,1,4253570.163279842,20.919231002250488
31100,1,223872.11385683378,16.883705664319272
31200,1,4925186.504850342,21.120159858246236
32100,1,223872.11385683378,16.883705664319272
32200,1,4925186.504850342,21.120159858246236
33200,1,5149058.618707175,21.18108366669602
34200,1,5149058.618707175,21.18108366669602
35200,1,5149058.618707175,21.18108366669602
36200,1,5149058.618707175,21.18108366669602
37200,1,5149058.618707175,21.18108366669602
38200,1,5149058.618707175,21.18108366669602
39200,1,4925186.504850342,21.120159858246236
39300,1,223872.11385683378,16.883705664319272
40200,1,3358081.7078525075,20.595246016230913
40300,1,1790976.9108546702,19.733700307523293
41200,1,2462593.252425172,20.170160136521964
41300,1,2686465.366282006,20.28941442812235
42200,1,2462593.252425172,20.170160136521964
42300,1,2686465.366282006,20.28941442812235
43200,1,2462593.252425172,20.170160136521964
43300,1,2686465.366282006,20.28941442812235
44200,1,2014849.024711504,19.895128973864814
44300,1,3134209.5939956736,20.50068715551024
45200,1,1567104.7969978368,19.550687592800596
45300,1,3581953.8217093404,20.68369992489421
46200,1,1343232.683141003,19.33941493829439
46300,1,3805825.9355661743,20.766789601574438
47200,1,1119360.569284169,19.08953245682105
47300,1,4029698.049423008,20.845128633750058
48200,1,671616.3415705013,18.38941595863791
48300,1,4477442.277136675,20.989531538511372
49200,1,447744.22771366755,17.833702603295563
49300,1,4701314.3909935085,21.056401385431855
50200,1,447744.22771366755,17.833702603295563
50300,1,4701314.3909935085,21.056401385431855
51200,1,223872.11385683378,16.883705664319272
51300,1,4477442.277136675,20.989531538511372
51400,1,223872.11385683378,16.883705664319272
52200,1,223872.11385683378,16.883705664319272
52300,1,4477442.277136675,20.989531538511372
52400,1,223872.11385683378,16.883705664319272
53200,1,223872.11385683378,16.883705664319272
53300,1,4253570.163279842,20.919231002250488
53400,1,447744.22771366755,17.833702603295563
54200,1,223872.11385683378,16.883705664319272
54300,1,4029698.049423008,20.845128633750058
54400,1,671616.3415705013,18.38941595863791
55300,1,4029698.049423008,20.845128633750058
55400,1,895488.4554273351,18.783701072781145
56300,1,4029698.049423008,20.845128633750058
56400,1,895488.4554273351,18.783701072781145
57300,1,3581953.8217093404,20.68369992489421
57400,1,1343232.683141003,19.33941493829439
58300,1,2238721.138568338,20.039531844614668
58400,1,2686465.366282006,20.28941442812235
59300,1,2238721.138568338,20.039531844614668
59400,1,2686465.366282006,20.28941442812235
60300,1,1790976.9108546702,19.733700307523293
60400,1,3134209.5939956736,20.50068715551024
61300,1,1567104.7969978368,19.550687592800596
61400,1,3358081.7078525075,20.595246016230913
62300,1,1343232.683141003,19.33941493829439
62400,1,3581953.8217093404,20.68369992489421
63300,1,1343232.683141003,19.33941493829439
63400,1,3581953.8217093404,20.68369992489421
64300,1,895488.4554273351,18.783701072781145
64400,1,4029698.049423008,20.845128633750058
65300,1,671616.3415705013,18.38941595863791
65400,1,4253570.163279842,20.919231002250488
66300,1,447744.22771366755,17.833702603295563
66400,1,4477442.277136675,20.989531538511372
67300,1,447744.22771366755,17.833702603295563
67400,1,4477442.277136675,20.989531538511372
68300,1,447744.22771366755,17.833702603295563
68400,1,4253570.163279842,20.919231002250488
68500,1,223872.11385683378,16.883705664319272
69300,1,223872.11385683378,16.883705664319272
69400,1,4253570.163279842,20.919231002250488
69500,1,447744.22771366755,17.833702603295563
70300,1,223872.11385683378,16.883705664319272
70400,1,4253570.163279842,20.919231002250488
70500,1,447744.22771366755,17.833702603295563
71300,1,223872.11385683378,16.883705664319272
71400,1,4253570.163279842,20.919231002250488
71500,1,447744.22771366755,17.833702603295563
72300,1,223872.11385683378,16.883705664319272
72400,1,3805825.9355661743,20.766789601574438
72500,1,895488.4554273351,18.783701072781145
73300,1,223872.11385683378,16.883705664319272
73400,1,3805825.9355661743,20.766789601574438
73500,1,895488.4554273351,18.783701072781145
74400,1,2910337.4801388397,20.399117745427276
74500,1,2014849.024711504,19.895128973864814
75400,1,2686465.366282006,20.28941442812235
75500,1,2238721.138568338,20.039531844614668
76400,1,2238721.138568338,20.039531844614668
76500,1,2686465.366282006,20.28941442812235
77400,1,2014849.024711504,19.895128973864814
77500,1,2910337.4801388397,20.399117745427276
78400,1,1790976.9108546702,19.733700307523293
78500,1,3134209.5939956736,20.50068715551024
79400,1,1790976.9108546702,19.733700307523293
79500,1,3134209.5939956736,20.50068715551024
80400,1,1567104.7969978368,19.550687592800596
80500,1,3358081.7078525075,20.595246016230913
81400,1,1567104.7969978368,19.550687592800596
81500,1,3358081.7078525075,20.595246016230913
82400,1,1119360.569284169,19.08953245682105
82500,1,3805825.9355661743,20.766789601574438
83400,1,895488.4554273351,18.783701072781145
83500,1,4029698.049423008,20.845128633750058
84400,1,671616.3415705013,18.38941595863791
84500,1,4253570.163279842,20.919231002250488
85400,1,447744.22771366755,17.833702603295563
85500,1,4253570.163279842,20.919231002250488
85600,1,223872.11385683378,16.883705664319272
86400,1,447744.22771366755,17.833702603295563
86500,1,4253570.163279842,20.919231002250488
86600,1,223872.11385683378,16.883705664319272
87400,1,447744.22771366755,17.833702603295563
87500,1,4029698.049423008,20.845128633750058
87600,1,447744.22771366755,17.833702603295563
88400,1,223872.11385683378,16.883705664319272
88500,1,4253570.163279842,20.919231002250488
88600,1,447744.22771366755,17.833702603295563
89400,1,223872.11385683378,16.883705664319272
89500,1,4253570.163279842,20.919231002250488
89600,1,447744.22771366755,17.833702603295563
0,2,22102195.20233609,23.17780207571856
1000,2,22440664.41366961,23.19863151379337
2000,2,23565571.236718487,23.265668509652986
3000,2,24554187.14521929,23.321992497224564
4000,2,23727398.232457962,23.275048107203236
5000,2,23109794.241375234,23.238901084359576
6000,2,21332973.728535652,23.12925272640915
6100,2,1911567.532883043,19.8230092187484
7000,2,18505702.331917837,22.93439330066929
7100,2,4493690.771773883,20.994496253841856
8000,2,19035499.45569498,22.97307970580173
8100,2,4569444.474554286,21.01740828350761
9000,2,14852874.842872852,22.633027011733734
9100,2,9055549.749485571,21.95485240860737
10000,2,10527793.519063424,22.161314905215292
10100,2,14917879.722323107,22.63901229784843
11000,2,8775318.888583785,21.91176927223777
11100,2,15588776.542652149,22.699304238793452
12000,2,1987321.2356634457,19.87627466822923
12100,2,19639172.716759443,23.015869351501898
13000,2,646209.8236478514,18.336563120051917
13100,2,21322672.17599248,23.12859073205214
14100,2,21508827.0164564,23.14050430179887
15100,2,25854192.28935759,23.392700206596654
16100,2,26909049.27576892,23.447508730922145
17100,2,25487458.359780196,23.37312002234905
18100,2,24782255.218869288,23.334663992931922
19100,2,23430824.216675024,23.257809208481607
20100,2,25019604.880224835,23.347727941534405
21100,2,24000957.260856736,23.29075923854547
21200,2,1911567.532883043,19.8230092187484
22100,2,25037509.967246104,23.348708421587265
22200,2,3252678.9448986375,20.55153756924603
23100,2,23264949.4046117,23.248072037033122
23200,2,5367627.554750491,21.238060737961714
24100,2,14181406.015090523,22.56962247449128
24200,2,12958086.275707718,22.445981971844223
25100,2,11523529.07341928,22.285175428375776
25200,2,14147224.43117496,22.566315012025612
26100,2,10691164.409307513,22.18241999988705
26200,2,14749146.080257406,22.623421782719294
27100,2,10735452.583872918,22.188085821432477
27200,2,14849245.665397756,22.632692085732945
28100,2,8948330.51849017,21.938527912001174
28200,2,13759741.244083315,22.528252603604923
29100,2,6985355.165186671,21.599107133805635
29200,2,16061185.80872033,22.740221407719286
30100,2,3058938.6075921217,20.467370183810694
30200,2,19896290.51563544,23.033696404298944
31100,2,1316765.5296556486,19.3121397324236
31200,2,22779375.83530681,23.21916369743462
32100,2,1911567.532883043,19.8230092187484
32200,2,24616315.78671281,23.32545600016251
33200,2,24904114.106821686,23.341386773569088
34200,2,24434145.26787348,23.315275593644987
35200,2,22674085.140551243,23.21281401608211
36200,2,23548021.923527848,23.264647471339686
37200,2,22842818.782616947,23.222975545468536
38200,2,25998580.049063344,23.400333072673728
39200,2,29871855.21189092,23.590669374871048
39300,2,646209.8236478514,18.336563120051917
40200,2,20675194.628985666,23.086327762249354
40300,2,6407974.360357491,21.48086531121406
41200,2,15537027.607910447,22.69474692066629
41300,2,9041505.41966879,21.9527251451065
42200,2,12332574.576744152,22.378172253088326
42300,2,8495395.181161288,21.867337308201932
43200,2,11721012.187999412,22.308464251387207
43300,2,12877588.734099085,22.437441294481488
44200,2,9785098.772756424,22.061047374014727
44300,2,14218700.146114679,22.57322203010417
45200,2,7849185.357513435,21.758906097973846
45300,2,13708333.42366286,22.523122459232574
46200,2,9712526.976664132,22.05084464756841
46300,2,16166011.195053404,22.749137480036605
47200,2,7800959.443781092,21.75045931056607
47300,2,17458430.84234911,22.854549610580904
48200,2,3478206.478893332,20.643416934734113
48300,2,21979649.403171048,23.170181848731644
49200,2,2609185.1769513516,20.249410036821416
49300,2,24045906.24830301,23.293323622903834
50200,2,1962975.3533035,19.85938079487493
50300,2,25556877.423687667,23.376847882286846
51200,2,1962975.3533035,19.85938079487493
51300,2,19073761.55307929,22.975831820365133
51400,2,2685404.7307193014,20.288873214565577
52200,2,1316765.5296556486,19.3121397324236
52300,2,20885229.500821985,23.100180743662747
52400,2,2685404.7307193014,20.288873214565577
53200,2,1316765.5296556486,19.3121397324236
53300,2,21484946.985084005,23.1389818011439
53400,2,1887221.6505230973,19.805441547982586
54200,2,1241011.8268752457,19.230932266479485
54300,2,22055403.10595145,23.17489741547014
54400,2,2557777.3565308945,20.222136831546578
55300,2,21824960.09092213,23.160501958759294
55400,2,2633531.0593112973,20.262139211997038
56300,2,19443036.022311985,23.002112738641134
56400,2,3279740.8829591484,20.562893305542563
57300,2,18951515.51091305,22.967019464363926
57400,2,7825305.326141037,21.75473000772611
58300,2,12367222.011647264,22.382017339465424
58400,2,14061954.182833508,22.558029172479444
59300,2,12342876.129287317,22.37931662112222
59400,2,12617561.278989451,22.409483378266774
60300,2,10659035.555733033,22.17829502119624
60400,2,14879489.51014638,22.635480702460907
61300,2,10092084.418239435,22.10338493716874
61400,2,16179941.925071664,22.750318023722343
62300,2,9533491.78205527,22.025344767933557
62400,2,16652479.305932261,22.78977205292454
63300,2,8044934.897747054,21.79266702014367
63400,2,13005846.338452516,22.45102420601969
64300,2,5462811.658856213,21.26215189169233
64400,2,16134079.81585086,22.746427649167384
65300,2,4469344.889413937,20.987050657185165
65400,2,17930968.223209705,22.891152629735032
66300,2,2657876.941671243,20.274751251136955
66400,2,19171980.05008495,22.98287127913236
67300,2,2657876.941671243,20.274751251136955
67400,2,19861643.080732327,23.031307627834707
68300,2,3798789.1834061397,20.764253169910706
68400,2,22435426.3985143,23.198311565457992
68500,2,646209.8236478514,18.336563120051917
69300,2,3723035.480625737,20.736645905905387
69400,2,25813999.14325483,23.390567864148267
69500,2,1316765.5296556486,19.3121397324236
70300,2,1887221.6505230968,19.805441547982586
70400,2,21659066.698658243,23.150044418138926
70500,2,1911567.532883043,19.8230092187484
71300,2,1316765.5296556486,19.3121397324236
71400,2,19073761.55307929,22.975831820365133
71500,2,1911567.532883043,19.8230092187484
72300,2,1316765.5296556486,19.3121397324236
72400,2,17872653.75646303,22.886688078151852
72500,2,3228333.062538692,20.541240521137603
73300,2,1316765.5296556486,19.3121397324236
73400,2,18104640.66599696,22.904363472588546
73500,2,3228333.062538692,20.541240521137603
74300,2,670555.7060077973,18.387249823346593
74400,2,14257159.717870926,22.57692419680785
74500,2,7673332.069592683,21.727850850004877
75300,2,670555.7060077973,18.387249823346593
75400,2,15733825.115238773,22.711997898410953
75500,2,7749085.772373087,21.74131512511007
76400,2,17438055.79435056,22.85294914956409
76500,2,8544086.945881179,21.8751703130359
77400,2,14708487.083167098,22.619638339691726
77500,2,9785098.772756424,22.061047374014727
78400,2,11103873.505339175,22.2343318405575
78500,2,11572220.838139173,22.290954421694373
79400,2,10856716.1446851,22.203480361461516
79500,2,11572220.838139173,22.290954421694373
80400,2,9104241.514205463,21.962202179397973
80500,2,11860484.46667054,22.32467674053595
81400,2,8458031.69055761,21.861296170474432
81500,2,12482348.407958444,22.394716857449364
82400,2,7151567.713445127,21.631336889259984
82500,2,15896517.154966487,22.72609709464294
83400,2,6951368.54316443,21.592422521105558
83500,2,19258842.270717315,22.989066832573148
84400,2,5064146.892641332,21.15829370161447
84500,2,20807594.70990689,23.09507659054536
85400,2,2657876.941671243,20.274751251136955
85500,2,20976328.351972587,23.106145961647226
85600,2,646209.8236478514,18.336563120051917
86400,2,2657876.941671243,20.274751251136955
86500,2,19452676.761974283,23.00279215616978
86600,2,646209.8236478514,18.336563120051917
87400,2,2657876.941671243,20.274751251136955
87500,2,17908184.27298988,22.889410022687514
87600,2,2318652.7635064023,20.0876131741258
88400,2,1987321.2356634457,19.87627466822923
88500,2,17983937.97577028,22.895195423975615
88600,2,1341111.4120155945,19.33724880138918
89400,2,1316765.5296556486,19.3121397324236
89500,2,18968617.010751646,22.968255675070623
89600,2,1341111.4120155945,19.33724880138918
0,3,109827300.69832867,25.375128419329656
1000,3,107435423.13698658,25.3449497972063
2000,3,105594809.16897173,25.321265504720024
3000,3,107395364.6653037,25.344438673533503
4000,3,113134715.13273033,25.41579313399604
5000,3,113877370.61575821,25.424760566123314
6000,3,105054399.1816731,25.314233281888875
6100,3,6754542.885232001,21.553055575092827
7000,3,81614772.96165493,24.96821064779787
7100,3,28675298.377996307,23.534639952030304
8000,3,67399745.06095955,24.705927829048118
8100,3,50575592.11648077,24.31234109814724
9000,3,46832478.9484041,24.206955795158873
9100,3,67105439.61299331,24.69993008258994
10000,3,32571235.73683624,23.709240406203868
10100,3,78248976.68013467,24.910490139243787
11000,3,10479620.780657753,22.155029148123667
11100,3,97052112.9729833,25.20564348693404
12000,3,2636828.309121835,20.263854115369465
12100,3,109246390.90351579,25.367859871936894
13100,3,113595245.79748882,25.421360866648467
14100,3,105433985.78200552,25.3191765178751
15100,3,102588678.29712191,25.281681481995303
16100,3,109949955.76012948,25.37665820612891
17100,3,111020170.46751213,25.389934256238682
18100,3,107881263.66454852,25.350625643318654
19100,3,99979553.50840747,25.24637327470547
19200,3,4477442.277136676,20.989531538511372
20100,3,102757815.11049606,25.283939248817717
20200,3,4477442.277136676,20.989531538511372
21100,3,108756205.41364518,25.361696368345612
21200,3,4477442.277136676,20.989531538511372
22100,3,110652703.66282663,25.385390300477496
22200,3,4477442.277136676,20.989531538511372
23100,3,97164882.20481363,25.20723507830416
23200,3,11591712.863395188,22.293261024718557
24100,3,92914501.4090442,25.145930436149403
24200,3,24081587.223432582,23.29535584735517
25100,3,57011256.96611588,24.47650632445033
25200,3,59679235.63124035,24.53918945882251
26100,3,45189644.906576276,24.158014470874488
26200,3,63032230.42476664,24.614107081111115
27100,3,44771438.36316104,24.145271596369845
27200,3,63032230.42476664,24.614107081111115
28100,3,41921188.33341722,24.055117496336674
28200,3,62934568.71609847,24.611981897566757
29100,3,29159119.02497409,23.55757165401645
29200,3,80582271.83228683,24.950761203569126
30100,3,11739760.897795388,22.31065482203031
30200,3,98700623.60723871,25.228728084793723
31100,3,10347322.726034371,22.137616618877395
31200,3,97407769.64029586,25.210656854592514
32100,3,4477442.277136676,20.989531538511372
32200,3,107764570.28158239,25.349142328497628
33100,3,4477442.277136676,20.989531538511372
33200,3,110486924.48724085,25.383335396097095
34100,3,4477442.277136676,20.989531538511372
34200,3,104624454.27418984,25.308612626995778
35100,3,4477442.277136676,20.989531538511372
35200,3,100526099.82678765,25.253845149092264
36200,3,102570302.10724069,25.281435958490714
36300,3,2636828.309121835,20.263854115369465
37200,3,101095265.69568309,25.261583200067864
37300,3,7114270.586258511,21.62417038847139
38200,3,93744916.71392721,25.15812528544372
38300,3,16069155.140531864,22.74090129152574
39200,3,89645006.42493689,25.096833906823257
39300,3,16069155.140531864,22.74090129152574
40200,3,81957623.29188798,24.973956088236278
40300,3,21764800.532732897,23.156718852413377
41200,3,82096355.20201743,24.976274111749895
41300,3,29660948.582009483,23.580958377479742
42200,3,80195863.79607028,24.94417328636572
42300,3,36385792.79490885,23.861028351733097
43200,3,66562425.918190405,24.688794465418045
43300,3,42485633.00709811,24.07344817047396
44200,3,62289700.61370809,24.597865809426295
44300,3,49599903.59335661,24.28564230927842
45200,3,43135541.36780056,24.09425507212504
45300,3,67509672.70190333,24.708161364600084
46200,3,36216153.183544055,23.8546235170325
46300,3,76201017.48240434,24.874141597497793
47200,3,25420654.66125585,23.369523010404627
47300,3,87266397.01494816,25.059976768581322
48200,3,13682703.667595025,22.520557595883364
48300,3,88614019.48594591,25.080980061670893
49200,3,16368844.755507134,22.766226795461577
49300,3,93122778.40353796,25.148999243586424
50200,3,14432748.13608391,22.593700653702346
50300,3,93583220.13206738,25.155759223726097
50400,3,4477442.277136676,20.989531538511372
51200,3,7114270.586258511,21.62417038847139
51300,3,98253795.70415059,25.222509329951706
51400,3,2636828.309121835,20.263854115369465
52200,3,7114270.586258511,21.62417038847139
52300,3,97758283.7278815,25.21557985418624
52400,3,2636828.309121835,20.263854115369465
53200,3,2636828.309121835,20.263854115369465
53300,3,103017618.62423334,25.287400075585115
53400,3,2636828.309121835,20.263854115369465
54300,3,107256292.0341933,25.342662703542956
54400,3,5816345.406001006,21.348097675980398
55300,3,108638151.70751828,25.360207831677716
55400,3,5816345.406001006,21.348097675980398
56300,3,96249851.58133797,25.19426694547858
56400,3,14352547.607313726,22.586063425469895
57300,3,93178242.06845407,25.14981530243404
57400,3,17909769.108546704,22.889531308933858
58300,3,85099177.62849404,25.025509777825434
58400,3,24197856.10085963,23.301957158253675
59300,3,83888054.58288607,25.00586396753118
59400,3,27660868.003927052,23.485275988362137
60300,3,74161722.66859752,24.836962867732215
60400,3,31690134.4848099,23.671653967302888
61300,3,65654819.11146814,24.669977716252596
61400,3,40528750.161656216,24.008820266315922
62300,3,60779751.14981985,24.564233083202275
62400,3,48634046.99281892,24.258690174580263
63300,3,54678677.80959831,24.419251295613112
63400,3,54228719.877739236,24.40792611506857
64300,3,47759289.62534177,24.23381416882302
64400,3,58582106.19022593,24.513758914306486
65300,3,38467856.96409176,23.93729265329492
65400,3,63039531.68468976,24.614265829059015
66300,3,35743628.39656144,23.8366236569755
66400,3,72327173.03848462,24.80263272570445
67300,3,28262760.833373554,23.514779160904883
67400,3,82488826.97595786,24.98281063264178
68300,3,23282639.118506745,23.249113758861483
68400,3,81715489.3899172,24.96990094022536
69300,3,23183425.726790376,23.243260965600452
69400,3,87077594.10338819,25.057008316734724
70300,3,16069155.140531864,22.74090129152574
70400,3,100663468.90012673,25.255716743384262
71300,3,4477442.277136676,20.989531538511372
71400,3,109103321.13988358,25.36606380121164
71500,3,4017000.548607261,20.84080320754141
72300,3,4477442.277136676,20.989531538511372
72400,3,103244738.02468184,25.290418376732504
72500,3,5397663.053040375,21.245708568731658
73300,3,4477442.277136676,20.989531538511372
73400,3,94622893.2967738,25.170901656737186
73500,3,12667879.391245915,22.414938224235108
74400,3,91868808.81296124,25.1304182123603
74500,3,20086155.689139124,23.04671329719934
75400,3,95394232.50193486,25.182028787252243
75500,3,19106359.962364953,22.978172205465505
76400,3,80905916.18898618,24.95625479039829
76500,3,25868830.457509674,23.393475973002605
77400,3,71960088.97123078,24.795658971864537
77500,3,34823715.011783026,23.800888483071912
78400,3,70048839.30235699,24.75876493892163
78500,3,39301157.2889197,23.966665071789464
79400,3,59297306.60013731,24.530390101526812
79500,3,52269746.06718068,24.357499200221444
80400,3,59399578.91033442,24.532751922542207
80500,3,50514967.254987225,24.31069722484169
81400,3,54922136.63319777,24.42534022004343
81500,3,50677544.52998778,24.31510115039639
82400,3,42485633.00709811,24.07344817047396
82500,3,70146501.01102516,24.76067443575774
83400,3,38156516.263121024,23.92615485156815
83500,3,73425766.06091416,24.823293941504332
83600,3,4477442.277136676,20.989531538511372
84400,3,34719926.546709776,23.796797571322053
84500,3,72539870.49654755,24.80665731111591
84600,3,4477442.277136676,20.989531538511372
85400,3,23695176.6631295,23.27318563523091
85500,3,79781331.02897845,24.937070481317967
85600,3,4477442.277136676,20.989531538511372
86400,3,16962522.324833788,22.815055090494802
86500,3,84842731.20449355,25.021373357915635
86600,3,11591712.863395188,22.293261024718557
87400,3,16117731.56212933,22.745038191216654
87500,3,86701952.34126729,25.051083102997325
87600,3,11591712.863395188,22.293261024718557
88400,3,11640289.284992654,22.298992515726816
88500,3,86373538.7566096,25.045881775534824
88600,3,15242971.54658628,22.668558889021305
89400,3,11640289.284992654,22.298992515726816
89500,3,85019842.43579368,25.02423145314209
89600,3,12929647.393679896,22.442970722151045
0,4,106883924.4235237,25.33789617460125
1000,4,113503255.33935386,25.420250524889042
2000,4,114910320.59081107,25.437136492606758
3000,4,115289940.2516343,25.441656835869672
4000,4,112947319.49377331,25.413521064231368
5000,4,115810331.0660773,25.447829292355447
6000,4,111160180.93786818,25.39166161703501
6100,4,6967352.058855972,21.595570278574204
7000,4,82832070.35642564,24.98850182382874
7100,4,29302901.03288528,23.56431320351065
8000,4,62380729.05450556,24.599867246120045
8100,4,47568326.02343977,24.228323053321823
9000,4,48579613.80403732,24.257155329115346
9100,4,61762520.41153704,24.586216899279506
10000,4,30669844.6954906,23.62680169380238
10100,4,81910168.16587788,24.97316227620455
11000,4,12300794.958853494,22.374635919754738
11100,4,98468670.85532728,25.225503390249322
12000,4,4477442.277136676,20.989531538511372
12100,4,99567957.77809924,25.240719307349604
13100,4,103973170.4670543,25.300054268616886
14100,4,104827285.43001541,25.311267103985575
15100,4,102075473.33481616,25.27480797920422
16100,4,105522939.62915798,25.320332361574277
17100,4,107722472.06454274,25.348606814676693
18100,4,113810092.66459602,25.42395060945093
19100,4,113652473.038636,25.422051156395057
19200,4,4477442.277136676,20.989531538511372
20100,4,109832081.69436118,25.375188081185872
20200,4,4477442.277136676,20.989531538511372
21100,4,111686268.62349784,25.39813276544072
21200,4,4477442.277136676,20.989531538511372
22100,4,113673801.11891523,25.422308332296126
22200,4,4477442.277136676,20.989531538511372
23100,4,100796449.39126785,25.257526113769757
23200,4,13432326.831410028,22.495245710127573
24100,4,88924671.0165692,25.085776391756035
24200,4,22889588.6719853,23.225778851753677
25100,4,55048980.79077545,24.42850191637342
25200,4,54440619.0896557,24.413271155548117
26100,4,50360544.28996436,24.306501040030636
26200,4,66017895.67390962,24.677536147363234
27100,4,50515831.44770105,24.31072067171546
27200,4,66017895.67390962,24.677536147363234
28100,4,45986426.83613583,24.18196955968778
28200,4,64308191.11949614,24.64157423631862
29100,4,32429076.890924662,23.703245432774022
29200,4,77891706.59405711,24.90421808982813
30100,4,14141953.609877178,22.56580428824829
30200,4,96394923.56450394,25.196331158582947
31100,4,11548419.082075264,22.288132549074874
31200,4,101226336.73809999,25.263358994515404
32100,4,4477442.277136676,20.989531538511372
32200,4,105724540.64293939,25.32294831159262
33100,4,4477442.277136676,20.989531538511372
33200,4,103251537.6684351,25.290508638133957
34100,4,4477442.277136676,20.989531538511372
34200,4,107794299.51672086,25.349520375654926
35100,4,4477442.277136676,20.989531538511372
35200,4,108288469.34580448,25.355789183869085
36200,4,106285826.93167695,25.330205300926195
36300,4,4477442.277136676,20.989531538511372
37200,4,99695529.1225473,25.242474212310345
37300,4,8954884.554273352,21.939531385459702
38200,4,92703831.18133137,25.142819360158335
38300,4,17909769.108546704,22.889531308933858
39200,4,96678896.17216612,25.200362796392024
39300,4,17909769.108546704,22.889531308933858
40200,4,87502798.44180793,25.063684545583218
40300,4,22941551.006413843,23.228886674949475
41200,4,80055240.23778798,24.941767897486997
41300,4,29850630.588235203,23.58969521493149
42200,4,75452774.84685016,24.86061710945194
42300,4,34276410.453717805,23.77917710258445
43200,4,70915510.33796705,24.77561799230636
43300,4,45328762.392097235,24.16222729460261
44200,4,63822835.242535464,24.631190917288453
44300,4,54283646.94637059,24.409313622618058
45200,4,42352778.57127601,24.069155653556333
45300,4,70205883.5594999,24.761834193274304
46200,4,37269334.261754796,23.893911463931495
46300,4,73073147.51371999,24.816696132785992
47200,4,30375342.905045893,23.613577536647433
47300,4,81903008.9541922,24.973042479600945
48200,4,17117219.26855714,22.827497845149814
48300,4,93199096.97756784,25.150122023307052
49200,4,15772352.596209973,22.71534989235326
49300,4,94987945.73426254,25.17617906587298
50200,4,10549136.514906444,22.164090629167774
50300,4,94878010.84557386,25.17459192080748
50400,4,2416549.07957223,20.14429158909731
51200,4,7114270.586258511,21.62417038847139
51300,4,102243034.9305942,25.277055972499554
51400,4,4477442.277136676,20.989531538511372
52200,4,7114270.586258511,21.62417038847139
52300,4,104674155.35749602,25.309263547055316
52400,4,4477442.277136676,20.989531538511372
53200,4,4477442.277136676,20.989531538511372
53300,4,103284256.26412904,25.290942875774338
53400,4,4477442.277136676,20.989531538511372
54300,4,99409627.22965422,25.238538141005467
54400,4,8954884.554273352,21.939531385459702
55300,4,99317409.4668364,25.237266144869004
55400,4,8954884.554273352,21.939531385459702
56300,4,92439198.23904487,25.138901355294376
56400,4,17909769.108546704,22.889531308933858
57300,4,92496581.68916614,25.139751893569635
57400,4,15922236.613129325,22.728312773718674
58300,4,85145294.61268975,25.02625231127925
58400,4,22764565.55818416,23.21827232190171
59300,4,80414097.56869344,24.94789787131989
59400,4,29281202.742392287,23.56329795146398
60300,4,79964624.94648552,24.94021566856341
60400,4,34614645.64238981,23.792635320692526
61300,4,71290050.66375001,24.7828375591535
61400,4,43319531.60618687,24.100088624291683
62300,4,63822835.242535464,24.631190917288453
62400,4,52149120.05848867,24.35433262134876
63300,4,61332925.46081619,24.576650531386306
63400,4,54827219.154406965,24.42296954267082
64300,4,56322841.85344203,24.45985597803063
64400,4,60261718.55883525,24.552501579570297
65300,4,41331999.11076948,24.03571805137816
65400,4,66975086.34944512,24.697265160762097
66300,4,32799820.9980449,23.718825417203583
66400,4,73539587.35349607,24.825416876864
67300,4,25103503.538964,23.352316175440254
67400,4,83130737.9840895,24.993434765505206
68300,4,26724128.42519252,23.43805763441402
68400,4,85088006.43557134,25.025329848962695
69300,4,24326917.96737807,23.309247763197867
69400,4,91116505.48951039,25.119148642861774
70300,4,16025861.35921194,22.737203722482672
70400,4,95949603.64865485,25.189984849847114
71300,4,2593534.527801913,20.241164266957973
71400,4,108797626.73817334,25.362218266048927
71500,4,2416549.07957223,20.14429158909731
72300,4,2593534.527801913,20.241164266957973
72400,4,108390308.44451147,25.35707751154891
72500,4,5010083.607374143,21.143583359522196
73300,4,2593534.527801913,20.241164266957973
73400,4,101526281.20896363,25.26741410641112
73500,4,15922236.613129325,22.728312773718674
74400,4,93460598.09980431,25.153962201917782
74500,4,18338785.692701556,22.92197511373374
75400,4,91551996.90820917,25.125683632321284
75500,4,18287123.281047486,22.918108643526384
76400,4,82735930.84973067,24.986910151496854
76500,4,29458188.19062197,23.5715571434303
77400,4,78074588.51026472,24.90743225611189
77500,4,38413072.744895324,23.935339370827457
78400,4,71564261.4686627,24.7880991839612
78500,4,42890515.02203201,24.08644757068498
79400,4,62055337.21643333,24.592699386282142
79500,4,50317147.70897837,24.305319494607968
80400,4,64094532.12350477,24.637013074474545
80500,4,52127907.0852299,24.353774997883715
81400,4,61656284.753439575,24.58385741431036
81500,4,56818908.99713789,24.471874428643577
82400,4,45484049.54983392,24.166914532228265
82500,4,72747455.75287329,24.810573802745296
83400,4,36714357.90100856,23.873349018726966
83500,4,72445447.19084246,24.80487212553
83600,4,4477442.277136676,20.989531538511372
84400,4,34157697.48252274,23.774422063103554
84500,4,79450222.50531967,24.93137054519184
84600,4,4477442.277136676,20.989531538511372
85400,4,27418993.28355052,23.47323870294566
85500,4,86417574.56417564,25.04658034999951
85600,4,4477442.277136676,20.989531538511372
86400,4,18619395.887013853,22.94278785626272
86500,4,84430042.06875825,25.01469045854423
86600,4,13432326.831410028,22.495245710127573
87400,4,14038328.863794561,22.555724574382896
87500,4,84911020.98734164,25.02247607602635
87600,4,11444794.33599265,22.275778911630688
88400,4,11548419.082075264,22.288132549074874
88500,4,84992947.44293126,25.0237978244829
88600,4,15870574.201475253,22.723858527246417
89400,4,11548419.082075264,22.288132549074874
89500,4,87053840.64049572,25.056634397426716
89600,4,16025861.35921194,22.737203722482672
0,5,18901816.839909814,22.96342057062355
1000,5,18901816.839909814,22.96342057062355
2000,5,18901816.839909814,22.96342057062355
3000,5,18901816.839909814,22.96342057062355
4000,5,18901816.839909814,22.96342057062355
5000,5,18901816.839909814,22.96342057062355
6000,5,18901816.839909814,22.96342057062355
7000,5,15122051.32736109,22.657643085241812
7100,5,3779765.5125487186,20.757372402599877
8000,5,13232168.57108673,22.474668977570687
8100,5,5669648.268823078,21.313086657416807
9000,5,8821445.714057822,21.918954653674536
9100,5,10080371.125851987,22.101793284275978
10000,5,5672637.545989298,21.313809083921605
10100,5,11970253.882126346,22.337303009260744
11000,5,4410722.857028912,20.968954809041367
11100,5,13232168.57108673,22.474668977570687
12100,5,17642891.428115644,22.868954575991115
13100,5,17642891.428115644,22.868954575991115
14100,5,17642891.428115644,22.868954575991115
15100,5,17642891.428115644,22.868954575991115
16100,5,17642891.428115644,22.868954575991115
17100,5,17642891.428115644,22.868954575991115
18100,5,17642891.428115644,22.868954575991115
19100,5,17642891.428115644,22.868954575991115
20100,5,17642891.428115644,22.868954575991115
21100,5,15753008.671841282,22.7136679439061
21200,5,1889882.756274359,19.807372765204313
22100,5,15753008.671841282,22.7136679439061
22200,5,1889882.756274359,19.807372765204313
23100,5,15122051.32736109,22.657643085241812
23200,5,2520840.100754552,20.202200063672393
24100,5,7562520.302263656,21.707914076896333
24200,5,10080371.125851987,22.101793284275978
25100,5,4410722.857028912,20.968954809041367
25200,5,13232168.57108673,22.474668977570687
26100,5,630957.344480193,18.303825975019315
26200,5,17011934.08363545,22.819041723120417
27100,5,630957.344480193,18.303825975019315
27200,5,17011934.08363545,22.819041723120417
28100,5,630957.344480193,18.303825975019315
28200,5,17011934.08363545,22.819041723120417
29100,5,630957.344480193,18.303825975019315
29200,5,17011934.08363545,22.819041723120417
30100,5,630957.344480193,18.303825975019315
30200,5,17011934.08363545,22.819041723120417
31200,5,17642891.428115644,22.868954575991115
32200,5,17642891.428115644,22.868954575991115
33200,5,17642891.428115644,22.868954575991115
34200,5,17642891.428115644,22.868954575991115
35200,5,17642891.428115644,22.868954575991115
36200,5,17642891.428115644,22.868954575991115
37200,5,17642891.428115644,22.868954575991115
38200,5,17642891.428115644,22.868954575991115
39200,5,15753008.671841282,22.7136679439061
39300,5,1889882.756274359,19.807372765204313
40200,5,7562520.302263656,21.707914076896333
40300,5,10080371.125851987,22.101793284275978
41200,5,3151797.445234745,20.508356655578197
41300,5,14491093.982880898,22.599230112980067
42200,5,3151797.445234745,20.508356655578197
42300,5,14491093.982880898,22.599230112980067
43200,5,3151797.445234745,20.508356655578197
43300,5,14491093.982880898,22.599230112980067
44200,5,3151797.445234745,20.508356655578197
44300,5,14491093.982880898,22.599230112980067
45200,5,1261914.688960386,19.25382488892477
45300,5,16380976.739155257,22.7672422278517
46200,5,630957.344480193,18.303825975019315
46300,5,17011934.08363545,22.819041723120417
47300,5,17642891.428115644,22.868954575991115
48300,5,17642891.428115644,22.868954575991115
49300,5,17642891.428115644,22.868954575991115
50300,5,17642891.428115644,22.868954575991115
51300,5,15753008.671841282,22.7136679439061
51400,5,1889882.756274359,19.807372765204313
52300,5,15753008.671841282,22.7136679439061
52400,5,1889882.756274359,19.807372765204313
53300,5,13863125.915566925,22.53851189897471
53400,5,3779765.5125487186,20.757372402599877
54300,5,13863125.915566925,22.53851189897471
54400,5,3779765.5125487186,20.757372402599877
55300,5,13863125.915566925,22.53851189897471
55400,5,3779765.5125487186,20.757372402599877
56300,5,13863125.915566925,22.53851189897471
56400,5,3779765.5125487186,20.757372402599877
57300,5,11342285.814812372,22.263447797432033
57400,5,6300605.613303271,21.45770633995733
58300,5,3782754.789714938,20.758455899514264
58400,5,13860136.638400704,22.538216336048908
59300,5,3151797.445234745,20.508356655578197
59400,5,13860136.638400704,22.538216336048908
60300,5,1889882.756274359,19.807372765204313
60400,5,15122051.32736109,22.657643085241812
61400,5,17011934.08363545,22.819041723120417
62400,5,17011934.08363545,22.819041723120417
63400,5,17011934.08363545,22.819041723120417
64400,5,17011934.08363545,22.819041723120417
65400,5,17011934.08363545,22.819041723120417
66400,5,17011934.08363545,22.819041723120417
67400,5,17011934.08363545,22.819041723120417
68400,5,15122051.32736109,22.657643085241812
68500,5,1889882.756274359,19.807372765204313
69400,5,15122051.32736109,22.657643085241812
69500,5,1889882.756274359,19.807372765204313
70400,5,15122051.32736109,22.657643085241812
70500,5,1889882.756274359,19.807372765204313
71400,5,15122051.32736109,22.657643085241812
71500,5,1889882.756274359,19.807372765204313
72400,5,13232168.57108673,22.474668977570687
72500,5,3779765.5125487186,20.757372402599877
73400,5,13232168.57108673,22.474668977570687
73500,5,3779765.5125487186,20.757372402599877
74400,5,5041680.201509105,21.152199791826536
74500,5,11970253.882126346,22.337303009260744
75400,5,3151797.445234745,20.508356655578197
75500,5,13860136.638400704,22.538216336048908
76400,5,1261914.688960386,19.25382488892477
76500,5,15750019.394675065,22.71340784292026
77400,5,630957.344480193,18.303825975019315
77500,5,16380976.739155257,22.7672422278517
78400,5,630957.344480193,18.303825975019315
78500,5,16380976.739155257,22.7672422278517
79400,5,630957.344480193,18.303825975019315
79500,5,16380976.739155257,22.7672422278517
80400,5,630957.344480193,18.303825975019315
80500,5,16380976.739155257,22.7672422278517
81400,5,630957.344480193,18.303825975019315
81500,5,16380976.739155257,22.7672422278517
82400,5,630957.344480193,18.303825975019315
82500,5,16380976.739155257,22.7672422278517
83500,5,17011934.08363545,22.819041723120417
84500,5,17011934.08363545,22.819041723120417
85500,5,17011934.08363545,22.819041723120417
86500,5,17011934.08363545,22.819041723120417
87500,5,15122051.32736109,22.657643085241812
87600,5,1889882.756274359,19.807372765204313
88500,5,15122051.32736109,22.657643085241812
88600,5,1889882.756274359,19.807372765204313
89500,5,15122051.32736109,22.657643085241812
89600,5,1889882.756274359,19.807372765204313
0,6,73561956.62026447,24.82583371040245
1000,6,70210735.90675527,24.761928917593817
2000,6,72552485.35219835,24.80689563407798
3000,6,70347786.55189204,24.764601629647878
4000,6,69179052.84443213,24.741640349127206
5000,6,70280394.31541565,24.76328802197297
6000,6,65215014.69166574,24.660765803695735
6100,6,4759949.786061227,21.073389465332415
7000,6,58902459.244252264,24.52123333025803
7100,6,12028414.477981128,22.34394610722556
8000,6,57422806.530155435,24.486364506430732
8100,6,14478047.779672123,22.597995654040336
9000,6,38131332.23490358,23.925249957013737
9100,6,31000653.359938294,23.64150556573455
10000,6,28596071.44949827,23.530847992878368
10100,6,42618020.3161668,24.07771226310844
11000,6,24394344.194771457,23.313041251329906
11100,6,46695237.26847841,24.202933498131358
12000,6,7124563.465808982,21.626151872684755
12100,6,62070585.76372385,24.593036125822856
13000,6,2364613.6797477547,20.114514996994124
13100,6,67044095.184556365,24.698676612090896
14100,6,68965493.20966081,24.737402808203477
15100,6,67877497.09362088,24.71560855089142
16100,6,71763068.49287294,24.791901350422346
17100,6,70326477.95526421,24.76418641914353
18100,6,69216625.85197198,24.742384535261813
19100,6,69780795.76665136,24.753510397990215
20100,6,73350244.81802109,24.821883541758794
21100,6,70396581.13095002,24.765551947095005
21200,6,4744588.572778368,21.068959269562743
22100,6,67252127.56569742,24.70292276493656
22200,6,9733459.206893753,22.05379527104092
23100,6,62316843.59245242,24.598462906296547
23200,6,13997341.84925913,22.551717164603424
24100,6,42631638.74634494,24.078150150591508
24200,6,31248927.047006156,23.65243819684203
25100,6,33669961.70555689,23.754710848011687
25200,6,38086991.37815975,23.923655279518698
26100,6,28824992.29755243,23.541776089798653
26200,6,40734112.56683205,24.01574746873429
27100,6,26124961.525368102,23.406979350352824
27200,6,43129448.67314552,24.094061473188493
28100,6,23562149.424131908,23.265469484527625
28200,6,45356276.535938665,24.16305895975271
29100,6,20663243.15310077,23.08553526892916
29200,6,53538113.69122186,24.390359850519722
30100,6,13821187.196216341,22.534359396950034
30200,6,60609090.49616045,24.560379337473186
31100,6,6857417.17016729,21.57377236722719
31200,6,67480990.31929211,24.70757894010159
32100,6,6857417.17016729,21.57377236722719
32200,6,66913999.53405145,24.696014526069106
33200,6,71211438.92091514,24.781325404540972
34200,6,68725788.24936114,24.73263082230482
35200,6,67733595.86750998,24.712699859974865
36200,6,71176686.78393656,24.780656389495842
37200,6,71122389.58855905,24.779610457445646
38200,6,73204495.75938225,24.819157489578565
39200,6,73135547.88522899,24.817866014987445
39300,6,2364613.6797477547,20.114514996994124
40200,6,54424339.889757216,24.412861260116554
40300,6,18962993.077830613,22.967849262647803
41200,6,44523404.68794073,24.137657585064854
41300,6,28452170.223387353,23.523933644192926
42200,6,42425937.30383468,24.071521069807694
42300,6,28696452.28472437,23.53565064821732
43200,6,37681348.7310563,23.90897994151131
43300,6,33471763.284068454,23.746619198093953
44200,6,30808570.34760616,23.63298702523027
44300,6,40542740.08900704,24.00929328188598
45200,6,26118278.970205314,23.406628727215878
45300,6,47186597.624403045,24.217280152667907
46200,6,21389051.610709805,23.132850784241082
46300,6,51931186.1971814,24.348592977847716
47200,6,16629101.824648578,22.787846648556343
47300,6,56920056.83129679,24.474312102274567
48200,6,11823068.398738774,22.320346223447018
48300,6,61680006.617358014,24.58438462725273
49200,6,9473815.932273878,22.016738645354014
49300,6,61916430.486434,24.58962803982774
50200,6,7109202.252526123,21.62319362894997
50300,6,65551877.490427256,24.667827098512483
51200,6,7109202.252526123,21.62319362894997
51300,6,60616593.517182276,24.560548993641117
51400,6,4477442.277136676,20.989531538511372
52200,6,4744588.572778368,21.068959269562743
52300,6,61356942.722215146,24.577187121816984
52400,6,4477442.277136676,20.989531538511372
53200,6,4744588.572778368,21.068959269562743
53300,6,62927917.6128394,24.611837045226185
53400,6,6842055.956884431,21.570698749071415
54200,6,2364613.6797477547,20.114514996994124
54300,6,65913166.83315767,24.67536020463258
54400,6,11334859.447303966,22.262550128545943
55300,6,66371008.529265985,24.684847388441952
55400,6,11602005.742945658,22.294477475768847
56300,6,63548553.15340992,24.625288167554846
56400,6,13966619.422693413,22.548705649078272
57300,6,56920056.83129679,24.474312102274567
57400,6,21052957.440914858,23.111143662448903
58300,6,40344541.6675186,24.002576690183623
58400,6,37414912.96992175,23.89925461596348
59300,6,40542740.08900704,24.00929328188598
59400,6,35531005.220586985,23.828446449378223
60300,6,32975696.140372604,23.726154832873476
60400,6,42411286.62505895,24.071047701224167
61300,6,32708549.844730914,23.715006280999624
61400,6,42876631.34218907,24.08600384786605
62300,6,28833561.0243206,23.542183451955243
62400,6,45652292.54368946,24.17197480605185
63300,6,28406441.754777998,23.521729100948782
63400,6,45026974.852658406,24.15307193693
64300,6,21052957.440914858,23.111143662448903
64400,6,52151538.31846739,24.354396175521543
65300,6,14195540.270747572,22.570987797564275
65400,6,59008955.488634676,24.523709079718
66300,6,9504538.358839596,22.02117601326547
66400,6,63928878.2485968,24.633466242763948
67300,6,9504538.358839596,22.02117601326547
67400,6,65828147.21121444,24.673591214656106
68300,6,9504538.358839596,22.02117601326547
68400,6,63494255.9580324,24.624116632012456
68500,6,2364613.6797477547,20.114514996994124
69300,6,7338123.100580282,21.66663087899527
69400,6,63692454.37952083,24.62838819624579
69500,6,4744588.572778368,21.068959269562743
70300,6,4958148.207549668,21.129301744146083
70400,6,63983175.443974346,24.63462981696885
70500,6,4744588.572778368,21.068959269562743
71300,6,4744588.572778368,21.068959269562743
71400,6,62114628.90792243,24.594008283195254
71500,6,4973509.420832527,21.133541415357175
72300,6,4744588.572778368,21.068959269562743
72400,6,55902727.37096962,24.449594592682562
72500,6,9504538.358839596,22.02117601326547
73300,6,6857417.17016729,21.57377236722719
73400,6,58213754.389846995,24.505113915886035
73500,6,9504538.358839596,22.02117601326547
74300,6,2379974.8930306137,20.123389753268196
74400,6,49306929.24281378,24.2775227453359
74500,6,22888805.78300948,23.22573197389757
75300,6,2379974.8930306137,20.123389753268196
75400,6,46344602.351259634,24.1926031157877
75500,6,24947989.625068545,23.343799271801828
76400,6,42294279.343665555,24.06726127633553
76500,6,29494379.776358474,23.573239945603643
77400,6,37526768.44212304,23.903345924702517
77500,6,32991057.353655465,23.7267931383089
78400,6,34787801.68784407,23.799474309644364
78500,6,35584591.88145737,23.830511924864005
79400,6,35462023.88928498,23.825783001948814
79500,6,35569230.668174505,23.829920151494846
80400,6,32906037.731712226,23.72325657638381
80500,6,40009124.575082034,23.99113447410972
81400,6,30541424.05196447,23.621050841373627
81500,6,42587297.8896011,24.07672389901214
82400,6,21404412.823992662,23.13383474144634
82500,6,49642202.94674969,24.28681064030983
83400,6,16644463.037931437,22.789112125774142
83500,6,55688347.27033931,24.444328558462697
84400,6,11884513.25187021,22.32745062223027
84500,6,58702175.12402037,24.51656511758321
85400,6,9504538.358839596,22.02117601326547
85500,6,58701439.95220253,24.516547952911043
85600,6,2364613.6797477547,20.114514996994124
86400,6,9504538.358839596,22.02117601326547
86500,6,57831840.199834466,24.49609266341671
86600,6,2364613.6797477547,20.114514996994124
87400,6,9504538.358839596,22.02117601326547
87500,6,54700021.45501833,24.419786184999527
87600,6,4958148.207549668,21.129301744146083
88400,6,7124563.465808982,21.626151872684755
88500,6,59406384.580209166,24.532908944638546
88600,6,4759949.786061227,21.073389465332415
89400,6,4744588.572778368,21.068959269562743
89500,6,60517244.93055378,24.558300847993085
89600,6,4759949.786061227,21.073389465332415
0,7,106421082.14237538,25.331948313832463
1000,7,115344857.87266155,25.44230953799372
2000,7,118249602.00853601,25.476397094247947
3000,7,117032112.5738748,25.462212757367123
4000,7,114458879.0418409,25.4317414469399
5000,7,117699020.7908982,25.47000073467634
6000,7,107633794.53660326,25.347478099864116
6100,7,6244793.210993007,21.44551146982603
7000,7,83769243.88245025,25.003921466313358
7100,7,29192499.89520177,23.559139750991665
8000,7,63529445.153922155,24.6248760007686
8100,7,45833661.796859115,24.177409035120697
9000,7,46657388.574784905,24.20182214389095
9100,7,67307614.47912754,24.70405309057664
10000,7,36891857.217909575,23.87995916651411
10100,7,80896570.74023245,24.956096467729186
11000,7,15372033.413104717,22.680114536691438
11100,7,104655453.04454036,25.309018644793607
12000,7,4477442.277136676,20.989531538511372
12100,7,110655097.91506185,25.38541995570865
13100,7,111638714.0686875,25.397549074498556
14100,7,109860486.14825359,25.37554248567735
15100,7,109894911.18217629,25.37597188659279
16100,7,107876566.96465404,25.35056597354642
17100,7,109272268.42594111,25.368184482243034
18100,7,113289504.93495706,25.41766703942154
19100,7,110891625.67626843,25.3883464325412
19200,7,4477442.277136676,20.989531538511372
20100,7,109125504.05635938,25.366342435569052
20200,7,4477442.277136676,20.989531538511372
21100,7,107845630.54328814,25.35017287324436
21200,7,4477442.277136676,20.989531538511372
22100,7,115613617.9511807,25.445499306653282
22200,7,4477442.277136676,20.989531538511372
23100,7,97880408.98747493,25.217290968166512
23200,7,13432326.831410028,22.495245710127573
24100,7,87083509.53678246,25.057101419704814
24200,7,22270654.570204947,23.188208656315346
25100,7,54149957.2501895,24.405934045236428
25200,7,54430305.88927361,24.41301149278361
26100,7,48505524.21543838,24.255063468967794
26200,7,65151644.16021836,24.659433359646652
27100,7,55222713.89718436,24.432820556616885
27200,7,70985248.4880796,24.776965135849498
28100,7,47350781.035421476,24.222040671478407
28200,7,72924955.06977428,24.813913812438603
29100,7,34742261.17315461,23.797678941553826
29200,7,81722078.82163626,24.97001145598295
30100,7,17909769.108546704,22.889531308933858
30200,7,97718519.45174631,25.215022250039937
31100,7,13432326.831410028,22.495245710127573
31200,7,108188255.9793275,25.354520239423987
32100,7,4477442.277136676,20.989531538511372
32200,7,101139104.68310472,25.26217740149364
33100,7,4477442.277136676,20.989531538511372
33200,7,100245537.93756984,25.250014655555674
34100,7,4477442.277136676,20.989531538511372
34200,7,102206458.34923583,25.27656557842567
35100,7,4477442.277136676,20.989531538511372
35200,7,110637157.5109204,25.385197730079774
36200,7,117588758.34708415,25.468716168710575
36300,7,4477442.277136676,20.989531538511372
37200,7,107319008.28327903,25.343463880584128
37300,7,8954884.554273352,21.939531385459702
38200,7,98772731.51389524,25.229729012100663
38300,7,17909769.108546704,22.889531308933858
39200,7,98053580.18715823,25.219713637452575
39300,7,17909769.108546704,22.889531308933858
40200,7,91172716.11719662,25.11999389366745
40300,7,22611952.530783344,23.209053186402986
41200,7,77331911.38256502,24.89433252713991
41300,7,30489253.43697586,23.61870765951286
42200,7,77183879.66901702,24.89170643376597
42300,7,36839728.55726068,23.8780211780276
43200,7,64773171.262351364,24.651448412632767
43300,7,45987326.31084712,24.181996366994237
44200,7,62526492.41640999,24.603066061377174
44300,7,55596038.81122768,24.442054846227233
45200,7,42940343.494485304,24.08803890817967
45300,7,73578783.01588151,24.826147173410465
46200,7,39643213.887030765,23.978542096202148
46300,7,74441212.55363742,24.84211832692299
47200,7,29385274.433422744,23.568160580977292
47300,7,85530288.9336989,25.0324354899813
48200,7,19849537.029149298,23.03047199045567
48300,7,92861042.80367675,25.14514165371674
49200,7,16815622.098625705,22.80313395762517
49300,7,94291619.06504756,25.166094913606432
50200,7,11880654.664836437,22.327005565348745
50300,7,97219761.67683467,25.208008962750455
50400,7,3823614.3310294524,20.77318066182498
51200,7,4105458.2475691494,20.8706565748486
51300,7,103364224.63581589,25.292003628590237
51400,7,2520559.4316947833,20.202047457749003
52200,7,6062341.093011042,21.40487164215356
52300,7,106785248.91432232,25.336630285464054
52400,7,4477442.277136676,20.989531538511372
53200,7,2238726.7619815897,20.0395352873006
53300,7,107224586.40448949,25.342257497473
53400,7,4477442.277136676,20.989531538511372
54300,7,104504916.28381482,25.307045807008173
54400,7,7070976.804938589,21.61580438516277
55300,7,107783028.19246644,25.349377057900128
55400,7,7070976.804938589,21.61580438516277
56300,7,96133935.14607562,25.192615346003688
56400,7,15734143.704426385,22.71202565016473
57300,7,94469690.4374934,25.16868079968776
57400,7,16025861.35921194,22.737203722482672
58300,7,83545114.4297222,25.000249538683978
58400,7,20925421.289914344,23.102815731798938
59300,7,80901443.83112907,24.95617902578534
59400,7,26492863.536070775,23.426145482112656
60300,7,70846091.30563317,24.774275696872806
60400,7,37404630.935786024,23.898877919003
61300,7,71513150.5175083,24.787119984784958
61400,7,43821779.7946174,24.115887537981543
62300,7,65327493.54126077,24.663127625641152
62400,7,50810886.137801245,24.3187026015741
63300,7,60214893.332145885,24.55143619771111
63400,7,52475085.901898384,24.362872849174625
64300,7,54011304.10808581,24.402420169960124
64400,7,62361975.67005153,24.599455155587737
65300,7,39898636.10129893,23.987344323917164
65400,7,71915257.33482943,24.79480483718132
66300,7,32173582.073655788,23.692404613804232
66400,7,76978948.2490794,24.888062610780974
67300,7,23717927.21816313,23.2745009259756
67400,7,89034068.31330433,25.0874614521063
68300,7,27708833.281136848,23.48765054761498
68400,7,91804168.89420187,25.129453531441808
69300,7,24907770.817378163,23.341588000328198
69400,7,90958942.92279054,25.116776559746
70300,7,17909769.108546704,22.889531308933858
70400,7,97235507.24295773,25.20823091865423
71300,7,4477442.277136676,20.989531538511372
71400,7,106065288.04047507,25.32735848797404
71500,7,1726146.9469233896,19.68316845693935
72300,7,4477442.277136676,20.989531538511372
72400,7,105845364.85202582,25.324513722126355
72500,7,6125431.20404581,21.41906120146997
73300,7,4477442.277136676,20.989531538511372
73400,7,98114705.43403335,25.22056775959168
73500,7,13415150.567662824,22.493492017882236
74400,7,86011711.73797582,25.040128308063043
74500,7,17752008.30613533,22.87740504350511
75400,7,88333924.95369923,25.076641082085413
75500,7,16843366.970794532,22.805393444758792
76400,7,82989375.62484193,24.991102168011178
76500,7,27777449.300426695,23.491040302033202
77400,7,76834312.27122611,24.885485038694362
77500,7,40296980.49423009,24.000960017789698
78400,7,74377585.00688541,24.840946359477666
78500,7,44774422.771366775,24.145362953161346
79400,7,63625778.78467776,24.626952692042277
79500,7,52762431.41938484,24.370357353497557
80400,7,68567923.91410828,24.729479000160705
80500,7,49079881.70509611,24.27119704208455
81400,7,65204751.31160827,24.660550091286787
81500,7,56812214.392098695,24.471712934866314
82400,7,49251865.04850346,24.275991297941026
82500,7,70746640.0660191,24.77235040114809
83400,7,35676322.49257968,23.834040434142693
83500,7,67511495.81273454,24.708198376326436
83600,7,4477442.277136676,20.989531538511372
84400,7,27743283.317005556,23.489353489121243
84500,7,71598720.90466273,24.788758973720075
84600,7,4477442.277136676,20.989531538511372
85400,7,24692237.135161426,23.32967656057654
85500,7,82443544.90708536,24.982058059869175
85600,7,4477442.277136676,20.989531538511372
86400,7,18540776.57175026,22.93698849316619
86500,7,84896466.19943827,25.022241125089177
86600,7,13432326.831410028,22.495245710127573
87400,7,13787190.339366965,22.530983989463014
87500,7,89757447.1343822,25.098551907738166
87600,7,11548419.082075264,22.288132549074874
88400,7,11193655.811565053,22.245369181582653
88500,7,88470590.00805375,25.078759893718672
88600,7,15106345.117684517,22.656218841132603
89400,7,11193655.811565053,22.245369181582653
89500,7,92628480.56780143,25.1417049018942
89600,7,16302005.31445856,22.7606188847012
0,8,16493440.52548193,22.776619671118233
1000,8,14604250.13586962,22.60989079465902
2000,8,18191927.47499394,22.910955393770326
3000,8,17801751.81760352,22.88124016653338
4000,8,18487156.548322827,22.933019083263797
5000,8,19799691.26908208,23.02702593842427
6000,8,20145045.223348495,23.050725691004068
6100,8,1446683.5921509634,19.441103038062632
7000,8,14294786.950458547,22.580536589168
7100,8,3291474.354855424,20.567787816602003
8000,8,12745079.550471006,22.42326529782943
8100,8,4879726.242379792,21.107450624451314
9000,8,8921457.78839561,21.93440579038123
9100,8,7613624.761990062,21.717144615785504
10000,8,7340625.3248529425,21.66709814618842
10100,8,12792173.260289613,22.42832025320169
11000,8,6165329.632593575,21.427959492742016
11100,8,12332756.889595326,22.378192513974263
12000,8,1242897.9332579575,19.233013679391966
12100,8,14760496.362010634,22.624476098791163
13000,8,398107.1705534969,17.672660907488236
13100,8,14565146.925203364,22.606216167033175
14100,8,16376210.291021861,22.766843371614645
15100,8,19179772.533193193,22.983428232427595
16100,8,20209323.135389537,23.055091851467708
17100,8,18180833.168755896,22.91011930572375
18100,8,17404705.28261273,22.850325425328514
19100,8,16128502.028684964,22.745953744553777
20100,8,19044191.675886866,22.97370540475275
21100,8,18791255.046996348,22.955380258609367
21200,8,1446683.5921509634,19.441103038062632
22100,8,19738501.83070926,23.022783767982634
22200,8,2340050.7764528906,20.100203569802343
23100,8,17530331.207296,22.860182500243532
23200,8,4025455.5071721915,20.843684922221577
24100,8,13420528.21826424,22.494041315999098
24200,8,8514339.847356323,21.870390244042717
25100,8,11682370.271257853,22.303938314141604
25200,8,8965200.234196907,21.941109308935655
26100,8,7758244.401970215,21.742934030972716
26200,8,10767790.248868199,22.192208060027877
27100,8,6353761.557852419,21.469220759085587
27200,8,10661157.433170125,22.17856782929806
28100,8,4751868.728405916,21.07106066205819
28200,8,9302162.536981579,21.991678129117865
29100,8,6697054.963597392,21.541340813568652
29200,8,12288521.595059443,22.373267733289
30100,8,3458333.8250290537,20.63556381612116
30200,8,15575819.15522525,22.69816455575631
31100,8,2636828.309121835,20.263854115369465
31200,8,15982252.229699286,22.733469108493473
32100,8,1398107.170553497,19.394292326833025
32200,8,15321193.38133993,22.675574161170044
33200,8,19162862.95996025,22.982219364567058
34200,8,21129135.56307429,23.116093953448196
35200,8,19323457.07473478,22.993657464244322
36200,8,18612815.18342202,22.942303369826607
37200,8,16044649.750861477,22.738809598032194
38200,8,18991896.534574397,22.96993668463733
39200,8,22647668.963431884,23.21121633008955
39300,8,398107.1705534969,17.672660907488236
40200,8,16973844.626113277,22.81596961951293
40300,8,6277833.412933289,21.452743768276083
41200,8,11278959.922890836,22.255774287955486
41300,8,7793179.881645547,21.74909182779294
42200,8,8060325.239286328,21.795286461812708
42300,8,9129053.863408817,21.965932370463104
43200,8,8165897.419421697,21.81312118091568
43300,8,11475966.453763392,22.279506823608823
44200,8,6670637.405673266,21.535923738349275
44300,8,12320757.21646785,22.37685832077475
45200,8,5175377.391924836,21.188071270964755
45300,8,13090023.288709335,22.45986621651465
46200,8,5978939.634096164,21.385885532755882
46300,8,14992870.445514403,22.64588471095338
47200,8,4532256.0419452,21.006208340973597
47300,8,13725659.340312423,22.5248536118911
48200,8,1990535.8527674847,19.878489843481944
48300,8,15725659.340312425,22.711286400013872
49200,8,1641005.1038114545,19.613841715650025
49300,8,16092099.662501397,22.742856865350838
50200,8,1242897.9332579575,19.233013679391966
50300,8,16399483.67763103,22.76878978854901
51200,8,1242897.9332579575,19.233013679391966
51300,8,12526050.476109037,22.399506958215472
51400,8,2238721.138568338,20.039531844614668
52200,8,844790.7627044604,18.703824429844612
52300,8,17983406.298281893,22.895154904108146
52400,8,2238721.138568338,20.039531844614668
53200,8,844790.7627044604,18.703824429844612
53300,8,20636128.442407306,23.083735612042183
53400,8,1398107.170553497,19.394292326833025
54200,8,1000000.0,18.934991511417568
54300,8,22981482.396673717,23.231270158143964
54400,8,3685404.7307193014,20.72272242413795
55300,8,19536706.8808603,23.008699842091435
55400,8,3530195.493423762,20.663751203731607
56300,8,15638036.51874485,22.703628331591997
56400,8,3928302.663977259,20.81020127456305
57300,8,13589460.097147385,22.511185664522188
57400,8,5976879.085574726,21.385413109143837
58300,8,10404618.557990033,22.14518483458232
58400,8,10254712.498508012,22.125294657340188
59300,8,10356042.136392567,22.1387710666892
59400,8,9015991.359939676,21.94885211919422
60300,8,7849185.903972818,21.75890619339208
60400,8,10589394.222752541,22.169311018216167
61300,8,8627922.885018747,21.88855291759135
61400,8,9824304.945200674,22.0665278557185
62300,8,10546105.153697971,22.163696733426406
62400,8,9746736.64453629,22.055663581797024
63300,8,9011814.565250058,21.948217039315132
63400,8,8428881.807643482,21.85656449385388
64300,8,5374986.256128223,21.23993840828723
64400,8,10826988.978196979,22.199722433983254
65300,8,3291474.354855424,20.567787816602003
65400,8,13696667.461245507,22.521955598871106
66300,8,1689581.5254089208,19.65382361866205
66400,8,16363046.372563686,22.765741211969427
67300,8,1689581.5254089208,19.65382361866205
67400,8,16815600.929356292,22.803132232219095
68300,8,2796214.341106994,20.34429183668478
68400,8,16229897.414130718,22.754543102334686
68500,8,398107.1705534969,17.672660907488236
69300,8,3000000.0,20.440704973396418
69400,8,19079991.354648698,22.97627939459393
69500,8,844790.7627044604,18.703824429844612
70300,8,1398107.170553497,19.394292326833025
70400,8,15045639.487072112,22.650700077799726
70500,8,1446683.5921509634,19.441103038062632
71300,8,844790.7627044604,18.703824429844612
71400,8,12748861.954403168,22.423671983649754
71500,8,1446683.5921509634,19.441103038062632
72300,8,844790.7627044604,18.703824429844612
72400,8,12001224.03489364,22.34084442474997
72500,8,2291474.354855424,20.071453071792277
73300,8,2685404.7307193014,20.288873214565577
73400,8,16235768.378772356,22.755038795886048
73500,8,2291474.354855424,20.071453071792277
74300,8,446683.5921509635,17.83045211760677
74400,8,13293824.772872966,22.481040364794136
74500,8,7374986.256128223,21.673498669445316
75300,8,446683.5921509635,17.83045211760677
75400,8,14652819.669061512,22.614441320770172
75500,8,7219777.018832684,21.644346897160517
76400,8,13116753.210996106,22.46266205673703
76500,8,7559827.795285574,21.707426025349218
77400,8,10359651.144254066,22.139248614059937
77500,8,8385592.738588912,21.849507430863287
78400,8,7045459.329429522,21.610849413325827
78500,8,9841756.303243013,22.068960284038823
79400,8,7094035.751026989,21.620266604894784
79500,8,10015991.359939676,22.093011929570952
80400,8,7735123.487544941,21.73884342564896
80500,8,9458415.524694521,22.014508882894788
81400,8,7337016.316991444,21.66642414659046
81500,8,8015908.727233178,21.787713089213177
82400,8,5029632.301861811,21.148920700365007
82500,8,12730864.06014882,22.421735761784575
83400,8,5291474.354855424,21.218476666278328
83500,8,15113718.75153466,22.656887668922973
84400,8,3844790.7627044604,20.780750330397975
84500,8,16584632.882923145,22.784176636803675
85400,8,1689581.5254089208,19.65382361866205
85500,8,15097863.10546722,22.655449073650903
85600,8,398107.1705534969,17.672660907488236
86400,8,1689581.5254089208,19.65382361866205
86500,8,12014918.991022546,22.34240752032938
86600,8,398107.1705534969,17.672660907488236
87400,8,1689581.5254089208,19.65382361866205
87500,8,12278877.290184338,22.37219166488306
87600,8,1630957.344480193,19.605424079433522
88400,8,1242897.9332579575,19.233013679391966
88500,8,13964282.020903641,22.548476257996377
88600,8,893367.184301927,18.780450583458205
89400,8,796214.3411069938,18.62265918614558
89500,8,14362389.191457137,22.587002900565345
89600,8,893367.184301927,18.780450583458205
0,9,40728735.38222034,24.015566533357983
1000,9,39861336.26523399,23.98606243589692
2000,9,42668563.59496704,24.079336730031613
3000,9,47323152.18092202,24.221240725605412
4000,9,45043505.23693408,24.153575007147378
5000,9,45234408.83706856,24.15937144762172
6000,9,40619053.59637576,24.011870659398195
6100,9,2262221.8956103628,20.053844170943737
7000,9,27312780.34782147,23.46791925504062
7100,9,11290631.401044438,22.25719181158259
8000,9,21037502.07194551,23.11013713911086
8100,9,18038367.42218787,22.899337240531224
9000,9,14295668.070149176,22.580621066842294
9100,9,26261595.993981697,23.41412874909656
10000,9,7553844.348319445,21.706340825926137
10100,9,35003287.490380615,23.80793777445865
11000,9,166315.81047550807,16.476395747323544
11100,9,40189746.05762887,23.99730795365418
12000,9,53666.857255063005,14.926182134326863
12100,9,38020233.134620994,23.92125087654133
13100,9,40423585.0101942,24.00525927557783
14100,9,40919201.94439888,24.02196097226615
15100,9,37515980.62504785,23.902951873216445
16100,9,38438507.47171593,23.936246569529295
17100,9,37006837.012452826,23.88422410962202
18100,9,37180770.7981952,23.89065071312145
19100,9,38685858.85697654,23.945037854456018
19200,9,2238721.138568338,20.039531844614668
20100,9,42877017.72941302,24.086016198756738
20200,9,2238721.138568338,20.039531844614668
21100,9,40661692.349996164,24.013308613386442
21200,9,2238721.138568338,20.039531844614668
22100,9,41445739.52573472,24.039484479234133
22200,9,2238721.138568338,20.039531844614668
23100,9,38497727.473079085,23.938356488117112
23200,9,4516471.749952369,21.001426819979493
24100,9,29399464.03325136,23.568822239164877
24200,9,9005434.202249737,21.94724633933043
25100,9,15926529.89704803,22.728682282792878
25200,9,20439126.013894655,23.070588730004786
26100,9,12105797.43719517,22.35273515457209
26200,9,24858232.16923325,23.33885940170533
27100,9,14326735.78166312,22.583596371476634
27200,9,25449378.796658095,23.37107080423427
28100,9,13646535.487303885,22.51692992833957
28200,9,23254111.03828147,23.247433389821555
29100,9,6926032.413500272,21.58741802107325
29200,9,29952575.909163516,23.59436795230963
30100,9,4555501.222768063,21.013219748361372
30200,9,33072648.51732265,23.73017852702846
31100,9,4520019.883844705,21.002503107278375
31200,9,34906634.64956518,23.804148079892233
32100,9,2238721.138568338,20.039531844614668
32200,9,34723709.835579395,23.796946907549586
33100,9,2238721.138568338,20.039531844614668
33200,9,36219634.147086635,23.8547552439163
34100,9,2238721.138568338,20.039531844614668
34200,9,37454131.70507093,23.900690500304947
35100,9,2238721.138568338,20.039531844614668
35200,9,36924218.88937307,23.881160899951254
36200,9,34694119.4459617,23.795778463803963
36300,9,39029.47281569328,14.48969765329706
37200,9,36218537.25609048,23.854713736650996
37300,9,2277750.6113840314,20.06322004921956
38200,9,31730692.254722487,23.673406920631585
38300,9,6758741.022413043,21.55390715187909
39200,9,32371863.07626603,23.70082525182171
39300,9,6758741.022413043,21.55390715187909
40200,9,33909455.71671373,23.764425117772127
40300,9,9020962.918023406,21.949607659114683
41200,9,24992296.29972384,23.346231175471953
41300,9,11277466.850692132,22.25559284562812
42200,9,23450922.55541443,23.25898433472399
42300,9,13654724.685356893,22.517752146002227
43200,9,21823913.413105443,23.1604362280831
43300,9,16437279.251237344,22.771944857890773
44200,9,24809586.27995759,23.33617467969528
44300,9,18715029.86262138,22.949809386995167
45200,9,15851153.591791902,22.722180364049386
45300,9,25454694.035368416,23.37135702317264
46200,9,15929329.887079906,22.728923215226775
46300,9,25463641.65724849,23.37183870642902
47200,9,11343517.014059845,22.263596562953964
47300,9,30690625.351812094,23.627730015976866
48200,9,4631777.505730852,21.035978092117233
48300,9,34453923.30116778,23.786256730459673
49200,9,192070.64584425313,16.673720782742002
49300,9,33860606.84469363,23.762449309244463
50200,9,157470.35828858765,16.401493425915824
50300,9,34462842.72266551,23.786611494773876
50400,9,162037.45313844716,16.44067785767974
51200,9,320526.7723845586,17.375585348151493
51300,9,35320443.04994714,23.82030013768168
51400,9,53666.857255063005,14.926182134326863
52200,9,2400758.5917067854,20.135306535365434
52300,9,36891541.53664096,23.879947438667294
52400,9,53666.857255063005,14.926182134326863
53200,9,2242269.272460674,20.041702315788278
53300,9,39097035.414612666,23.9595281225717
53400,9,53666.857255063005,14.926182134326863
54300,9,39711588.2698355,23.98090392515586
54400,9,4480990.411029012,20.990617203995555
55300,9,39973132.946254686,23.98990098306242
55400,9,4480990.411029012,20.990617203995555
56300,9,32565292.75815874,23.70899030965947
56400,9,8958432.688165687,21.940074325761287
57300,9,30403220.52491015,23.61483482072917
57400,9,8958432.688165687,21.940074325761287
58300,9,32198074.840562627,23.693447582584984
58400,9,9614269.094530942,22.03690860797094
59300,9,31462776.194946744,23.661785551850485
59400,9,11870688.777922248,22.325855411587376
60300,9,32764163.627580963,23.717334642060216
60400,9,11963385.107993005,22.33651632834391
61300,9,29315816.352464266,23.564917147936757
61400,9,16410661.284916641,22.769723620712586
62300,9,22755972.426956065,23.217754867382858
62400,9,20274929.011673514,23.059533918604906
63300,9,20394243.30806497,23.06757577873244
63400,9,22658686.053519566,23.211882884960193
64300,9,20337431.04114889,23.063752479795234
64400,9,22899073.48928742,23.226346656661956
65300,9,13610162.817046227,22.513272041178727
65400,9,24863641.937187597,23.339157637159822
66300,9,11361651.65623166,22.26578589912405
66400,9,29301263.21730232,23.564236597182372
67300,9,7269426.420108087,21.653739788216907
67400,9,31793245.304992795,23.676106147252337
68300,9,7493483.947511027,21.69534511964867
68400,9,30655789.98705604,23.626173479351426
69300,9,9037272.87803673,21.952083403407972
69400,9,30691758.299488135,23.627780609419197
70300,9,6755192.888520707,21.553187460509218
70400,9,36857825.668941334,23.878694285370116
71300,9,2238721.138568338,20.039531844614668
71400,9,41378792.933015436,24.037268846824333
71500,9,21330.92799272498,13.661690405643528
72300,9,2238721.138568338,20.039531844614668
72400,9,41829930.03025679,24.052130669287752
72500,9,2404306.725599121,20.137330620347
73300,9,2238721.138568338,20.039531844614668
73400,9,37336472.0638377,23.896378200297452
73500,9,6762289.156305379,21.554626465532028
74400,9,32230113.0434842,23.69481065959673
74500,9,4581161.52889278,21.020918200695462
75400,9,34454494.52395394,23.786279453234883
75500,9,4559133.605937819,21.014312145235422
76400,9,31906473.543035924,23.680978579596314
76500,9,9086610.3571598,21.959545396881786
77400,9,27299006.09433406,23.467227886170374
77500,9,13564052.634296477,22.508620805414196
78400,9,24923907.80875199,23.342475657338905
78500,9,15802773.772864815,22.717990836141453
79400,9,18789624.92363785,22.955261358667414
79500,9,20289566.39611288,23.060523030759516
80400,9,18825022.01328378,22.957840878141937
80500,9,18229192.67069632,22.91376004185362
81400,9,18194064.66880359,22.911116398191798
81500,9,20968388.385629084,23.105627078554303
82400,9,15841803.24568051,22.721371653603335
82500,9,24867190.071079936,23.3393532072329
83400,9,9117680.431238865,21.96422379351575
83500,9,29233445.94911662,23.561060782544892
83600,9,2242269.272460674,20.041702315788278
84400,9,9212847.996420996,21.978455139200683
84500,9,30041885.21323151,23.59844845806384
84600,9,2242269.272460674,20.041702315788278
85400,9,9050726.294005128,21.954122182696
85500,9,33944206.83219236,23.765828977190743
85600,9,2242269.272460674,20.041702315788278
86400,9,4590982.56169142,21.023853243936248
86500,9,33799060.84182,23.759955873165563
86600,9,4520019.883844705,21.002503107278375
87400,9,4536424.373102058,21.0074682703206
87500,9,31755688.666264165,23.674486178551685
87600,9,2301251.3684260556,20.077288386922135
88400,9,4516471.749952369,21.001426819979493
88500,9,32378941.568270005,23.701124908322903
88600,9,4537802.677945094,21.00788462522804
89400,9,4516471.749952369,21.001426819979493
89500,9,32246746.567655515,23.695517804691228
89600,9,4555501.222768063,21.013219748361372
