Time_ms,UE_ID,Mean_Throughput,Std_Throughput,Mean_SE,Std_SE
0,5,1.1237393103448274,0.25574728130004537,0.02944793103448276,0.006702526911178642
100,5,1.0103224137931035,0.22810446315629743,0.02647551724137931,0.0059771473046494215
200,5,1.091274827586207,0.17749464395582457,0.028598275862068968,0.0046518652702556675
300,5,1.0971982758620689,0.1560343635244897,0.028753103448275863,0.004089007130141109
400,5,1.0098472413793103,0.2115794760991811,0.026463103448275863,0.005544554022673494
500,5,1.0995582142857143,0.21511136762588423,0.028814285714285712,0.005638180970497901
600,5,1.119790344827586,0.20089394950148556,0.02934413793103448,0.005265163487653935
700,5,0.9948321739130435,0.23540238291364624,0.026070434782608697,0.006168800884112411
800,5,1.022898,0.21803912308542717,0.02680566666666667,0.005714278959150358
900,5,1.0828295000000001,0.2483331737695826,0.0283765,0.006507207562630677
1000,5,1.1249333333333333,0.23309744603304097,0.029479666666666668,0.006108256415441448
1100,5,1.0558757894736843,0.20536548063596788,0.027668947368421053,0.005382710897697101
1200,5,1.07463,0.22915826569847103,0.028161,0.006005200820668008
1300,5,1.0799934782608696,0.2026107414277368,0.02830173913043478,0.005309687246545363
1400,5,1.0698446875,0.17902665982733257,0.0280365625,0.004691598262216433
1500,5,1.0858823076923076,0.16473905558325122,0.028455769230769232,0.004317347494077282
1600,5,1.0419924137931036,0.2151728801561196,0.027306551724137932,0.0056388469413157696
1700,5,0.9921155172413794,0.24131916023607478,0.02599896551724138,0.006324406434501856
1800,5,1.178357931034483,0.14481292854623837,0.03087931034482759,0.003795074750849055
1900,5,1.0057889655172414,0.1917104162410593,0.026356551724137933,0.005024059454167991
2000,5,1.1630903448275864,0.14963067866017793,0.030478965517241382,0.003921437732723243
2100,5,0.9987686206896551,0.19700901039445123,0.026173448275862068,0.005161814655900763
2200,5,1.0702024137931034,0.2304883364519647,0.028044137931034482,0.006039847749524687
2300,5,1.061685,0.23620746259591377,0.027822307692307695,0.006190330723114756
2400,5,1.0829761290322582,0.225672130707027,0.02838,0.005913675675922716
2500,5,1.0728695652173912,0.2508420448206448,0.028115652173913045,0.006573738956904038
2600,5,1.078616875,0.20794281874433343,0.02826625,0.005448416609289996
2700,5,1.083255909090909,0.211910714052137,0.02838909090909091,0.0055541866740675535
2800,5,1.0044096666666666,0.1810744928529527,0.026320333333333334,0.004744915597035263
2900,5,1.1302465,0.18729238752268434,0.02962,0.004907725381584897
3000,5,1.0755316129032257,0.1871822243358376,0.028184193548387096,0.004905332319149267
3100,5,0.9774428571428571,0.2255404777893063,0.025614285714285718,0.005910402330999617
3200,5,1.1271329032258064,0.2166704465341093,0.02953774193548387,0.005678156807554965
3300,5,1.063838,0.23923708960290135,0.0278788,0.006269531694366547
3400,5,1.0257264516129032,0.2731992482365009,0.02688,0.00715947996249262
3500,5,1.0659976,0.24236073257440036,0.027934399999999998,0.006350355685576466
3600,5,1.074664827586207,0.2175613324300052,0.028162758620689655,0.005701321837052804
3700,5,1.1286462068965517,0.17936593372635481,0.029576551724137933,0.004701368551406882
3800,5,0.9657879310344828,0.21079236036541657,0.025308620689655174,0.0055232758939768
3900,5,1.1453931034482758,0.17372352834529617,0.030015517241379307,0.00455311713178604
4000,5,1.090354827586207,0.19190082128947847,0.028573103448275863,0.005029104651531832
4100,5,1.027553076923077,0.24160356232091004,0.026928076923076923,0.006330790800038029
4200,5,1.0933406666666667,0.19803672592055574,0.02865133333333333,0.005189738371807976
4300,5,1.0771870833333332,0.19215398187909807,0.0282275,0.005035961330445174
4400,5,1.0691724137931033,0.2122547543915628,0.028017241379310345,0.005562061473277
4500,5,1.0376645833333333,0.14733577035433656,0.02719166666666667,0.003861835187380835
4600,5,1.0682379310344827,0.1961936593081167,0.02799344827586207,0.005140695669891707
4700,5,1.0542412,0.24659854073845067,0.027627600000000002,0.006461393864071952
4800,5,1.0723212903225805,0.23056422027628856,0.028101290322580647,0.006041440083255805
4900,5,1.107091304347826,0.19047412547507359,0.029011304347826086,0.004991121484785693
5000,5,1.0547621212121212,0.20543125273065163,0.02764030303030303,0.005383700797806564
5100,5,1.0557736363636363,0.22447423342526754,0.027667272727272728,0.005883156896168507
5200,5,1.0468345161290322,0.2385113063964154,0.02743290322580645,0.006250948831203354
5300,5,1.0872304,0.20248919589449707,0.0284904,0.005305656949583781
5400,5,1.0708337931034482,0.23029696855231124,0.028061724137931034,0.0060358672408986685
5500,5,1.106328888888889,0.21041796721202546,0.028991851851851852,0.0055151958170390385
5600,5,1.078716,0.17523576974248545,0.028268,0.004591626111175384
5700,5,1.0584269230769232,0.20516419700852737,0.027735769230769234,0.005376292531532801
5800,5,1.059071,0.18081233562110358,0.027754666666666667,0.004737605049937723
5900,5,1.1125,0.1670130072778764,0.029153076923076924,0.004376754751393566
6000,5,1.031671,0.21162943396336714,0.027035666666666666,0.005545494401847282
6100,5,1.0679425,0.18302813668822943,0.02798625,0.004796202132031588
6200,5,1.0483751612903227,0.23038279048677468,0.027473548387096775,0.0060369785756271025
6300,5,1.089690909090909,0.1693572118590112,0.02855590909090909,0.004438281154950597
6400,5,1.0707524137931035,0.1759363109126054,0.028059310344827587,0.004610717275338344
6500,5,1.0570537037037038,0.16930782191817975,0.02770111111111111,0.004437410309675031
6600,5,1.0622183333333333,0.16374184404186332,0.027836000000000003,0.0042902886326824366
6700,5,1.10753375,0.1859656046461631,0.02902333333333333,0.004874822330467356
6800,5,1.0003135483870969,0.19599065684445924,0.026213870967741935,0.0051354056492935105
6900,5,1.1045586956521738,0.20858683424643226,0.02894521739130435,0.00546622261926096
7000,5,1.0906276666666666,0.22772532194068476,0.028580666666666664,0.00596754725409737
7100,5,1.0568325,0.21727109094100774,0.02769375,0.0056940119671992865
7200,5,1.1201003333333333,0.18165596945274354,0.02935266666666667,0.004760333901164361
7300,5,0.9455722222222223,0.20253379969266547,0.02478037037037037,0.0053087123467585595
7400,5,1.1558355172413792,0.15868668675786002,0.030290344827586205,0.0041578028905718085
7500,5,1.062975357142857,0.19213629975892874,0.027855357142857144,0.0050343895007739165
7600,5,1.058386551724138,0.2265164962500503,0.02773586206896552,0.005936270785386936
7700,5,1.023566,0.238514773581568,0.0268236,0.006250141918388734
7800,5,1.0814172413793104,0.1688631527280629,0.028338275862068964,0.004425354762990773
7900,5,1.0926325925925926,0.19316521703916872,0.028632222222222222,0.005061839383931295
8000,5,1.0867296551724137,0.19813276889649306,0.02847758620689655,0.0051916448365016635
8100,5,1.0860218518518518,0.20189159991359104,0.02845888888888889,0.00529016019339631
8200,5,1.0425683870967741,0.2072139601812062,0.027321290322580648,0.005430040970953769
8300,5,1.046238260869565,0.23742772308167184,0.027416521739130437,0.006222475105831099
8400,5,1.0728168965517242,0.21948716474193466,0.028113793103448276,0.005751086489769379
8500,5,1.0450292,0.20953230309668244,0.0273848,0.005491529173797282
8600,5,1.126636875,0.1897666561254008,0.0295246875,0.0049728086335234295
8700,5,0.9642408695652174,0.2119595441226085,0.02526695652173913,0.0055549146419942306
8800,5,1.1193206666666666,0.2543010857900984,0.029333,0.006664038927526324
8900,5,1.0902391304347825,0.18060241176566033,0.0285704347826087,0.00473256751213514
9000,5,1.0272116666666666,0.23877818933902442,0.026918333333333332,0.006257811164833326
9100,5,1.0188979166666667,0.2423320317246955,0.026700416666666667,0.006350943428147997
9200,5,1.127245172413793,0.2018554941327492,0.02953931034482759,0.0052901208000212755
9300,5,1.0815525925925926,0.2207926312105232,0.028343333333333335,0.0057863134271246555
9400,5,1.0586879310344828,0.20776868962484135,0.027743448275862066,0.005445813120358788
9500,5,1.056768076923077,0.24179685923550343,0.02769230769230769,0.006336908588699892
9600,5,1.081946129032258,0.16686983173874217,0.028353225806451613,0.004372277352514571
9700,5,1.087365652173913,0.15759796747726296,0.02849478260869565,0.004129879889916696
9800,5,1.0110716129032258,0.2515232482972071,0.026496129032258064,0.0065916081383424465
9900,5,1.095513076923077,0.20230492347482265,0.028708461538461537,0.005301176995579524
10000,5,1.1170323333333334,0.19087814577826118,0.029271666666666665,0.005002526315795839
10100,5,1.0161992592592592,0.18945875891655004,0.02663037037037037,0.004964996306049817
10200,5,1.091503,0.19142203638773558,0.028603,0.005015815779216225
10300,5,1.1110200000000001,0.2041441026987228,0.029115357142857144,0.005349304199919875
10400,5,0.9978327586206897,0.22113533399734703,0.02614758620689655,0.005795711256223625
10500,5,1.142710909090909,0.22744574387896999,0.029944545454545456,0.005960208311534347
10600,5,1.0582518181818183,0.18922633097455263,0.02773212121212121,0.004958321135712015
10700,5,0.9884836842105262,0.23545347233725927,0.02590315789473684,0.006169918109155438
10800,5,1.1197570967741934,0.20142804763642938,0.029342903225806453,0.005278657779870678
10900,5,1.0538358333333333,0.1622973796278238,0.027615416666666667,0.004253650073675001
11000,5,1.0370741935483871,0.20379464853579438,0.027177096774193547,0.005340127460119522
11100,5,1.0436466666666668,0.1937083777377662,0.027349166666666664,0.005077500169474591
11200,5,1.0827356666666668,0.21552865267048374,0.02837333333333333,0.005648418352517587
11300,5,1.0723228,0.1863872111921845,0.0281012,0.004884399758414539
11400,5,1.0930487096774193,0.1785158471161955,0.02864451612903226,0.00467740942453525
11500,5,1.1169647826086957,0.15177974115832113,0.029270434782608698,0.003977947710087418
11600,5,1.0345193333333333,0.2384942658015699,0.027110000000000002,0.006250442191253904
11700,5,1.0359992592592593,0.24099868422759121,0.02714888888888889,0.006315411146451032
11800,5,1.1391729032258064,0.2135147829104353,0.02985258064516129,0.005594933998861193
11900,5,1.0035857692307693,0.21042855308485253,0.026299615384615387,0.0055146296200337735
12000,5,1.114414,0.2027321830361936,0.029203333333333335,0.005313783205403001
12100,5,1.0223688461538463,0.21273049395565133,0.02679076923076923,0.005574598046910234
12200,5,1.0633496551724138,0.23413307501874658,0.027865862068965516,0.006135101301551228
12300,5,1.0693876923076924,0.21398646464312074,0.02802423076923077,0.0056078881394528
12400,5,1.034091935483871,0.21536767594696218,0.027098064516129033,0.0056439923336558135
12500,5,1.0911912499999998,0.20948865050325255,0.028595833333333334,0.00548951008875043
12600,5,1.062921724137931,0.23312183402781606,0.027854827586206898,0.00611014473799204
12700,5,1.0909816666666667,0.22312361046049684,0.028589166666666666,0.005846884652952162
12800,5,1.0524441379310345,0.21728797638678957,0.027579310344827586,0.005694914981827763
12900,5,1.0413312000000001,0.18221817887082503,0.0272892,0.004775294860006029
13000,5,1.1690027586206897,0.15589305686217245,0.030634137931034484,0.004084937940813246
13100,5,1.0266926923076922,0.1628261073552443,0.026905,0.0042674256876951006
13200,5,1.0335683333333334,0.2079604265750202,0.027085,0.005449656585194311
13300,5,1.1116165384615384,0.16021150175795265,0.02913076923076923,0.004199298915844808
13400,5,1.0914789655172414,0.20078969666837324,0.028603793103448273,0.005260663601399884
13500,5,0.9994334615384616,0.26044715436252797,0.026189615384615388,0.006824936911514555
13600,5,1.0775727586206896,0.21482003755463633,0.028237931034482758,0.005629136180439325
13700,5,1.0724162962962962,0.22442312300563227,0.02810333333333333,0.005881155694903197
13800,5,1.0960575862068966,0.17878973833319192,0.028722758620689657,0.004685069672108656
13900,5,1.0934962962962962,0.1717279445506792,0.028655925925925925,0.004500330978648007
14000,5,1.0588666666666666,0.21928622857735075,0.027749000000000003,0.005746236159435147
14100,5,1.0573057692307692,0.22090675861409176,0.02770730769230769,0.0057890700860793246
14200,5,1.0273476666666665,0.2257858215010844,0.026921333333333335,0.005917158995219971
14300,5,1.0519769565217392,0.22124711711393052,0.02756695652173913,0.005797609566005794
14400,5,1.126238,0.17238642222714604,0.029514,0.004517433357331466
14500,5,1.076706956521739,0.21702121671383326,0.028215217391304347,0.005686907507252727
14600,5,1.050183448275862,0.23662089799139924,0.02752,0.006200237898661631
14700,5,1.0676584615384614,0.2151423871149952,0.02797846153846154,0.005638239932679483
14800,5,1.0328651612903226,0.19576768008485584,0.02706709677419355,0.005129710319013076
14900,5,1.1380420833333333,0.1570989553829927,0.02982375,0.004117211817744372
15000,5,1.0488983870967743,0.22574941956509767,0.027486129032258066,0.00591644413332837
15100,5,1.015591923076923,0.1900604111543323,0.026613846153846155,0.004981803751191391
15200,5,1.1461189655172415,0.15914190956826704,0.030034137931034485,0.004170255659550126
15300,5,1.0514632,0.23858937290737267,0.0275536,0.006252965216599241
15400,5,1.0046760000000001,0.2288441112469662,0.02632733333333333,0.005996726079967378
15500,5,1.0912520833333332,0.17961252764430258,0.028595833333333334,0.004705541521917829
15600,5,1.085026896551724,0.17699833663672518,0.028433793103448277,0.004638045627349877
15700,5,1.098835,0.208640090150479,0.028794615384615384,0.005467352727431609
15800,5,1.03967,0.15709414058740878,0.027244666666666664,0.004117781234943227
15900,5,1.024975,0.21136107261745243,0.02686,0.005539433183999965
16000,5,1.0719239999999999,0.1865724429627898,0.028090999999999998,0.004889188177446513
16100,5,1.1193603846153846,0.24986111046708762,0.02933269230769231,0.00654746702638039
16200,5,1.0215709677419356,0.21127492211736568,0.026771290322580646,0.0055370514066215674
16300,5,1.1530491304347827,0.1921344531338085,0.030216521739130437,0.005034783202604975
16400,5,1.036665588235294,0.23192696841882474,0.02716588235294118,0.006076616441711552
16500,5,1.1137733333333333,0.22984300331603164,0.029186666666666666,0.006022197550174964
16600,5,1.0546306666666667,0.22425737544375113,0.027637000000000002,0.005875912342953132
16700,5,1.0286148,0.21659918036394632,0.0269556,0.0056766268446440385
16800,5,1.057664,0.21013598985353305,0.027716666666666667,0.00550659750589727
16900,5,1.1207357692307693,0.249168085631737,0.02937,0.006530101990015163
17000,5,1.0212775862068966,0.25365551139650533,0.02676310344827586,0.006647445322102681
17100,5,1.1462792,0.19892476831539438,0.0300388,0.005212651532569581
17200,5,1.05976875,0.22600687860999333,0.0277715625,0.005922967384776741
17300,5,1.033406,0.21423733033328562,0.027081599999999997,0.005614681409780374
17400,5,1.1017240000000001,0.1669760813885093,0.028872000000000002,0.004376334003517651
17500,5,1.0581213043478261,0.18637534543116205,0.027728695652173913,0.0048843398217232135
17600,5,1.0461936666666667,0.2039072370649734,0.027416,0.0053440231519217675
17700,5,1.0829776,0.2246113954381359,0.028380000000000002,0.005885320013955629
17800,5,1.1195383333333335,0.15249392055905459,0.029338,0.003996283100668628
17900,5,1.0548638461538462,0.19764098791651338,0.027642692307692306,0.005178932366959281
18000,5,1.04713,0.19073583085364051,0.027439310344827585,0.004998053143142326
18100,5,1.0340407999999999,0.20124491624883342,0.0270972,0.005272905208073946
18200,5,1.0980382142857141,0.22281962775192835,0.028775,0.005839504354918414
18300,5,1.0013442857142858,0.18947995985950541,0.026241785714285714,0.004965665114207264
18400,5,1.189986551724138,0.17488109585568334,0.031184827586206894,0.004583187147989653
18500,5,1.0297204,0.2245539945365776,0.026983999999999998,0.005883979662326057
18600,5,1.0052836666666667,0.2077783328201962,0.026343666666666665,0.0054451234008583045
18700,5,1.0570715384615386,0.22380064406864086,0.027701153846153848,0.0058641441502903565
18800,5,1.0890013793103448,0.20959567964679277,0.02853655172413793,0.005492512615150393
18900,5,1.0366592592592592,0.22503421194472642,0.027165555555555557,0.00589822485246675
19000,5,1.1102403571428572,0.19317365128743516,0.02909392857142857,0.005063140834089065
19100,5,1.0708045833333333,0.22882119278900728,0.028059583333333332,0.00599651455225136
19200,5,1.080756551724138,0.2028677429170447,0.02832137931034483,0.005316365383107102
19300,5,1.0490378571428571,0.2246008462989422,0.02748964285714286,0.005886054128281374
19400,5,1.0763496551724139,0.2230550228960616,0.028205517241379312,0.005844897399934711
19500,5,1.0544569230769232,0.23313170723467422,0.027632307692307692,0.006109119286897126
19600,5,1.1133548275862069,0.2202445583504958,0.029175172413793103,0.005771779015600485
19700,5,1.017835925925926,0.22130964425540933,0.026673333333333334,0.0058002088821802866
19800,5,1.1130210344827587,0.1725062720049172,0.02916758620689655,0.004520915406018387
19900,5,1.0539272,0.23442615821263066,0.027618399999999998,0.006143423095745021
20000,5,1.0770478571428572,0.2182616415860347,0.028225,0.005718550386113471
20100,5,1.0907844,0.19773448045042624,0.0285856,0.005181903672075222
20200,5,1.0021676666666666,0.2038094460888834,0.026262999999999998,0.005341060304135668
20300,5,1.087637857142857,0.2043327769134556,0.028502499999999997,0.005355387474310333
20400,5,1.091596551724138,0.23580382229538452,0.028605172413793102,0.006178995307080764
20500,5,1.0605692,0.16707212606436375,0.027792400000000002,0.004378225744141872
20600,5,1.0638173333333334,0.1814872198584628,0.027878,0.004755199259757681
20700,5,1.0978620833333335,0.13857997831982505,0.02877,0.003631812339530391
20800,5,1.0310916666666665,0.19018738070619995,0.027021666666666666,0.004983241628341613
20900,5,1.1314895833333334,0.14083542132510146,0.02965,0.0036906014591709542
21000,5,1.0044512903225806,0.230530868760808,0.02632193548387097,0.006040688933863333
21100,5,1.1072733333333333,0.20693320011574975,0.029015833333333334,0.005423319147875234
21200,5,1.0795400000000002,0.17195828944934533,0.02829033333333333,0.0045071196424395455
21300,5,1.0739834615384616,0.20714697968239473,0.02814423076923077,0.005428326573136087
21400,5,1.044877,0.2288468865503595,0.027380333333333333,0.0059960800317479445
21500,5,1.0570353846153846,0.23252800095009227,0.02769923076923077,0.006092754991349592
21600,5,1.1136992857142858,0.2037642135906392,0.029185714285714287,0.005339739505764115
21700,5,1.0370973913043477,0.21973936998216348,0.027176521739130433,0.0057576949370509636
21800,5,1.0598596551724138,0.218184579550087,0.02777448275862069,0.005717568530544942
21900,5,1.1059353571428572,0.20576191605802013,0.02898107142857143,0.005392224401368048
22000,5,1.0433826666666668,0.21530517966979726,0.027343,0.005642644983852263
22100,5,1.0731808,0.1692152951104992,0.028122400000000002,0.004433979852607963
22200,5,1.0699386206896553,0.201152914643209,0.02803793103448276,0.005270317406618169
22300,5,1.0904842857142858,0.1587551861486753,0.02857607142857143,0.0041606475095125155
22400,5,1.027699,0.2100580932348199,0.026931,0.005505107565737914
22500,5,1.1120744,0.23627328405683107,0.0291424,0.006191021240473982
22600,5,1.0549158620689654,0.18726339663153688,0.02764413793103448,0.004906827253386987
22700,5,1.05305,0.15499593618328622,0.0275964,0.00406188059893444
22800,5,1.0682020689655172,0.22441892878179082,0.027992413793103445,0.005880633259857803
22900,5,1.1227391666666666,0.18340444620082663,0.029422083333333335,0.004806771472907113
23000,5,1.068722857142857,0.19689441872452285,0.02800607142857143,0.005159392254825509
23100,5,1.034313076923077,0.18556988662537316,0.027104999999999997,0.004862129780250626
23200,5,1.0738759999999998,0.20552247553239889,0.028140333333333333,0.005385900804068373
23300,5,1.0145495833333333,0.2551837188564037,0.02658708333333333,0.006687658639592047
23400,5,1.0790893333333333,0.17179312554857118,0.028277666666666666,0.004501591812967354
23500,5,1.0673439285714286,0.1935649207456092,0.027970714285714286,0.00507212493169789
23600,5,1.0516325,0.19439982233311878,0.027559285714285713,0.005094493707677548
23700,5,1.113758888888889,0.22144635932073992,0.029186296296296297,0.005802554575455503
23800,5,1.0602344827586208,0.20552435428480786,0.02778448275862069,0.005385033217968176
23900,5,1.0358430769230769,0.19904763025505692,0.02714461538461538,0.005216708717779233
24000,5,1.0795503448275863,0.15405816991556787,0.02829,0.0040369259875023015
24100,5,1.0674944000000002,0.21124834480771676,0.027974000000000002,0.005536112504878009
24200,5,1.1007935714285715,0.1846566855949728,0.02884607142857143,0.00483876732028873
24300,5,1.069496923076923,0.20812466949920624,0.028026923076923078,0.005453398037356721
24400,5,1.04459,0.21529650582726279,0.027374137931034485,0.005642973834298834
24500,5,1.1328315384615384,0.2360651954133401,0.029686153846153845,0.006186904930204167
24600,5,1.01707,0.23628801059300492,0.02665241379310345,0.006191837746566279
24700,5,1.0479355555555556,0.20228134693527408,0.027462962962962963,0.005301641846428921
24800,5,1.1014353333333333,0.1743906226072186,0.028863333333333335,0.0045700874007588415
24900,5,1.097166,0.21767486237122868,0.028751600000000002,0.005703204274791496
25000,5,1.0376693103448276,0.19175913140729134,0.027192758620689657,0.005025653402118633
25100,5,1.104802,0.17807914352425816,0.028951599999999997,0.00466582940108187
25200,5,1.0399896666666666,0.1855119310687336,0.027253333333333334,0.004862395701094573
25300,5,1.11044875,0.18893624142672186,0.029098749999999996,0.004951122237739994
25400,5,1.0400153571428572,0.15867441910290866,0.027255,0.004157724181613105
25500,5,1.0643274999999999,0.1750971870160282,0.02789142857142857,0.004588190730548827
25600,5,1.0575193103448277,0.18146711185562436,0.027712758620689656,0.0047559548361965015
25700,5,1.0862064,0.21931372509641675,0.0284636,0.005747740773556162
25800,5,0.9955630000000001,0.2091722924743273,0.026089333333333336,0.005480765698666398
25900,5,1.0678108,0.18204863200804342,0.027982,0.004770611421330953
26000,5,1.1036713333333334,0.16579166290201716,0.028922,0.004344690298870963
26100,5,1.0520007692307691,0.18816468769507366,0.02756923076923077,0.004930710231256284
26200,5,1.1341535714285713,0.2027735767031659,0.029722142857142857,0.005313888411785672
26300,5,1.021905,0.21785371616786375,0.02677928571428571,0.005710057357545108
26400,5,1.0310862962962963,0.22803324064618544,0.02702037037037037,0.005976324109145174
26500,5,1.129694074074074,0.18633064616963654,0.029603333333333332,0.004883136602320592
26600,5,1.0463820689655172,0.2270754258953762,0.027421034482758618,0.005951117148922296
26700,5,1.1027203703703703,0.19150255156929336,0.028896666666666664,0.005018367034435374
26800,5,1.071611724137931,0.2349451773145168,0.028083103448275862,0.0061561560962806496
26900,5,1.0437323076923077,0.22339268615257202,0.027351153846153848,0.005853281696226878
27000,5,1.120740344827586,0.1691833543501327,0.029369310344827586,0.0044331905078416976
27100,5,0.9680650000000001,0.19805194487700753,0.025368333333333336,0.00519036370231594
27200,5,1.1315506666666666,0.1750898678596978,0.02965166666666667,0.00458828198884892
27300,5,1.103592,0.20201814454399883,0.028919999999999998,0.005293996599923352
27400,5,1.00921,0.1682316756225135,0.026447333333333333,0.00440804901197276
27500,5,1.059106956521739,0.16256627642664787,0.027754782608695655,0.004260488522528008
27600,5,1.1265892857142856,0.1943617706833692,0.029522857142857146,0.0050932517861002865
27700,5,1.0447032142857142,0.20044179090483494,0.027377142857142857,0.005253192931811659
27800,5,1.0041120689655172,0.1920804903527111,0.026312758620689655,0.00503361691640154
27900,5,1.090594074074074,0.14264517523344042,0.02857925925925926,0.003737712099385364
28000,5,1.1202227586206897,0.16249790178637805,0.02935551724137931,0.004257712821798389
28100,5,0.9797711111111111,0.16594794337459084,0.025675185185185186,0.004349015246953455
28200,5,1.11299,0.219959026874788,0.02916642857142857,0.005763985384543192
28300,5,1.0211824,0.2496187231606101,0.0267604,0.006540752046464791
28400,5,1.0939527586206896,0.20991687298439546,0.028667931034482758,0.005501554572060484
28500,5,1.0683062068965516,0.18870783529826113,0.02799551724137931,0.004945191449570624
28600,5,1.0595289285714284,0.17583799210972553,0.02776535714285714,0.004608170266066369
28700,5,1.118323076923077,0.14819374639354335,0.029306153846153846,0.0038836869873078873
28800,5,1.0953714285714287,0.22241792265103574,0.02870392857142857,0.005829181595111194
28900,5,0.9693533333333334,0.2467040025711285,0.02540259259259259,0.006464649191857914
29000,5,1.1072762068965518,0.21101586334095146,0.02901620689655172,0.005530068078755
29100,5,1.0370803571428573,0.20411235276611647,0.027177142857142855,0.005349231067721137
29200,5,1.0874675862068965,0.22301162137647784,0.02849758620689655,0.005844631025365082
29300,5,1.0939769230769232,0.21489838050146826,0.028668846153846152,0.005631275753804339
29400,5,1.0485703333333334,0.24881182027142845,0.027478666666666665,0.006519232413740733
29500,5,1.1283883333333333,0.1729562551545952,0.02957041666666667,0.004532848685997021
29600,5,1.0429217241379312,0.2159858548620548,0.027329310344827586,0.005659708429538501
29700,5,1.050851304347826,0.22732644133500954,0.027537391304347826,0.005957896377834365
29800,5,1.1052796551724138,0.20111082771665187,0.028963793103448276,0.005269778671005008
29900,5,1.0121488888888888,0.21510610875947028,0.026522962962962963,0.005637468618241029
30000,5,1.0386485714285716,0.2108265475361956,0.027217857142857144,0.005524159300638965
30100,5,1.1459039285714285,0.17507550627888963,0.030028214285714283,0.004587340917472963
30200,5,1.0163486206896553,0.2290769064360598,0.02663344827586207,0.0060023253088532695
30300,5,1.1373765384615384,0.20708485317748004,0.029805769230769233,0.005427015513577917
30400,5,1.1045758620689654,0.1569698214743668,0.028945862068965517,0.004113617210159951
30500,5,1.0169916,0.21918568877552205,0.026650800000000002,0.0057431008755433385
30600,5,1.0558348275862068,0.18149989808381023,0.027669655172413793,0.004755654140643401
30700,5,1.053288620689655,0.18811753130355463,0.02760206896551724,0.004929633700757625
30800,5,1.113186551724138,0.1727426899068559,0.029171034482758623,0.004527652612263876
30900,5,1.0626126923076922,0.22722629714991507,0.027845,0.00595540443630825
31000,5,1.031877142857143,0.2579460837269155,0.02703964285714286,0.006758474231792184
31100,5,1.05722,0.24930025192006405,0.027704642857142858,0.006533707745588405
31200,5,1.0781826666666667,0.27843020538099983,0.028254333333333333,0.00729701341047443
31300,5,0.99978125,0.2284897741468399,0.026199166666666666,0.005987107828069203
31400,5,1.1222231034482757,0.22817898806330975,0.029408275862068966,0.005978936281985233
31500,5,1.0038204347826087,0.25914569753287897,0.02630608695652174,0.006790434273922287
31600,5,1.09854,0.2288120276558905,0.028787857142857143,0.005996376904334482
31700,5,1.0604850000000001,0.17738602469338374,0.027789583333333336,0.004649038684330967
31800,5,1.0645356666666668,0.24851857453210874,0.027897333333333333,0.00651258142226331
31900,5,1.0562834615384615,0.22166882171279398,0.02768076923076923,0.005809677390752038
32000,5,1.115466896551724,0.18592456145097916,0.029232068965517242,0.004871628782560703
32100,5,1.0613086206896551,0.22063409412619508,0.027811379310344827,0.005782515347480053
32200,5,1.0815213793103449,0.2217706249664945,0.028341724137931037,0.005811910227507893
32300,5,1.0327089285714286,0.2204428971552881,0.027062142857142858,0.005776145938665495
32400,5,1.0798455172413792,0.19358476988843576,0.02829862068965517,0.005073605877577133
32500,5,1.100367037037037,0.11923863270494489,0.028835185185185182,0.003124097864086122
32600,5,1.0795603448275861,0.1478366151118659,0.028291034482758624,0.003875048704604135
32700,5,1.0317446153846155,0.16702942392837905,0.02703807692307692,0.004378011438295491
32800,5,1.0649620689655173,0.17544859970493823,0.027908275862068968,0.004598130884986636
32900,5,1.047998,0.21507380880370652,0.0274636,0.005635964040576079
33000,5,1.1260693103448276,0.18480848190822213,0.029508620689655173,0.004843126000645459
33100,5,1.0411932,0.2452660828691974,0.0272852,0.0064276823972564175
33200,5,1.0495962962962964,0.24005006290592715,0.027504444444444442,0.006291056737289441
33300,5,1.0402616,0.22731941088257293,0.02726,0.005957347704026237
33400,5,1.1263674074074073,0.2125334900413903,0.029517777777777778,0.005569477487806148
33500,5,1.0394615384615384,0.18349682248349283,0.027239615384615386,0.004809332162177391
33600,5,1.09063,0.17538526102607707,0.028580714285714286,0.004596701658533664
33700,5,1.0547410714285714,0.21018884407333233,0.027640714285714286,0.005508351859825243
33800,5,1.0555724137931035,0.2663204834493205,0.027662413793103448,0.006978964134747268
33900,5,1.0326207142857142,0.264777924711041,0.02706,0.006939578384033727
34000,5,1.12418,0.18951675489303096,0.029459642857142858,0.0049664149691203445
34100,5,1.0152493103448277,0.23169548589737715,0.026605862068965515,0.006071099286926888
34200,5,1.1283221428571428,0.20750220060157765,0.029568214285714288,0.005437079181550976
34300,5,1.110972962962963,0.19013422804823593,0.029114444444444443,0.004982542858153186
34400,5,1.0568651724137932,0.1640588028643713,0.027695172413793104,0.004299345980735786
34500,5,1.0464346428571427,0.19749559658442542,0.02742357142857143,0.005175459338559173
34600,5,1.06444,0.20261622533837306,0.027893928571428573,0.005308915170824007
34700,5,1.0474911111111112,0.20060400878603016,0.02745,0.005256799991805485
34800,5,1.0861839285714285,0.22004989985168233,0.02846357142857143,0.005765393060568997
34900,5,1.0936392,0.19114524634249558,0.0286592,0.005009327899029969
35000,5,1.0070360714285713,0.20266470719702026,0.026389285714285716,0.005311328165186828
35100,5,1.0347968,0.25954204469475334,0.0271176,0.006800541816649612
35200,5,1.1112075862068966,0.2119597615056616,0.02912,0.005554607482596253
35300,5,1.0834169565217393,0.22093501289323608,0.02839086956521739,0.005789359293364681
35400,5,1.0955924137931035,0.16863022146221027,0.02871137931034483,0.004419300788374566
35500,5,1.0713175,0.24974547103186054,0.028073571428571427,0.0065450830933161345
35600,5,1.0561975862068964,0.17192981181399017,0.02767862068965517,0.004505845191159979
35700,5,1.0907488,0.1786911822185602,0.0285832,0.004683501823778157
35800,5,1.051628620689655,0.23641616156267656,0.027557241379310343,0.006194442726319711
35900,5,1.0243010714285714,0.22375141188611916,0.02684142857142857,0.005862425685723864
36000,5,1.083938275862069,0.22401787020664482,0.02840551724137931,0.005870331328083435
36100,5,1.0964385185185184,0.21152017542803195,0.028731481481481483,0.005542717122983375
36200,5,1.0435596551724138,0.206976803280719,0.027346896551724138,0.005424868071765351
36300,5,1.1057485714285715,0.20459708843940963,0.02897642857142857,0.005362543767781822
36400,5,1.0491692592592594,0.24165030390287795,0.027494074074074074,0.006333430993399088
36500,5,1.112792142857143,0.1974882637367513,0.02916142857142857,0.0051742923755139295
36600,5,1.0035210344827585,0.2143419606334172,0.026297586206896553,0.0056174254748520905
36700,5,1.0677908333333332,0.238054633917742,0.027982916666666666,0.006238386412866063
36800,5,1.0286024137931036,0.22719389383858224,0.02695551724137931,0.005954381691666168
36900,5,1.1080734615384615,0.2257316699790671,0.029037692307692306,0.005914066829309461
37000,5,1.0403435714285714,0.21419191516046027,0.027262142857142856,0.005612874326141482
37100,5,1.1070232,0.2203749977258461,0.029009999999999998,0.005773395881108447
37200,5,1.0898433333333335,0.2071332808193519,0.028560333333333333,0.005428104694523922
37300,5,1.0572672727272727,0.2087475354444037,0.02770590909090909,0.0054696675785566185
37400,5,1.0383767741935486,0.2080930837291667,0.02721096774193548,0.005453839842923338
37500,5,1.1341769230769232,0.17254648050352653,0.029722692307692308,0.0045217948274483295
37600,5,1.063033448275862,0.2015236281126477,0.027856896551724138,0.005281481193383075
37700,5,1.0302103571428571,0.2293024080809436,0.0269975,0.006008040060649593
37800,5,1.0678924137931034,0.15956664869611184,0.0279848275862069,0.00418122813527459
37900,5,1.0578653571428571,0.20954195196475828,0.027720714285714286,0.0054902539431057615
38000,5,1.1132796428571428,0.21546038820408017,0.029174285714285715,0.005646478042613315
38100,5,1.0782996153846154,0.17938246093708868,0.02825730769230769,0.004699535770854229
38200,5,1.0329010344827585,0.19643216008777373,0.027067241379310346,0.005148258302260876
38300,5,1.0969529166666667,0.2358883332994138,0.028747916666666668,0.006181765597771975
38400,5,1.0213776666666667,0.253696809470965,0.026764999999999997,0.006647654888548396
38500,5,1.0783916,0.24117880695105312,0.028260399999999998,0.0063203582968056485
38600,5,1.0937931034482757,0.26991259938706413,0.028662758620689652,0.007072940839440593
38700,5,1.0566407407407408,0.20184593141849408,0.02768888888888889,0.005289296400302824
38800,5,1.1178784615384616,0.12270000298915426,0.029294615384615384,0.00321519048365005
38900,5,0.9713700000000001,0.24446878510938186,0.0254548275862069,0.006405821359563533
39000,5,1.1406620689655171,0.17240428610389907,0.029892068965517243,0.004517580246192443
39100,5,1.049078,0.20137068789093085,0.027491599999999998,0.005277383884716619
39200,5,1.0538653571428571,0.19428187993283907,0.027617142857142857,0.00509024183165809
39300,5,1.0794451999999999,0.17728607115619657,0.0282876,0.0046449293859002865
39400,5,1.0237451724137931,0.21687079021226124,0.026827586206896552,0.005683765511884587
39500,5,1.096155172413793,0.1581714534389974,0.028725172413793104,0.004144660610515013
39600,5,1.0997331034482758,0.15182569994906864,0.028818620689655173,0.003978788153749053
39700,5,1.0937625925925927,0.17495435060856898,0.02866185185185185,0.004584223814039623
39800,5,1.1042167857142857,0.17253243581368766,0.02893607142857143,0.004521351272356785
39900,5,1.0356103846153846,0.23612625576129,0.027139615384615384,0.006188499321011019
40000,5,1.0051004000000001,0.19755178294732417,0.0263388,0.005177082769282329
40100,5,1.1437072413793103,0.1324039182063882,0.02997137931034483,0.0034704648969533206
40200,5,0.9924246428571429,0.20364402306352464,0.026005714285714288,0.005336525037034818
40300,5,1.1272246153846153,0.1793159426538704,0.02953923076923077,0.004698819360713432
40400,5,1.0422753125,0.1930692465944392,0.0273125,0.005059336944954412
40500,5,1.0417372,0.19376560441505955,0.0272992,0.005078385504600191
40600,5,1.0914927586206895,0.23021187286150976,0.02860344827586207,0.006032875573449951
40700,5,1.0730637037037036,0.14961151748003246,0.02811962962962963,0.003921614151068097
40800,5,1.0356766666666666,0.1935849792786074,0.027140666666666664,0.005072555591601244
40900,5,1.103808,0.20842981176725495,0.028925999999999997,0.005461403207967711
41000,5,1.063704074074074,0.20184064384976236,0.027875555555555556,0.005289902088183118
41100,5,1.1118033333333333,0.19748271396601935,0.029135555555555557,0.005174036018230712
41200,5,1.0795453571428573,0.19224870519203993,0.02829,0.005036926605543268
41300,5,1.076557037037037,0.21593119803120364,0.02821,0.005659109062795608
41400,5,0.94648,0.2442462873291508,0.024803214285714286,0.006402095174163502
41500,5,1.0887092307692308,0.24678338900214608,0.028529615384615386,0.006467556249941226
41600,5,1.054365172413793,0.23936853759453808,0.027630000000000002,0.006273018753814967
41700,5,1.1625339285714287,0.18188971264333828,0.030465714285714287,0.004765308608848553
41800,5,1.0898160714285714,0.21277738919034922,0.028558928571428572,0.005575941268677966
41900,5,1.0294961538461538,0.18306580757917462,0.026978461538461538,0.004797786733324183
42000,5,1.0756844827586207,0.1716374839926583,0.028188965517241378,0.00449707948469066
42100,5,1.0662884615384616,0.21053581539856459,0.027942692307692307,0.005516308590129675
42200,5,1.045234827586207,0.22274472274686188,0.027390689655172412,0.005837075424164842
42300,5,1.0718328571428573,0.18565333029814912,0.028089285714285712,0.0048666034459907545
42400,5,1.0355640740740741,0.25964414288168247,0.027137407407407405,0.0068051725760023005
42500,5,1.0652834615384614,0.26731446057319547,0.02791576923076923,0.007005520207994221
42600,5,1.0925789285714285,0.19709460693787315,0.02863107142857143,0.005163792992441028
42700,5,1.05364375,0.2339206569091416,0.027612083333333332,0.006129840752003884
42800,5,1.0740319999999999,0.1956013927635345,0.02814566666666667,0.005125804013187512
42900,5,1.0531833333333334,0.22154878841048498,0.02759851851851852,0.005806676994701679
43000,5,1.0759755555555555,0.17403554551459913,0.028195925925925926,0.00456178546291763
43100,5,1.1020722222222221,0.22031867659463256,0.02888074074074074,0.005774091953869275
43200,5,1.079323448275862,0.2307468863940354,0.02828448275862069,0.006045902145968019
43300,5,1.0331755555555555,0.1922472547034824,0.027075555555555558,0.005038293616305283
43400,5,1.1327488461538462,0.20113936498511517,0.02968423076923077,0.005271568398931704
43500,5,1.0423981481481481,0.1643167164125203,0.027317037037037036,0.004305706244950563
43600,5,1.0649939285714285,0.20305169393511754,0.027907857142857144,0.005320905908070512
43700,5,1.0503955172413793,0.24226984868686946,0.027526896551724137,0.006347894534775333
43800,5,1.0889378571428572,0.2054423498184875,0.028536071428571428,0.0053837343086207455
43900,5,1.0181725,0.2156375587539665,0.02668142857142857,0.0056509374602710105
44000,5,1.112115,0.22668609700216308,0.029144285714285713,0.005940535222533297
44100,5,1.042393076923077,0.24419374605864472,0.02731653846153846,0.006398260352506884
44200,5,1.0943639285714286,0.2178472537648423,0.028677857142857144,0.005708718061418159
44300,5,1.031914074074074,0.1904980546288568,0.027041111111111113,0.004991169381504878
44400,5,1.0861268965517241,0.2151896374314567,0.028461724137931032,0.005638825909306651
44500,5,1.1013192,0.21987705708569655,0.02886,0.005760918618877838
44600,5,1.0474727586206896,0.1742147014646122,0.02744965517241379,0.004564708942965602
44700,5,1.0763243478260869,0.1870419226908062,0.02820608695652174,0.004901604319116934
44800,5,1.0215376666666667,0.2065777477865772,0.026770333333333333,0.005413314035835601
44900,5,1.0782082142857143,0.17798266902839419,0.028255357142857145,0.004664911957521661
45000,5,1.0909742307692307,0.18552494549624488,0.028588846153846156,0.004861897018179697
45100,5,1.0478860714285714,0.20783057926250245,0.02746035714285714,0.005446913146974884
45200,5,1.1104185185185185,0.1718061823841421,0.02909888888888889,0.004502474818050566
45300,5,1.0549524137931034,0.1975268512968585,0.02764551724137931,0.005176435333182545
45400,5,1.0602960714285714,0.23111002361933164,0.02778464285714286,0.006056694173571035
45500,5,1.0689825925925927,0.18846153871225066,0.028012222222222223,0.004938128992717581
45600,5,1.0428731034482759,0.21295074776146594,0.027329655172413793,0.005578892288130465
45700,5,1.1161460714285714,0.20306657434774444,0.029249999999999998,0.005322244722754572
45800,5,1.0926551851851851,0.20254958096476736,0.028633703703703703,0.005307855678975447
45900,5,1.02327,0.17872093992217775,0.026816,0.004684320477223279
46000,5,1.1020975862068967,0.22392374879880067,0.028880344827586207,0.005868279428271617
46100,5,0.9635676923076922,0.23458569668771698,0.025250384615384616,0.006146736031924085
46200,5,1.0949479310344827,0.22273470969453635,0.02869344827586207,0.0058367378828674925
46300,5,1.0973577777777779,0.1430891933599818,0.028756296296296297,0.0037493354776835493
46400,5,1.0785334482758622,0.2143162580872993,0.028264137931034484,0.005616639512098581
46500,5,1.0596746428571429,0.19440589580074455,0.027769642857142857,0.005095069135679565
46600,5,1.0541172,0.2075860846235444,0.027624,0.005439852939188705
46700,5,1.1403092592592594,0.19651762318557364,0.02988259259259259,0.00514986750583307
46800,5,0.9786857142857144,0.22170342863799217,0.02564642857142857,0.00580967852383112
46900,5,1.1030535714285714,0.20024660554230858,0.028905714285714285,0.005247979807839589
47000,5,1.0775857142857144,0.22221774950657558,0.028239285714285713,0.005823234387362295
47100,5,1.0590058620689655,0.22979558023720076,0.027751034482758622,0.006021625519045967
47200,5,1.0635782142857144,0.19312895856767276,0.02787,0.005059949494697441
47300,5,1.0866438461538461,0.20600589341233752,0.02847615384615385,0.005398972551827303
47400,5,1.08597,0.18322232800227006,0.02845793103448276,0.00480038047547896
47500,5,1.1053611538461539,0.18619149057520157,0.02896653846153846,0.004879451561237342
47600,5,1.0372632142857143,0.1964821948780615,0.0271825,0.005148549328226853
47700,5,1.0270988461538462,0.20791789820651652,0.026915769230769233,0.005448469269860607
47800,5,1.0882733333333332,0.23526377360152745,0.028517777777777777,0.006164919572332906
47900,5,1.0809972,0.18448371069735855,0.028329200000000002,0.004834344940113397
48000,5,1.0809872413793102,0.14646357699092077,0.028328620689655172,0.003837069868065188
48100,5,0.9848961538461538,0.17469730406796605,0.025809615384615386,0.0045768665969365815
48200,5,1.1203907692307693,0.17239629404190976,0.02936,0.0045176268106163885
48300,5,1.0611348148148148,0.18206428806183925,0.02780814814814815,0.004772073438274488
48400,5,1.0588589655172413,0.19786191814612294,0.02774793103448276,0.005183978325647994
48500,5,1.0985248275862067,0.1621088834179205,0.028786896551724138,0.004248626755828854
48600,5,1.0170882142857143,0.24501210889280664,0.026652857142857145,0.00642094019718865
48700,5,1.1060075,0.1947895224226708,0.028982916666666667,0.005104408562738912
48800,5,1.1067570967741935,0.15475472103070173,0.029001612903225806,0.004054274367277243
48900,5,1.0137040740740741,0.16825967708504477,0.026564074074074077,0.004409891206803229
49000,5,1.1013744827586207,0.21251769298756895,0.02886137931034483,0.005569066172129458
49100,5,1.0203266666666666,0.22516499302648135,0.026737777777777777,0.0058994291336165825
49200,5,1.1088237931034484,0.17376393899717169,0.02905655172413793,0.004554200004910749
49300,5,1.0372596296296297,0.2344691829919968,0.02718259259259259,0.006145085336199473
49400,5,1.1124860714285714,0.23900145524644953,0.02915392857142857,0.006264119659283347
49500,5,1.0699360714285715,0.21652540795805494,0.0280375,0.005674434300406484
49600,5,1.0126307407407407,0.22323677064646177,0.026535555555555555,0.005850882466861356
49700,5,1.0201564,0.17492869994848378,0.0267332,0.0045836218575852575
49800,5,1.1013379310344829,0.21599563582527892,0.02886137931034483,0.005660497658672987
49900,5,1.11968125,0.2288546896350057,0.02934166666666667,0.0059966894248385935
50000,5,1.0764651851851852,0.20577960952231564,0.028208148148148145,0.005392606788669834
50100,5,1.0517046428571428,0.20304737577959198,0.02756,0.005321275953920992
50200,5,1.0516525925925926,0.18311481208399938,0.02755925925925926,0.0047980628510376055
50300,5,1.0843155555555557,0.2087839741000866,0.028415555555555555,0.005471699450060728
50400,5,1.0464744827586208,0.1773436251137122,0.02742310344827586,0.004647546283061844
50500,5,1.116466551724138,0.17594845016724686,0.02925689655172414,0.004611027235604632
50600,5,1.0152825925925926,0.22096880370824007,0.026604814814814817,0.005791509282741397
50700,5,1.1202339285714287,0.17950539608807153,0.02935607142857143,0.004705410077209956
50800,5,1.0398431034482758,0.22250838648887328,0.027249655172413793,0.00583044379758928
50900,5,1.0601518518518518,0.23281328773598545,0.02778074074074074,0.00610061341551684
51000,5,1.0823744827586208,0.22295870477009544,0.028363793103448276,0.0058430724634226374
51100,5,1.0297218518518518,0.1869173781285163,0.026984444444444446,0.004897962161280274
51200,5,1.0829482142857143,0.18401118343738365,0.028378571428571427,0.0048215609231295345
51300,5,1.0822503571428572,0.24416070048808158,0.028361071428571426,0.00639749623437037
51400,5,1.0414988461538461,0.22090310616787479,0.027292307692307692,0.005788893025573927
51500,5,1.0629120689655172,0.21495845376622544,0.027854482758620687,0.0056338908061626045
51600,5,1.0832418518518518,0.191431825222394,0.028387037037037037,0.005016125393180873
51700,5,1.0178049999999998,0.23083134510976877,0.02667142857142857,0.006049048112619297
51800,5,1.093074074074074,0.19500594618664363,0.028644444444444445,0.005110352489222497
51900,5,1.1289144,0.22451215024804339,0.0295832,0.005882263396573352
52000,5,1.0630688888888888,0.17500618844735694,0.02785777777777778,0.004586522340454387
52100,5,1.0760956,0.20331442105517258,0.0282,0.005328508234018222
52200,5,1.0639625925925926,0.17365471126065063,0.02788037037037037,0.004550322458126949
52300,5,1.0051467857142857,0.19560587469503993,0.02634142857142857,0.005126182403284731
52400,5,1.1249910714285714,0.22103337263256886,0.029480714285714284,0.005792449701548866
52500,5,1.0329,0.18735433095760404,0.027068275862068968,0.004909634165135725
52600,5,1.0509960714285713,0.19934207487966019,0.02754107142857143,0.00522347644935164
52700,5,1.163868275862069,0.17707138183449725,0.030500000000000003,0.004639597427117388
52800,5,1.000128275862069,0.2054871161423329,0.026209310344827586,0.0053843078418642255
52900,5,1.049682142857143,0.20815713052362797,0.02750714285714286,0.005455418548048494
53000,5,1.0940827586206896,0.15827395938905947,0.02867137931034483,0.004147810716973758
53100,5,1.0592392307692307,0.19507891350780235,0.02775846153846154,0.005111910556578777
53200,5,1.093297142857143,0.25021946773978004,0.028650000000000002,0.006558053573025052
53300,5,1.0462903448275862,0.20942343560838572,0.02741862068965517,0.005487933988135069
53400,5,1.1118722222222222,0.18874407176290608,0.029137407407407407,0.004947072632914099
53500,5,1.09402,0.2045781155112977,0.02866925925925926,0.00536154249183366
53600,5,1.0159327586206897,0.20576445732745277,0.02662344827586207,0.005392949945373172
53700,5,1.0624358333333335,0.15574642414533305,0.027841666666666667,0.0040814220312412495
53800,5,1.0505681481481481,0.22445735402790434,0.02753148148148148,0.005881352999558274
53900,5,1.1254739285714286,0.16021817276449857,0.029494285714285716,0.004198179877722521
54000,5,1.011146153846154,0.2385437727894304,0.026498076923076923,0.006251412652660689
54100,5,1.0752335714285715,0.22234576763854197,0.028176785714285717,0.005827500610020419
54200,5,1.1024585185185185,0.19937452137784278,0.028890370370370372,0.0052235233330957765
54300,5,0.9653446153846154,0.1668085296195796,0.025297692307692306,0.004371191423575323
54400,5,1.1346182142857144,0.16189658944669252,0.029733214285714286,0.004242617163594354
54500,5,1.0713042857142858,0.1856090398586466,0.028074285714285715,0.004864271426219604
54600,5,1.0637992857142857,0.17427763554547887,0.027877142857142857,0.004566495420262723
54700,5,1.0658951851851852,0.19109856040133943,0.027932592592592592,0.005008182222502409
54800,5,1.0714775862068966,0.21496334932885605,0.028078275862068968,0.0056334822198336855
54900,5,1.0858581481481482,0.22159878694886395,0.028455925925925926,0.0058067237282171825
55000,5,1.0290672413793103,0.21060182623507043,0.02696689655172414,0.005518913650508892
55100,5,1.0583796153846152,0.2141116616063827,0.02773653846153846,0.005611395507221135
55200,5,1.0820717857142856,0.16798443916147957,0.028355357142857144,0.004401657501057274
55300,5,1.0945303846153847,0.18324853860221135,0.028683076923076922,0.0048028023230033265
55400,5,1.0729839285714287,0.2155376636905483,0.028117142857142858,0.0056487283768236075
55500,5,1.0615986206896553,0.18671748706696165,0.027819655172413794,0.004893148623154202
55600,5,1.0139757142857142,0.21837664836543938,0.02657107142857143,0.005722463429189627
55700,5,1.0829246153846155,0.1985050292003861,0.028378846153846154,0.0052014846549215754
55800,5,1.0844471428571427,0.2158735406540073,0.028417500000000002,0.005656531868360486
55900,5,1.0740017857142858,0.20113172694923595,0.028144642857142858,0.005270073077111477
56000,5,1.0727546428571428,0.18179806574129198,0.028111428571428572,0.004763450907720636
56100,5,1.0532734615384616,0.18297401627427448,0.027601923076923076,0.0047952735223182165
56200,5,1.0576935714285713,0.18610064768359613,0.02771642857142857,0.00487599578759405
56300,5,1.0718918518518519,0.24069119925806368,0.028089629629629628,0.0063066292846871
56400,5,1.1150522222222223,0.1961770918629259,0.029220370370370372,0.005141222154523694
56500,5,1.074781379310345,0.22816317446893972,0.028164482758620688,0.005978986766887907
56600,5,1.011608275862069,0.24748317869343542,0.026509310344827584,0.006485454566640691
56700,5,1.0722040740740741,0.19793319176427768,0.028097037037037035,0.0051867314554431285
56800,5,1.1135989655172414,0.17845970322146013,0.02918241379310345,0.004676853838068932
56900,5,1.0372995833333334,0.20020270891359232,0.027183333333333334,0.005246073203642036
57000,5,1.028825,0.1848983039169892,0.026960666666666668,0.004845583081766202
57100,5,1.128845185185185,0.14935619794433527,0.029582962962962964,0.00391379101562157
57200,5,1.0614311538461538,0.23561660592287498,0.02781576923076923,0.006174359350136286
57300,5,1.1036917857142856,0.18783892733568033,0.028922857142857143,0.004922079398838016
57400,5,0.9782993103448276,0.24162904127033588,0.025637241379310345,0.006332347170651272
57500,5,1.123041923076923,0.2376590617168928,0.029429999999999998,0.0062273724796257385
57600,5,1.0781410344827587,0.18736374379312914,0.02825206896551724,0.00490941761116206
57700,5,1.0614146153846153,0.16132406330689214,0.027814230769230768,0.0042268439035071294
57800,5,1.109776923076923,0.1639613086741926,0.029081923076923075,0.004296867714259558
57900,5,1.0413685185185184,0.1978758114168446,0.02728925925925926,0.0051854418444822175
58000,5,1.0408817857142858,0.2450860994902807,0.02727607142857143,0.0064227035609426995
58100,5,1.0973644444444444,0.2256867833002417,0.02875703703703704,0.005914521773251647
58200,5,1.0572786206896552,0.24733773852372304,0.027706551724137933,0.006481224132535277
58300,5,1.0912922222222223,0.2583788019009975,0.028598518518518516,0.006771098481330385
58400,5,1.044238888888889,0.2362498697978206,0.027364444444444445,0.006191336585742105
58500,5,1.0876367857142857,0.2010167291555527,0.02850142857142857,0.005266411185284224
58600,5,1.094864642857143,0.21263530049920268,0.02869107142857143,0.0055723858440266845
58700,5,1.0993522222222223,0.2081259126906915,0.028808518518518518,0.005453771950680416
58800,5,0.9502337931034482,0.2572170865577196,0.0249,0.00674084829337419
58900,5,1.1047951851851852,0.19227167544849677,0.02895148148148148,0.00503875725192975
59000,5,1.1009448275862068,0.19821260815852493,0.028849310344827586,0.005194409034883072
59100,5,1.1173139285714286,0.18247232129709495,0.029279642857142855,0.00478167062247066
59200,5,1.0214048275862069,0.23441539812022175,0.02676655172413793,0.006142520001631524
59300,5,0.9971296,0.24043335536207672,0.02613,0.006300396151565922
59400,5,1.07059,0.2022034423270012,0.028055357142857142,0.005299550282906862
59500,5,1.06618375,0.2255434920906753,0.027939166666666668,0.005910213647772714
59600,5,1.1076562068965519,0.2611454432114383,0.02902655172413793,0.006843907757927103
59700,5,1.0938292857142857,0.16994340966439322,0.02866535714285714,0.004452656703539666
59800,5,1.029952142857143,0.23531003091047764,0.026990714285714285,0.006166915867980634
59900,5,1.0066603846153845,0.24037541662126383,0.026379615384615383,0.006298006339005531
60000,5,1.097085925925926,0.2069360231357148,0.02875074074074074,0.00542281641693114
60100,5,1.092512857142857,0.22740368780776493,0.028629285714285715,0.00595952640957778
60200,5,1.0932260714285715,0.21937747116412173,0.02864892857142857,0.005748997554669673
60300,5,1.0306403846153847,0.21031351921321217,0.027008076923076923,0.005510458434091138
60400,5,1.0776320689655172,0.22006883647718875,0.02823965517241379,0.00576771338868274
60500,5,1.0726717857142858,0.20067332663465526,0.028109642857142857,0.0052592863071254685
60600,5,1.1045635714285713,0.18674062223892232,0.028945714285714286,0.004893486546626094
60700,5,1.0365335714285713,0.17721457433615004,0.0271625,0.004643655668001554
60800,5,1.1034507142857142,0.21328376842494362,0.028916071428571426,0.005588992050706204
60900,5,0.9745840740740741,0.24983584805072526,0.02553888888888889,0.006547706194558246
61000,5,1.166514827586207,0.2125014849968397,0.030569655172413793,0.005567864737400698
61100,5,1.024306923076923,0.2168676679409677,0.026841923076923076,0.005683638988697836
61200,5,1.0715339285714287,0.17625168557826584,0.028080714285714285,0.004619255935410529
61300,5,1.072164074074074,0.23421101352378898,0.028097777777777777,0.006136733241048927
61400,5,1.0594396153846153,0.17750355846530555,0.027763846153846153,0.004651865068484319
61500,5,1.0878385714285714,0.218202110841443,0.028506785714285714,0.0057189432160091
61600,5,1.0769457142857142,0.179766696632022,0.02822214285714286,0.004710270383953251
61700,5,1.0257796428571428,0.22619737155826486,0.026881785714285712,0.005927545900018438
61800,5,1.0903214285714287,0.19737539393555856,0.028572857142857143,0.005172195505702229
61900,5,1.062636153846154,0.1990921170328333,0.027846538461538464,0.005216842679098302
62000,5,1.1046225,0.17009611094524074,0.0289475,0.004457432727673983
62100,5,1.077526551724138,0.21571329934952121,0.02823758620689655,0.0056526432850812726
62200,5,1.0729755172413793,0.2074151386296541,0.028118275862068966,0.005435056885604206
62300,5,1.0042872413793105,0.20958192261017017,0.02631758620689655,0.005491530917937192
62400,5,1.077228888888889,0.2354774551569205,0.02822962962962963,0.006170529513172632
62500,5,1.068905925925926,0.18494950384152176,0.028011481481481484,0.00484656476573769
62600,5,1.0807725,0.1933116523211886,0.028322142857142855,0.005065218621396285
62700,5,1.0984193103448276,0.21072972851042826,0.028784827586206894,0.005522239853983719
62800,5,1.0173396551724136,0.24514517479419587,0.026659655172413792,0.006424964414997966
62900,5,1.1104562500000001,0.20248155711640156,0.029099166666666666,0.005306184182603366
63000,5,1.036566551724138,0.20786050312436294,0.027164482758620687,0.005447542425067142
63100,5,1.0752237037037038,0.2179122755949874,0.028176296296296297,0.005710021654376391
63200,5,1.0818425925925925,0.2164088294550314,0.02834962962962963,0.005671973934979631
63300,5,1.1058893103448277,0.16952403478839206,0.028978965517241377,0.00444183065930156
63400,5,1.0295819230769232,0.2218246396596957,0.026980769230769232,0.00581283333535509
63500,5,1.0165558620689654,0.2581984668472414,0.026639655172413793,0.006766424188995154
63600,5,1.1288896428571429,0.21177603178973883,0.029583214285714286,0.005549956992540358
63700,5,1.0823896153846155,0.19642072317310652,0.028364615384615384,0.005146919257784588
63800,5,1.0457137931034484,0.2100553865295973,0.027403793103448277,0.0055053586971455775
63900,5,1.0990232142857141,0.22029233320082542,0.02880142857142857,0.005773016230889742
64000,5,1.0248756,0.2091748034754664,0.026857600000000002,0.005482489762872338
64100,5,1.0583485714285714,0.20933811236077504,0.02773535714285714,0.005485650967240946
64200,5,1.1149762068965519,0.21264154667981572,0.02921862068965517,0.00557251464404788
64300,5,1.024375925925926,0.22102485259249188,0.026843333333333334,0.0057923703132788254
64400,5,1.1133710714285714,0.15156625991048922,0.029176428571428572,0.0039716795722135765
64500,5,1.0386203846153845,0.21800201970588748,0.027216538461538462,0.005712361292710881
64600,5,1.0587859259259258,0.16526648201894234,0.027745185185185185,0.0043313484934925026
64700,5,1.084995,0.27906556108105046,0.028433214285714287,0.007313939027673739
64800,5,1.0643589655172414,0.23155803581923703,0.02789206896551724,0.0060681965897799285
64900,5,1.1263696153846152,0.19595852805082548,0.02951730769230769,0.005135752764837736
65000,5,0.9915996296296297,0.22137763281640718,0.025984444444444445,0.005801793710259808
65100,5,1.064995185185185,0.19840963880840007,0.027908148148148147,0.005198488713105463
65200,5,1.0804544444444444,0.17500636540804262,0.028313703703703702,0.004586896175434597
65300,5,1.0732827586206897,0.2328638878170273,0.028125862068965515,0.006101887013306023
65400,5,1.0588920689655172,0.22436919529107938,0.027749310344827586,0.005879459967326009
65500,5,1.1055510714285715,0.20336182709897094,0.02897214285714286,0.0053295989406075255
65600,5,1.0432185714285713,0.22248105951367647,0.027337499999999997,0.005830416175349558
65700,5,1.0631053846153846,0.22758052885483449,0.02785884615384615,0.005963433458619675
65800,5,1.1276378571428571,0.18014646531533296,0.02955,0.004720560230405803
65900,5,1.0442500000000001,0.21239738395543178,0.027365,0.005565843917908453
66000,5,1.0715210344827586,0.17972705808977654,0.028079655172413794,0.004710538703465591
66100,5,1.0767371428571428,0.18896063120949283,0.028215714285714285,0.004950869305314661
66200,5,1.0277011538461538,0.2525096282730926,0.026931538461538465,0.006616888508843227
66300,5,1.1115196,0.20966489963113358,0.0291272,0.0054937733844781025
66400,5,1.0514203448275863,0.18229257218788933,0.02755344827586207,0.004776422208442265
66500,5,1.076888888888889,0.2142387089625699,0.02821962962962963,0.005614252112314409
66600,5,1.0843917857142857,0.22641578699462814,0.028417500000000002,0.005933087775817542
66700,5,1.0119642307692307,0.22752621305112214,0.02651884615384615,0.005963511265637436
66800,5,1.1005535714285715,0.20899549898067157,0.028841428571428573,0.005476698596164255
66900,5,1.0444531034482758,0.21895941664256688,0.02737103448275862,0.005738145136358206
67000,5,1.0669511111111112,0.2349114550426531,0.02796037037037037,0.006155515026556693
67100,5,1.035225,0.2134569827684084,0.02712892857142857,0.005593742760333468
67200,5,1.1488362962962964,0.1620370246187378,0.03010592592592593,0.004245711192811345
67300,5,0.9894817857142858,0.23686364836951096,0.025929642857142856,0.0062076013630499565
67400,5,1.1003475862068965,0.19469083294611286,0.028835172413793103,0.005101945441754585
67500,5,1.0755165517241378,0.20145983648423868,0.028185172413793105,0.005278632547957347
67600,5,1.0462207142857143,0.2229404141440716,0.02741642857142857,0.005842642866150185
67700,5,1.057925,0.2337766850008786,0.027723076923076923,0.0061270337157425655
67800,5,1.0781960714285714,0.18152565239267784,0.028254285714285714,0.004756989733303124
67900,5,1.055243076923077,0.21834910888335185,0.02765269230769231,0.005722510328652842
68000,5,1.1523120689655173,0.21201671816458445,0.030196551724137932,0.005555412596135454
68100,5,1.039045,0.23163469448681473,0.027228461538461538,0.006069600113554561
68200,5,1.081619642857143,0.2217178165627409,0.028344285714285714,0.005809648697590757
68300,5,1.0221196296296295,0.17854696965486283,0.026785185185185186,0.004679249093580301
68400,5,1.0931044444444444,0.18312500518946348,0.028645925925925925,0.004798412605514821
68500,5,1.000765,0.2372763291638706,0.026225714285714286,0.006217820523583167
68600,5,1.1362515384615386,0.2170094816673651,0.02977730769230769,0.005687107917170066
68700,5,1.1055385714285715,0.23274289841120083,0.02897142857142857,0.006099708380573805
68800,5,1.0855317857142857,0.19028022458222896,0.02844642857142857,0.004985435984713069
68900,5,0.9681485714285714,0.23604544053610443,0.025370714285714285,0.006186745047738292
69000,5,1.1113853571428571,0.18146803631375807,0.029123571428571426,0.004755467975013149
69100,5,1.1162755555555555,0.1366742086505586,0.02925222222222222,0.003580785617853384
69200,5,1.0351289285714285,0.17687170909047978,0.027126428571428572,0.004634877611781187
69300,5,1.0014046153846154,0.23902942821720957,0.026243076923076925,0.006263761661641203
69400,5,1.0886379310344827,0.19603072782783162,0.028528620689655174,0.005137175241134772
69500,5,1.129845,0.15857201064267068,0.02960857142857143,0.0041554290363559915
69600,5,1.0271451999999999,0.19571325768668132,0.0269176,0.005128324352716652
69700,5,1.083541724137931,0.22146675140766398,0.028394827586206896,0.005803597173114554
69800,5,1.0363025000000001,0.2242113342300568,0.027156785714285713,0.005876550420209959
69900,5,1.0327870370370371,0.24354039010800677,0.027065185185185185,0.006382100191081526
70000,5,1.1381355172413792,0.20097310938790872,0.029826206896551723,0.0052662343647274625
70100,5,1.086488148148148,0.2122567976448311,0.028471481481481483,0.005561831258818175
70200,5,1.0571561538461538,0.1621897491970913,0.027703076923076924,0.004249878839901927
70300,5,1.0660467857142857,0.17739070711502114,0.027936428571428574,0.004648957839635567
70400,5,1.0580962962962963,0.20639115570921576,0.02772777777777778,0.005408488579811251
70500,5,1.1004286206896552,0.16748450791308045,0.028837241379310347,0.004389790831782082
70600,5,1.0405418518518519,0.20941884403927558,0.02726814814814815,0.005487849541723298
70700,5,1.0735493103448275,0.216181327823444,0.028133793103448275,0.005665327133281324
70800,5,1.0467118518518517,0.20403689613621423,0.02742962962962963,0.005346057844144082
70900,5,1.0934004,0.2086225107796376,0.0286528,0.00546686497607785
71000,5,1.0406010344827588,0.21354721224967074,0.027269310344827588,0.0055961848809412
71100,5,1.0677851851851852,0.2092219366416432,0.02798185185185185,0.005482841793363559
71200,5,1.082531111111111,0.20685713424288632,0.028367037037037038,0.005420957064815724
71300,5,1.0286624137931033,0.1975125084765008,0.026956206896551725,0.005175002701029732
71400,5,1.0763781481481483,0.1934939746236805,0.028206666666666668,0.005070253369484531
71500,5,1.1328825,0.1946481912013645,0.029687857142857144,0.005100783060539612
71600,5,1.0500934482758622,0.22340432164696786,0.027517586206896552,0.005854417535485742
71700,5,1.0310775,0.22078149227359514,0.02702,0.005785896006029886
71800,5,1.0784551851851851,0.18386141993716498,0.028260740740740743,0.004817440212335822
71900,5,1.0590125925925926,0.22048940101148753,0.02775148148148148,0.005777128448062507
72000,5,1.072971153846154,0.19117123639976644,0.02811730769230769,0.0050101078293324644
72100,5,1.0781217857142857,0.2207810392934772,0.028252857142857142,0.005785653941810858
72200,5,1.0673961538461538,0.2386937108191487,0.02797076923076923,0.006255572186827946
72300,5,1.1256803448275863,0.17244541729575022,0.029498620689655173,0.0045186310538685515
72400,5,0.9668525,0.20034919847744728,0.025337142857142857,0.005250678867673072
72500,5,1.140723076923077,0.19687913398365472,0.029893076923076925,0.005158959406105668
72600,5,1.065963448275862,0.1330365366644995,0.027932758620689658,0.0034866694060088385
72700,5,1.0900664285714285,0.19374606418395315,0.028566071428571427,0.0050778322432909586
72800,5,1.0277076,0.17985531442616126,0.0269312,0.004713956512315319
72900,5,1.064141724137931,0.19877440051599357,0.027885517241379307,0.00520881436070964
73000,5,1.0359185714285715,0.2228329693459054,0.027146785714285714,0.005839281445882943
73100,5,1.0712524,0.22041241698385927,0.028072,0.005776076378765549
73200,5,1.0934575,0.19800317737115755,0.02865392857142857,0.005188613844211054
73300,5,1.064194642857143,0.21336648229404354,0.02788785714285714,0.0055910698354395385
73400,5,1.0449820689655172,0.20823944383088205,0.02738448275862069,0.005456815257878966
73500,5,1.0703632,0.20689904490113045,0.0280492,0.005421966832555629
73600,5,1.0798792592592592,0.25005785262808417,0.02829888888888889,0.006552663189253274
73700,5,1.0578657142857142,0.23091108988700437,0.02772214285714286,0.006052141559837929
73800,5,1.1157432142857142,0.22821585086400548,0.029239285714285714,0.005980489840318996
73900,5,1.080668275862069,0.22582132815678105,0.02831896551724138,0.005917940848946162
74000,5,1.0258231034482759,0.1992244594152795,0.026881724137931034,0.005220026046025276
74100,5,1.1109321428571428,0.2019547715291378,0.029112500000000003,0.00529247307941158
74200,5,1.026805,0.21446275996079128,0.02690807692307692,0.005620409251455462
74300,5,1.0966067857142856,0.22628687237178435,0.028737142857142857,0.005930310001979383
74400,5,1.0432951851851853,0.2135700828474447,0.027340370370370373,0.005596463499720489
74500,5,0.9925585714285715,0.24985176339573373,0.026010714285714283,0.006546696044611289
74600,5,1.1323039285714285,0.16510322432949245,0.029672499999999997,0.004325726335927104
74700,5,1.11257,0.17429745606864144,0.029155,0.0045678443493621795
74800,5,1.0562423076923078,0.18520758641713772,0.02767923076923077,0.004852903397412253
74900,5,1.043143076923077,0.18383690377656453,0.027336153846153843,0.004817769672305287
75000,5,1.0682832142857142,0.16208533267098382,0.027995,0.004247630712134315
75100,5,1.0634010714285715,0.23940802952806994,0.027867142857142858,0.0062730061652453645
75200,5,1.0833307142857143,0.20762876713069325,0.028389642857142856,0.005441061635340728
75300,5,0.9805776923076923,0.2048095528105599,0.02569692307692308,0.005367326164287592
75400,5,1.1632503703703703,0.16354586864197318,0.03048333333333333,0.004286006748262752
75500,5,1.097467777777778,0.1980994637187114,0.028760370370370367,0.005190965140349055
75600,5,1.038863448275862,0.1867899281139847,0.02722413793103448,0.004894990527673147
75700,5,1.0298982142857143,0.200800442895586,0.02698892857142857,0.0052630714446743
75800,5,1.0513658620689654,0.21927150918304203,0.02755137931034483,0.005745416013868256
75900,5,1.1180657142857142,0.20005852172373392,0.029300357142857142,0.005242587346906783
76000,5,1.0761310714285715,0.20879601878812845,0.028200357142857145,0.005471848142076595
76100,5,1.0130571428571429,0.20681468535967965,0.0265475,0.005419527535099689
76200,5,1.103574642857143,0.21041764224164858,0.028919285714285713,0.005513857914430612
76300,5,1.0650842307692308,0.2140136013093201,0.027910384615384618,0.005608436131949248
76400,5,1.1408892307692307,0.17006890104714803,0.02989769230769231,0.004456368304072102
76500,5,1.0332296551724138,0.1385941445496464,0.027075172413793102,0.00363300703932476
76600,5,1.0312359259259258,0.19596914893105888,0.027024814814814817,0.005135635209285118
76700,5,1.0655895833333333,0.23585150395367444,0.027924166666666667,0.006179871193723579
76800,5,1.1131068965517241,0.20251232980282333,0.029169655172413794,0.005306630948135024
76900,5,0.982988148148148,0.19101803930191102,0.02575888888888889,0.0050061288078739686
77000,5,1.147595357142857,0.1793082174787962,0.030072857142857144,0.004698867363243455
77100,5,1.0716062962962962,0.19517192443011613,0.02808185185185185,0.005114410287862383
77200,5,1.0066078571428572,0.22494427414209092,0.026378214285714286,0.005895269323519105
77300,5,1.1175366666666666,0.19241550647172187,0.029285185185185185,0.00504256678409714
77400,5,1.065746153846154,0.22870105446327824,0.027927692307692306,0.005993614807571343
77500,5,1.0844193103448276,0.22712163091189447,0.02841689655172414,0.0059519211204980315
77600,5,1.0330439285714286,0.17726985917770569,0.027071428571428573,0.004645913946912535
77700,5,1.1048713793103446,0.23368861318802822,0.028953103448275862,0.006123898211951667
77800,5,1.0746844827586206,0.20605730932343985,0.028162413793103448,0.005399204739835311
77900,5,1.0715748148148148,0.19776719760618247,0.02808148148148148,0.00518178147544445
78000,5,1.0543279310344829,0.17080222331229664,0.02762965517241379,0.004476366896394105
78100,5,1.0831457142857144,0.20157235099253093,0.02838392857142857,0.0052824919339026005
78200,5,0.9952418518518519,0.19013369822386797,0.02608074074074074,0.00498271004877862
78300,5,1.1339696296296298,0.18172940891677977,0.029716666666666666,0.004761882303976347
78400,5,1.031187857142857,0.1733671119299788,0.027021785714285713,0.004543440573912819
78500,5,1.0089979166666667,0.2730752635539079,0.02644166666666667,0.007157957971296044
78600,5,1.1009307692307693,0.23263111678230972,0.028850769230769232,0.0060969565673879775
78700,5,1.0723914285714284,0.2234485736131145,0.0281025,0.00585542270036929
78800,5,1.0783507692307692,0.1844669388898309,0.028258846153846155,0.004835005130854011
78900,5,1.0758225925925926,0.19329956833873946,0.028192222222222223,0.005065707736515685
79000,5,1.051772142857143,0.18914548436189899,0.027562142857142858,0.004956529070153873
79100,5,1.0953906896551724,0.20962025503499412,0.028704137931034483,0.005493547850005091
79200,5,1.058635,0.16846873763182077,0.027741428571428573,0.004414882838331101
79300,5,1.0936710714285716,0.18495737940159573,0.02865964285714286,0.0048478933814694435
79400,5,1.049893448275862,0.17715976025037525,0.02751344827586207,0.004642801860224114
79500,5,1.099245357142857,0.17230236243263677,0.028806071428571427,0.0045156028589651434
79600,5,0.9806088888888889,0.1655901240397119,0.025697407407407405,0.004339517513585151
79700,5,1.106631923076923,0.1822991739316277,0.028999615384615388,0.004778327306302264
79800,5,1.0824937931034484,0.1854576929886435,0.028367241379310345,0.004859836047022665
79900,5,1.072281379310345,0.18948591255070232,0.028100344827586207,0.004965549518402211
80000,5,1.0803376923076924,0.16652691312355952,0.028311153846153847,0.004363389807865509
80100,5,1.0437925,0.19955787970605862,0.027352142857142856,0.005228705212675333
80200,5,1.0845366666666665,0.2399590489535926,0.028421,0.006288226190325032
80300,5,1.0625233333333333,0.21828211072265738,0.027843703703703704,0.005720026995732522
80400,5,1.0379292592592593,0.1997805326799679,0.027200000000000002,0.0052354178438783665
80500,5,1.0785807407407408,0.23616856136317818,0.028264444444444446,0.006188137742321896
80600,5,1.0682364285714285,0.2067386889595134,0.027993928571428572,0.005417226527843215
80700,5,1.101468076923077,0.18881048958189228,0.028865,0.00494748441129429
80800,5,1.0607959259259259,0.2006027874693067,0.02779925925925926,0.005256546047860357
80900,5,1.0548815384615384,0.2029399583264431,0.027644230769230768,0.005318087004235206
81000,5,1.0500957142857144,0.20274391454407723,0.0275175,0.005313065394749897
81100,5,1.0981307142857142,0.1944667821377894,0.02877785714285714,0.005095505177690727
81200,5,1.0179006896551726,0.24764359845683526,0.02667448275862069,0.006488539119206868
81300,5,1.1177557692307691,0.19351152608923491,0.029291153846153845,0.005071054586117628
81400,5,1.0496522222222222,0.23584375300892188,0.027505925925925927,0.006180560255448131
81500,5,1.0671203703703702,0.24239020292275526,0.027964074074074072,0.0063523685826380235
81600,5,1.0768365384615384,0.14386016604862675,0.028220000000000002,0.0037704800755341493
81700,5,1.071797142857143,0.12541907704903058,0.028086785714285713,0.003286483039237502
81800,5,1.0878348275862069,0.19555629972357413,0.028507586206896553,0.005124651664240503
81900,5,1.026977037037037,0.22686426856695974,0.026912962962962965,0.00594525914219105
82000,5,1.059297037037037,0.21311486442066171,0.02775962962962963,0.005585236364037358
82100,5,1.0950817857142858,0.13480743863566258,0.02869642857142857,0.003532133144470144
82200,5,1.0369655555555557,0.19166461212499725,0.027174444444444442,0.0050219053489022804
82300,5,1.0945110344827587,0.38051606347118366,0.02868206896551724,0.00997139744444448
82400,5,1.0858835714285715,0.20380787781841647,0.028456428571428573,0.005340554288256988
82500,5,1.1156425,0.2066501702847198,0.02923678571428571,0.005415501791716503
82600,5,1.0406423076923077,0.21339778796056327,0.027270384615384613,0.005591943834316815
82700,5,1.0573814814814815,0.22000705572083723,0.02770888888888889,0.0057652435623599925
82800,5,1.1426064285714286,0.1855211972957046,0.02994142857142857,0.004861167908965235
82900,5,0.9667548148148148,0.18944567986162583,0.02533407407407407,0.004963395440824185
83000,5,1.0741262068965518,0.20779631360015224,0.028148275862068965,0.005445342747290384
83100,5,1.10678,0.2091321388684492,0.029003333333333336,0.0054800182481447995
83200,5,1.0314525,0.18358135148221633,0.027029285714285717,0.004810939639159926
83300,5,1.066126153846154,0.22218172816101545,0.02793923076923077,0.005822295027273641
83400,5,1.1311935714285715,0.1459643745021693,0.029643928571428575,0.003825606066035391
83500,5,0.970664,0.22027442581168305,0.025436399999999998,0.005772789533665678
83600,5,1.1385903703703704,0.18983526711906104,0.029836296296296295,0.004974201248710998
83700,5,1.0583358620689656,0.18782552294078753,0.027733793103448277,0.004921702241670561
83800,5,1.0132807692307693,0.19121633478179784,0.026553846153846154,0.0050110271018409605
83900,5,1.0760349999999999,0.16498257965278898,0.02819857142857143,0.004322492177475701
84000,5,1.077825,0.18455587323204978,0.028245,0.00483611222796592
84100,5,1.1122221428571428,0.2306201043139054,0.029146785714285715,0.006043819036418409
84200,5,1.109468888888889,0.17045714697955686,0.029073333333333333,0.004466890158970522
84300,5,1.0121803448275861,0.20184908399740423,0.026524827586206896,0.005290047002687254
84400,5,1.1042088461538462,0.20605916135570235,0.02893423076923077,0.00539951121719507
84500,5,1.0691558620689656,0.14987538508272324,0.02801758620689655,0.003927254270909178
84600,5,1.02915,0.19659232389461626,0.02697,0.005151560096569915
84700,5,1.100338888888889,0.18932731156007082,0.028834814814814817,0.004960856292687297
84800,5,1.087674827586207,0.17573089919819143,0.02850344827586207,0.004605814086457984
84900,5,1.0523414814814815,0.16676178103242184,0.027577407407407408,0.004370755604973192
85000,5,1.039318888888889,0.20579471844783978,0.027236296296296293,0.005392865763172781
85100,5,1.0984796551724139,0.22933357922596312,0.028784827586206894,0.006010265397449871
85200,5,1.0282333333333333,0.19991172496110138,0.026945925925925925,0.00523978218811788
85300,5,1.0787745833333333,0.1613984321075498,0.028269583333333334,0.004228930874414916
85400,5,1.0612055555555555,0.22072485979910225,0.02780962962962963,0.005784221562865577
85500,5,1.081374642857143,0.20489765462356588,0.028338214285714286,0.0053690057384070304
85600,5,1.0341318518518519,0.2277912342818957,0.02710037037037037,0.005969643386772961
85700,5,1.050575,0.2153622764948333,0.027530714285714287,0.0056438008788216795
85800,5,1.045183103448276,0.238383893078602,0.027389655172413794,0.006247674700443484
85900,5,1.0790692857142858,0.22259805183548304,0.0282775,0.005833172458099103
86000,5,1.0306307692307692,0.21168909494677476,0.027006923076923078,0.005547674661860243
86100,5,1.162954642857143,0.17377057996919587,0.03047607142857143,0.004553847652167718
86200,5,1.0453382142857142,0.18945821665912538,0.027393214285714285,0.004965456268298107
86300,5,1.036452142857143,0.24516261663483302,0.027160357142857142,0.006424455291590937
86400,5,1.1367111111111112,0.2021257636935924,0.02978703703703704,0.005297099216926196
86500,5,1.0159785185185184,0.26824491138199846,0.026623333333333332,0.00702881049133329
86600,5,1.125117142857143,0.26551500087157165,0.029484285714285713,0.006957356580053275
86700,5,1.0446914814814814,0.22494804093567405,0.027377037037037037,0.005894426842897264
86800,5,1.0242562962962962,0.2461114835902334,0.02684111111111111,0.006449601856127562
86900,5,1.1077210714285715,0.1922281578660819,0.029028571428571428,0.005036891835753412
87000,5,1.0635192857142857,0.1967272394652531,0.027870357142857145,0.0051564554881292435
87100,5,1.0663144444444443,0.20824215952242736,0.027942222222222222,0.005457680779156975
87200,5,0.9833335714285714,0.2616186518185679,0.025769285714285713,0.006856314163991022
87300,5,1.1287189655172414,0.2628095396228013,0.029578275862068966,0.006887290089601651
87400,5,1.0811774074074074,0.20803667268412437,0.028332592592592593,0.0054519993457535255
87500,5,1.0457941666666668,0.21038118065356606,0.027403333333333335,0.005512554577599617
87600,5,1.1061624137931034,0.2442243285040441,0.028986896551724137,0.006399418558101462
87700,5,1.0612351724137932,0.1884038370973503,0.027810689655172412,0.0049362557607928485
87800,5,1.0466688461538463,0.22239490440793688,0.02742884615384615,0.00582808876179701
87900,5,1.0006170370370369,0.1936754313042395,0.026221481481481484,0.005074727505911943
88000,5,1.1291879310344828,0.20858097369708398,0.02959103448275862,0.005465863116280111
88100,5,1.092631724137931,0.1632401287776684,0.02863310344827586,0.0042782365387824695
88200,5,1.0275575862068966,0.19862843388482157,0.026927586206896552,0.005205728750392215
88300,5,1.0683020689655172,0.19359855004953114,0.027995862068965517,0.005073250942261057
88400,5,1.1147733333333334,0.1839909336395097,0.029213333333333334,0.004821998468557328
88500,5,1.1191464,0.14849988720197738,0.0293268,0.00389096144930787
88600,5,1.0271911538461538,0.16647119045232836,0.02691769230769231,0.004362530740469167
88700,5,1.0109907407407408,0.17910741637193647,0.02649333333333333,0.004693306198930885
88800,5,1.1044232142857144,0.2065128407101472,0.02894142857142857,0.005412000872057712
88900,5,1.0484075862068964,0.21668561379590562,0.027474827586206896,0.005678060295489281
89000,5,1.0652225925925924,0.22094625431734774,0.027914444444444443,0.005790802610329149
89100,5,1.1108712,0.2071872942597269,0.029110399999999998,0.0054298752901578385
89200,5,1.0216992857142857,0.19157728228670487,0.026774642857142854,0.005020340465171998
89300,5,1.1068318518518518,0.19424349556552895,0.029004814814814813,0.00509005090678062
89400,5,1.1337051851851851,0.16228504169114033,0.02970888888888889,0.004253303994754532
89500,5,1.0024162962962964,0.2156205955652401,0.026269259259259263,0.005650753473194068
89600,5,1.0689132142857143,0.19421546128049857,0.028011428571428573,0.0050892680942793474
89700,5,1.0218677777777778,0.2396022001846672,0.026777777777777775,0.006278358637373878
89800,5,1.0715824137931036,0.2033411803499438,0.028081379310344826,0.005328050249212003
89900,5,1.0676686666666666,0.23257989784977012,0.027978666666666666,0.006096135622163398
