Time_ms,UE_ID,RB_ID,Throughput_Mbps
0,3,1,0.35891
0,5,1,0.35891
0,4,1,0.83746
3,2,1,1.42496
3,1,1,1.66245
110,3,1,0.76454
110,5,1,0.43688
110,4,1,0.54610
114,2,1,1.07320
114,1,1,1.50248
210,3,1,0.95580
210,5,1,0.47790
210,4,1,0.47790
222,2,1,0.78113
222,1,1,1.33908
321,3,1,0.21681
321,5,1,0.54202
321,4,1,0.54202
322,2,1,1.67701
322,1,1,0.71872
422,2,1,0.83854
422,1,1,1.31770
430,3,1,0.87878
430,5,1,0.43939
430,4,1,0.65908
522,2,1,1.31694
522,1,1,0.59861
531,3,1,0.23611
531,5,1,0.94443
531,4,1,0.59027
623,2,1,1.06352
623,1,1,1.53620
640,3,1,0.55086
640,5,1,0.55086
640,4,1,0.55086
724,2,1,0.95627
724,1,1,1.07581
740,3,1,1.43766
740,5,1,0.59903
740,4,1,0.59903
833,2,1,0.55033
833,1,1,1.21073
850,3,1,0.86848
850,5,1,0.54280
850,4,1,0.86848
942,2,1,1.41917
942,1,1,0.98250
960,3,1,0.65818
960,5,1,0.54849
960,4,1,0.54849
1042,2,1,0.83880
1042,1,1,0.71897
1060,3,1,0.59754
1060,5,1,0.59754
1060,4,1,0.59754
1153,2,1,0.10873
1153,1,1,1.30481
1161,3,1,0.47637
1161,5,1,1.42912
1161,4,1,0.23819
1262,2,1,2.41372
1262,1,1,0.98743
1270,3,1,0.54706
1270,5,1,0.32824
1270,4,1,1.42236
1362,2,1,0.59624
1362,1,1,1.07324
1371,3,1,1.18862
1371,5,1,0.59431
1371,4,1,0.47545
1463,2,1,1.43274
1463,1,1,1.07455
1471,3,1,1.07629
1471,5,1,0.71753
1471,4,1,0.59794
1572,2,1,1.09556
1572,1,1,1.09556
1580,3,1,0.77088
1580,5,1,0.88101
1580,4,1,0.66075
1682,2,1,0.87063
1682,1,1,0.87063
1712,3,1,0.54601
1712,5,1,0.54601
1712,4,1,0.54601
1783,2,1,0.83568
1783,1,1,1.43259
1821,3,1,0.66025
1821,5,1,1.43053
1821,4,1,0.66025
1883,2,1,1.55290
1883,1,1,0.83618
1930,3,1,0.54588
1930,5,1,0.65506
1930,4,1,1.41930
1992,2,1,0.76888
1992,1,1,0.98856
2040,3,1,1.20240
2040,5,1,0.65585
2040,4,1,1.09309
2093,2,1,0.95066
2093,1,1,1.18832
2150,3,1,1.09253
2150,5,1,0.76477
2150,4,1,0.32776
2203,2,1,1.63746
2203,1,1,1.20080
2250,3,1,0.47891
2250,5,1,0.71836
2250,4,1,1.07755
2303,2,1,0.00000
2303,1,1,0.95107
2350,3,1,0.83843
2350,5,1,1.19775
2350,4,1,0.47910
2412,2,1,1.77083
2412,1,1,1.21745
2461,3,1,0.75762
2461,5,1,0.75762
2461,4,1,0.64939
2516,2,1,1.26273
2516,1,1,0.91835
2570,3,1,0.32881
2570,5,1,0.65762
2570,4,1,1.09603
2622,2,1,1.13256
2622,1,1,1.13256
2670,3,1,0.95832
2670,5,1,0.83853
2670,4,1,0.83853
2722,2,1,0.59817
2722,1,1,1.07671
2780,3,1,1.08653
2780,5,1,0.65192
2780,4,1,0.76057
2824,2,1,0.94425
2824,1,1,0.70819
2890,3,1,0.76357
2890,5,1,0.76357
2890,4,1,0.76357
2932,2,1,1.55060
2932,1,1,1.32908
2991,3,1,0.35769
2991,5,1,0.83461
2991,4,1,0.83461
3044,2,1,0.96387
3044,1,1,1.39226
3100,3,1,0.76802
3100,5,1,1.09716
3100,4,1,1.20688
3152,2,1,0.99718
3152,1,1,1.10798
3200,3,1,1.19672
3200,5,1,0.47869
3200,4,1,0.59836
3253,2,1,0.58958
3253,1,1,0.35375
3300,3,1,0.95533
3300,5,1,0.83591
3300,4,1,0.47766
3354,2,1,1.67068
3354,1,1,1.43201
3410,3,1,1.09499
3410,5,1,0.76649
3410,4,1,0.76649
3462,2,1,0.88816
3462,1,1,1.33225
3520,3,1,0.87014
3520,5,1,0.76137
3520,4,1,0.65260
3563,2,1,1.19019
3563,1,1,1.07117
3620,3,1,0.83856
3620,5,1,0.83856
3620,4,1,0.83856
3672,2,1,0.76581
3672,1,1,0.76581
3720,3,1,0.47885
3720,5,1,1.19713
3720,4,1,0.83799
3774,2,1,1.17114
3774,1,1,0.58557
3820,3,1,1.19402
3820,5,1,0.83581
3820,4,1,1.31342
3882,2,1,1.33478
3882,1,1,1.44601
3930,3,1,0.87414
3930,5,1,0.76487
3930,4,1,0.87414
3992,2,1,0.87303
3992,1,1,1.30955
4030,3,1,1.79221
4030,5,1,0.83636
4030,4,1,0.47792
4103,2,1,0.97212
4103,1,1,1.18815
4140,3,1,0.87638
4140,5,1,0.76684
4140,4,1,1.20503
4205,2,1,1.28994
4205,1,1,0.35180
4240,3,1,0.95644
4240,5,1,0.95644
4240,4,1,0.83689
4314,2,1,1.21220
4314,1,1,1.65300
4351,3,1,0.86417
4351,5,1,1.29626
4351,4,1,0.43209
4422,2,1,0.88302
4422,1,1,0.99340
4460,3,1,0.76973
4460,5,1,0.87970
4460,4,1,0.76973
4532,2,1,1.20332
4532,1,1,1.20332
4561,3,1,0.59432
4561,5,1,0.47546
4561,4,1,1.78296
4632,2,1,0.00000
4632,1,1,0.71809
4670,3,1,1.31256
4670,5,1,0.43752
4670,4,1,0.54690
4744,2,1,1.60620
4744,1,1,1.07080
4781,3,1,0.97847
4781,5,1,0.76103
4781,4,1,0.43488
4852,2,1,1.44529
4852,1,1,1.11176
4890,3,1,0.65836
4890,5,1,1.31672
4890,4,1,0.87781
4952,2,1,1.43386
4952,1,1,0.00000
4990,3,1,1.31560
4990,5,1,0.47840
4990,4,1,0.95680
5064,2,1,0.42879
5064,1,1,2.03675
5090,3,1,0.59854
5090,5,1,2.03502
5090,4,1,0.47883
5172,2,1,1.21662
5172,1,1,0.55301
5191,3,1,0.47691
5191,5,1,0.59614
5191,4,1,0.95382
5276,2,1,1.27620
5276,1,1,1.16018
5300,3,1,0.87611
5300,5,1,0.54757
5300,4,1,1.53320
5382,2,1,1.12216
5382,1,1,0.00000
5410,3,1,1.52756
5410,5,1,0.87289
5410,4,1,0.98200
5492,2,1,1.08808
5492,1,1,2.28497
5510,3,1,1.07650
5510,5,1,0.95689
5510,4,1,0.59806
5602,2,1,0.87590
5602,1,1,0.98539
5611,3,1,1.31249
5611,5,1,1.07386
5611,4,1,1.43181
5702,2,1,1.07534
5702,1,1,1.07534
5720,3,1,0.65747
5720,5,1,1.42453
5720,4,1,0.87663
5812,2,1,0.98365
5812,1,1,1.42082
5820,3,1,0.95779
5820,5,1,1.07751
5820,4,1,0.59862
5913,2,1,1.30812
5913,1,1,0.95136
5921,3,1,1.18684
5921,5,1,1.06816
5921,4,1,1.06816
6022,2,1,0.10926
6022,1,1,0.98333
6030,3,1,0.87613
6030,5,1,0.76661
6030,4,1,1.64274
6132,2,1,1.53071
6132,1,1,1.20270
6140,3,1,2.29885
6140,5,1,0.87575
6140,4,1,1.09469
6240,3,1,0.71852
6240,5,1,1.19754
6240,4,1,1.19754
6245,2,1,1.27177
6245,1,1,0.95383
6350,3,1,1.52632
6350,5,1,1.09023
6350,4,1,0.98120
6352,2,1,1.11486
6352,1,1,1.22635
6450,3,1,1.19811
6450,5,1,1.19811
6450,4,1,1.19811
6462,2,1,1.41660
6462,1,1,0.98072
6550,3,1,0.47904
6550,5,1,1.91616
6550,4,1,0.00000
6563,2,1,0.00000
6563,1,1,0.47654
6650,3,1,0.59682
6650,5,1,0.71619
6650,4,1,2.38730
6672,2,1,1.42999
6672,1,1,1.64999
6760,3,1,1.42256
6760,5,1,0.98485
6760,4,1,1.20371
6772,2,1,1.19576
6772,1,1,1.07618
6870,3,1,1.19458
6870,5,1,1.08598
6870,4,1,0.97738
6882,2,1,1.31044
6882,1,1,1.09204
6981,3,1,1.19371
6981,5,1,1.19371
6981,4,1,1.08519
6982,2,1,1.07650
6982,1,1,0.95689
7083,3,1,1.40857
7083,5,1,1.17381
7083,4,1,1.17381
7092,2,1,0.87075
7092,1,1,0.87075
7190,3,1,1.23153
7190,5,1,1.11957
7190,4,1,1.23153
7204,2,1,1.18384
7204,1,1,1.18384
7290,3,1,0.59823
7290,5,1,1.43575
7290,4,1,0.59823
7313,2,1,1.09511
7313,1,1,1.09511
7390,3,1,1.31781
7390,5,1,0.59900
7390,4,1,0.59900
7422,2,1,1.10197
7422,1,1,0.99177
7490,3,1,0.59760
7490,5,1,0.59760
7490,4,1,1.43424
7523,2,1,1.06667
7523,1,1,1.30370
7601,3,1,2.04895
7601,5,1,1.18624
7601,4,1,0.53920
7623,2,1,0.59908
7623,1,1,0.71890
7710,3,1,1.32144
7710,5,1,1.21132
7710,4,1,1.21132
7732,2,1,1.21027
7732,1,1,1.32030
7820,3,1,1.31061
7820,5,1,1.85670
7820,4,1,1.85670
7832,2,1,1.19680
7832,1,1,0.59840
7921,3,1,1.30595
7921,5,1,0.71234
7921,4,1,1.42467
7934,2,1,1.05492
7934,1,1,1.40656
8031,3,1,1.30528
8031,5,1,2.50179
8031,4,1,0.54387
8042,2,1,1.22024
8042,1,1,1.33117
8141,3,1,1.20452
8141,5,1,0.65701
8141,4,1,2.62805
8143,2,1,0.95422
8143,1,1,1.07349
8241,3,1,1.43379
8241,5,1,1.43379
8241,4,1,0.71690
8243,2,1,0.83849
8243,1,1,0.71870
8350,3,1,1.53163
8350,5,1,1.31282
8350,4,1,1.09402
8353,2,1,0.10903
8353,1,1,1.09030
8460,3,1,1.42254
8460,5,1,1.20369
8460,4,1,1.42254
8463,2,1,2.06576
8463,1,1,1.08724
8560,3,1,1.55222
8560,5,1,1.43282
8560,4,1,1.43282
8564,2,1,1.30710
8564,1,1,1.06945
8670,3,1,1.41371
8670,5,1,2.06619
8670,4,1,1.73995
8672,2,1,1.10571
8672,1,1,0.88457
8772,2,1,0.95870
8772,1,1,1.55789
8780,3,1,1.41956
8780,5,1,1.20116
8780,4,1,1.31036
8883,2,1,1.29941
8883,1,1,1.08284
8891,3,1,1.40424
8891,5,1,1.40424
8891,4,1,2.16037
8984,2,1,0.82916
8984,1,1,0.71071
9000,3,1,2.30920
9000,5,1,1.20958
9000,4,1,1.42951
9093,2,1,0.88224
9093,1,1,0.77196
9112,3,1,1.50102
9112,5,1,1.39380
9112,4,1,1.28658
9202,2,1,1.20287
9202,1,1,1.42158
9220,3,1,1.55114
9220,5,1,1.44034
9220,4,1,0.77557
9313,2,1,1.30257
9313,1,1,1.19403
9320,3,1,0.95805
9320,5,1,1.55683
9320,4,1,1.43707
9425,2,1,0.10686
9425,1,1,0.10686
9430,3,1,1.30435
9430,5,1,1.63043
9430,4,1,1.30435
9531,3,1,0.95726
9531,5,1,1.43590
9531,4,1,2.39316
9532,2,1,2.01589
9532,1,1,1.79190
9631,3,1,1.06860
9631,5,1,1.42480
9631,4,1,0.83113
9634,2,1,0.70307
9634,1,1,1.05460
9734,2,1,1.43720
9734,1,1,1.19767
9740,3,1,3.08923
9740,5,1,1.54461
9740,4,1,1.32396
9842,2,1,1.11218
9842,1,1,1.44584
9850,3,1,1.52683
9850,5,1,1.52683
9850,4,1,1.52683
9953,2,1,0.75468
9953,1,1,0.97030
9960,3,1,0.86826
9960,5,1,0.75972
9960,4,1,1.51945
10060,3,1,1.67654
10060,5,1,1.43703
10060,4,1,1.67654
10062,2,1,0.32997
10062,1,1,0.21998
10165,2,1,1.62637
10165,1,1,1.62637
10170,3,1,1.42162
10170,5,1,2.51517
10170,4,1,0.76549
10271,3,1,0.95291
10271,5,1,1.54847
10271,4,1,2.50138
10272,2,1,0.67441
10272,1,1,1.23641
10374,2,1,0.94072
10374,1,1,1.05831
10380,3,1,1.53255
10380,5,1,1.53255
10380,4,1,1.42308
10481,3,1,2.74045
10481,5,1,0.83405
10481,4,1,1.78725
10482,2,1,1.99103
10482,1,1,0.66368
10582,3,1,1.77637
10582,5,1,1.53952
10582,4,1,1.53952
10593,2,1,0.43352
10593,1,1,1.19219
10690,3,1,1.66141
10690,5,1,2.43674
10690,4,1,1.66141
10694,2,1,1.89844
10694,1,1,1.30518
10791,3,1,1.66716
10791,5,1,0.95266
10791,4,1,1.66716
10802,2,1,0.00000
10802,1,1,0.33154
10900,3,1,1.85999
10900,5,1,2.40704
10900,4,1,1.31293
10902,2,1,1.55171
10902,1,1,0.71618
11010,3,1,0.87268
11010,5,1,1.30902
11010,4,1,1.63628
11012,2,1,1.31188
11012,1,1,1.63985
11110,3,1,1.79251
11110,5,1,1.79251
11110,4,1,1.79251
11123,2,1,0.00000
11123,1,1,1.29883
11210,3,1,0.83839
11210,5,1,1.07792
11210,4,1,1.79654
11233,2,1,2.06961
11233,1,1,0.65356
11321,3,1,1.52378
11321,5,1,1.63262
11321,4,1,1.52378
11342,2,1,0.00000
11342,1,1,0.00000
11430,3,1,1.63925
11430,5,1,1.63925
11430,4,1,1.63925
11444,2,1,2.34518
11444,1,1,2.22792
11540,3,1,2.50504
11540,5,1,1.52481
11540,4,1,1.63372
11552,2,1,1.44592
11552,1,1,1.55714
11650,3,1,1.52853
11650,5,1,2.40198
11650,4,1,1.63771
11652,2,1,0.00000
11652,1,1,1.07729
11752,2,1,1.79589
11752,1,1,0.95781
11761,3,1,1.62379
11761,5,1,1.62379
11761,4,1,1.62379
11862,2,1,0.97968
11862,1,1,1.08853
11870,3,1,2.29965
11870,5,1,0.10951
11870,4,1,2.51866
11963,2,1,1.30514
11963,1,1,0.71189
11980,3,1,1.63625
11980,5,1,2.94525
11980,4,1,0.98175
12072,2,1,0.77072
12072,1,1,0.99092
12081,3,1,0.95243
12081,5,1,1.78581
12081,4,1,2.38108
12173,2,1,1.18421
12173,1,1,1.53948
12190,3,1,1.64298
12190,5,1,1.64298
12190,4,1,0.65719
12283,2,1,1.30686
12283,1,1,0.98014
12300,3,1,1.63369
12300,5,1,1.52478
12300,4,1,1.63369
12392,2,1,0.00000
12392,1,1,0.00000
12401,3,1,0.95372
12401,5,1,1.07294
12401,4,1,1.78823
12492,2,1,1.91537
12492,1,1,1.67595
12510,3,1,1.86067
12510,5,1,1.20396
12510,4,1,1.64176
12602,2,1,1.08883
12602,1,1,1.19771
12620,3,1,0.98119
12620,5,1,1.63531
12620,4,1,1.52629
12703,2,1,1.42800
12703,1,1,1.54700
12730,3,1,0.76268
12730,5,1,2.07013
12730,4,1,1.08954
12813,2,1,0.65518
12813,1,1,0.87357
12840,3,1,1.52756
12840,5,1,1.30933
12840,4,1,2.07311
12922,2,1,1.20127
12922,1,1,1.20127
12940,3,1,0.83746
12940,5,1,1.07673
12940,4,1,1.67491
13024,2,1,0.70492
13024,1,1,0.93989
13040,3,1,1.19659
13040,5,1,2.03421
13040,4,1,1.91455
13132,2,1,1.33168
13132,1,1,0.88779
13140,3,1,1.31788
13140,5,1,2.75558
13140,4,1,1.31788
13233,2,1,1.07367
13233,1,1,1.19297
13250,3,1,0.32685
13250,5,1,1.41637
13250,4,1,1.52532
13343,2,1,0.98099
13343,1,1,0.98099
13360,3,1,0.87025
13360,5,1,0.65269
13360,4,1,1.74050
13444,2,1,1.06865
13444,1,1,1.18739
13461,3,1,1.91432
13461,5,1,2.03396
13461,4,1,1.31609
13552,2,1,0.66354
13552,1,1,1.10589
13570,3,1,0.98416
13570,5,1,1.09351
13570,4,1,2.40572
13653,2,1,0.00000
13653,1,1,0.83211
13670,3,1,0.11967
13670,5,1,1.19668
13670,4,1,0.35900
13763,2,1,0.00000
13763,1,1,1.20055
13780,3,1,1.96307
13780,5,1,0.43624
13780,4,1,1.52683
13873,2,1,3.37164
13873,1,1,1.08763
13890,3,1,0.76211
13890,5,1,0.00000
13890,4,1,0.00000
13982,2,1,0.21930
13982,1,1,0.87719
13990,3,1,1.43692
13990,5,1,2.39486
13990,4,1,2.03563
14085,2,1,1.73866
14085,1,1,1.27502
14100,3,1,0.87225
14100,5,1,1.30837
14100,4,1,0.87225
14192,2,1,1.46060
14192,1,1,1.34825
14211,3,1,0.75646
14211,5,1,0.75646
14211,4,1,0.75646
14295,2,1,0.70025
14295,1,1,0.93367
14313,3,1,1.88996
14313,5,1,1.06310
14313,4,1,0.82686
14403,2,1,1.43688
14403,1,1,0.99476
14421,3,1,0.00000
14421,5,1,1.10681
14421,4,1,2.10294
14512,2,1,1.10065
14512,1,1,1.32078
14530,3,1,1.20875
14530,5,1,0.76921
14530,4,1,0.10989
14613,2,1,0.71051
14613,1,1,1.06576
14635,3,1,1.47809
14635,5,1,0.45480
14635,4,1,1.13699
14722,2,1,0.99212
14722,1,1,0.33071
14741,3,1,1.58950
14741,5,1,2.49778
14741,4,1,1.81657
14822,2,1,1.54994
14822,1,1,1.54994
14850,3,1,0.43901
14850,5,1,0.54876
14850,4,1,0.00000
14924,2,1,0.00000
14924,1,1,1.53225
14951,3,1,0.00000
14951,5,1,1.54948
14951,4,1,2.74138
15032,2,1,1.55535
15032,1,1,0.00000
15052,3,1,2.36995
15052,5,1,0.94798
15052,4,1,0.59249
15132,2,1,1.43371
15132,1,1,1.79213
15161,3,1,1.32202
15161,5,1,1.10168
15161,4,1,1.10168
15233,2,1,1.07513
15233,1,1,1.55297
15261,3,1,0.23745
15261,5,1,0.83107
15261,4,1,1.06852
15342,2,1,0.98898
15342,1,1,0.10989
15370,3,1,1.65403
15370,5,1,1.10269
15370,4,1,0.77188
15443,2,1,1.30450
15443,1,1,1.89746
15471,3,1,0.95545
15471,5,1,0.95545
15471,4,1,1.67204
15545,2,1,0.81769
15545,1,1,0.81769
15580,3,1,1.09303
15580,5,1,1.20233
15580,4,1,0.54652
15664,2,1,0.91060
15664,1,1,1.01178
15681,3,1,0.95535
15681,5,1,0.83593
15681,4,1,0.71651
15773,2,1,0.22034
15773,1,1,1.32206
15791,3,1,1.19588
15791,5,1,1.63074
15791,4,1,1.73946
15882,2,1,1.96484
15882,1,1,0.10916
15891,3,1,0.95816
15891,5,1,0.71862
15891,4,1,0.71862
15982,2,1,1.19699
15982,1,1,1.79548
16000,3,1,1.09462
16000,5,1,1.09462
16000,4,1,1.42300
16084,2,1,0.70955
16084,1,1,0.59129
16100,3,1,0.83859
16100,5,1,0.83859
16100,4,1,0.83859
16193,2,1,0.44028
16193,1,1,1.43091
16211,3,1,1.08452
16211,5,1,1.19298
16211,4,1,0.86762
16302,2,1,1.64305
16302,1,1,1.31444
16311,3,1,0.95833
16311,5,1,0.83854
16311,4,1,1.79686
16404,2,1,1.53003
16404,1,1,1.29464
16420,3,1,1.53366
16420,5,1,1.53366
16420,4,1,0.00000
16513,2,1,0.88042
16513,1,1,0.99048
16520,3,1,0.71819
16520,5,1,0.59849
16520,4,1,1.67577
16622,2,1,1.20473
16622,1,1,0.98569
16630,3,1,1.52946
16630,5,1,1.20172
16630,4,1,1.09247
16731,3,1,0.35565
16731,5,1,0.94840
16731,4,1,1.65970
16734,2,1,1.07572
16734,1,1,0.86058
16840,3,1,1.53678
16840,5,1,1.42701
16840,4,1,0.00000
16842,2,1,1.32934
16842,1,1,1.21856
16943,2,1,0.71252
16943,1,1,1.06878
16950,3,1,0.87302
16950,5,1,0.54564
16950,4,1,1.63691
17053,2,1,0.97901
17053,1,1,0.87023
17060,3,1,0.54471
17060,5,1,0.76259
17060,4,1,1.08941
17160,3,1,1.79494
17160,5,1,2.03427
17160,4,1,0.83764
17162,2,1,0.98871
17162,1,1,1.09856
17261,3,1,0.95456
17261,5,1,0.95456
17261,4,1,1.43184
17273,2,1,1.08143
17273,1,1,0.86515
17370,3,1,0.98622
17370,5,1,0.87664
17370,4,1,0.21916
17382,2,1,1.09535
17382,1,1,1.20488
17471,3,1,0.23644
17471,5,1,0.82753
17471,4,1,1.77329
17493,2,1,0.75783
17493,1,1,0.86609
17581,3,1,1.75150
17581,5,1,1.20416
17581,4,1,1.20416
17604,2,1,1.61965
17604,1,1,1.40370
17690,3,1,0.76811
17690,5,1,1.42650
17690,4,1,1.31677
17712,2,1,0.99394
17712,1,1,1.10437
17791,3,1,1.19228
17791,5,1,0.83460
17791,4,1,0.83460
17822,2,1,1.09354
17822,1,1,0.98419
17900,3,1,1.42036
17900,5,1,0.98332
17900,4,1,1.09258
17922,2,1,0.83852
17922,1,1,0.83852
18001,3,1,0.83635
18001,5,1,0.47791
18001,4,1,1.07530
18035,2,1,0.52871
18035,1,1,1.48038
18110,3,1,1.31281
18110,5,1,2.29742
18110,4,1,1.20341
18142,2,1,2.01432
18142,1,1,1.34288
18211,3,1,1.07440
18211,5,1,0.00000
18211,4,1,1.07440
18252,2,1,0.65381
18252,1,1,0.76278
18320,3,1,0.76477
18320,5,1,1.09252
18320,4,1,1.09252
18354,2,1,1.64517
18354,1,1,1.05761
18421,3,1,1.19529
18421,5,1,0.00000
18421,4,1,0.59765
18464,2,1,0.87582
18464,1,1,1.20426
18521,3,1,0.11966
18521,5,1,2.27353
18521,4,1,0.95727
18573,2,1,1.21356
18573,1,1,1.10323
18630,3,1,1.96464
18630,5,1,1.09147
18630,4,1,0.98232
18673,2,1,0.71277
18673,1,1,1.06916
18740,3,1,0.32808
18740,5,1,0.87488
18740,4,1,1.09360
18783,2,1,1.42535
18783,1,1,0.87714
18840,3,1,2.03325
18840,5,1,0.95683
18840,4,1,0.11960
18893,2,1,0.98187
18893,1,1,1.30915
18950,3,1,0.65421
18950,5,1,1.63553
18950,4,1,1.85361
19002,2,1,1.19981
19002,1,1,0.87259
19050,3,1,1.43667
19050,5,1,1.19723
19050,4,1,1.31695
19104,2,1,0.82288
19104,1,1,0.94043
19151,3,1,0.95596
19151,5,1,0.83646
19151,4,1,0.11949
19212,2,1,1.00142
19212,1,1,1.00142
19251,3,1,1.07582
19251,5,1,1.43442
19251,4,1,2.03210
19313,2,1,0.94642
19313,1,1,1.18302
19361,3,1,0.54605
19361,5,1,0.43684
19361,4,1,0.00000
19414,2,1,0.11866
19414,1,1,1.06798
19461,3,1,1.54589
19461,5,1,1.07023
19461,4,1,1.90264
19524,2,1,1.97206
19524,1,1,1.09559
19570,3,1,1.09871
19570,5,1,1.31846
19570,4,1,0.87897
19633,2,1,1.20631
19633,1,1,0.98698
19680,3,1,0.98064
19680,5,1,0.98064
19680,4,1,1.08960
19733,2,1,1.19575
19733,1,1,1.19575
19791,3,1,1.30482
19791,5,1,0.97861
19791,4,1,1.41355
19842,2,1,0.22014
19842,1,1,0.99064
19891,3,1,0.59486
19891,5,1,1.54664
19891,4,1,0.83281
19943,2,1,0.00000
19943,1,1,1.31027
20000,3,1,1.32241
20000,5,1,0.22040
20000,4,1,1.54281
20052,2,1,2.30042
20052,1,1,0.87635
20101,3,1,0.83328
20101,5,1,1.42848
20101,4,1,0.00000
20163,2,1,1.19219
20163,1,1,0.75867
20210,3,1,0.76572
20210,5,1,1.20328
20210,4,1,0.87511
20272,2,1,1.20333
20272,1,1,1.09394
20311,3,1,0.83204
20311,5,1,1.30749
20311,4,1,2.13953
20377,2,1,0.91769
20377,1,1,1.60596
20420,3,1,0.00000
20420,5,1,0.54860
20420,4,1,0.76804
20483,2,1,0.67933
20483,1,1,0.00000
20522,3,1,2.34681
20522,5,1,1.17341
20522,4,1,0.23468
20592,2,1,0.98452
20592,1,1,1.64086
20630,3,1,1.55602
20630,5,1,0.77801
20630,4,1,1.11144
20694,2,1,1.64596
20694,1,1,1.64596
20741,3,1,0.21737
20741,5,1,1.30420
20741,4,1,1.52157
20802,2,1,0.77612
20802,1,1,0.99786
20841,3,1,1.67582
20841,5,1,0.95761
20841,4,1,1.07731
20902,2,1,0.83722
20902,1,1,0.47841
20951,3,1,1.30750
20951,5,1,1.19854
20951,4,1,1.30750
21013,2,1,0.00000
21013,1,1,0.00000
21051,3,1,0.59787
21051,5,1,1.67404
21051,4,1,0.35872
21113,2,1,2.86576
21113,1,1,2.98516
21160,3,1,0.76696
21160,5,1,0.54783
21160,4,1,0.00000
21224,2,1,0.10743
21224,1,1,0.64461
21261,3,1,2.03210
21261,5,1,1.19535
21261,4,1,2.62977
21332,2,1,1.22514
21332,1,1,0.55688
21370,3,1,0.54568
21370,5,1,1.20051
21370,4,1,1.41878
21432,2,1,1.43788
21432,1,1,1.79735
21471,3,1,0.83699
21471,5,1,0.71742
21471,4,1,0.83699
21533,2,1,1.43114
21533,1,1,1.31188
21580,3,1,1.53196
21580,5,1,1.09426
21580,4,1,1.53196
21643,2,1,0.00000
21643,1,1,0.10851
21680,3,1,0.35929
21680,5,1,0.00000
21680,4,1,0.59881
21744,2,1,1.77618
21744,1,1,2.01300
21780,3,1,1.07700
21780,5,1,2.15400
21780,4,1,0.00000
21853,2,1,1.10282
21853,1,1,0.77197
21881,3,1,0.83393
21881,5,1,0.83393
21881,4,1,2.02527
21962,2,1,1.09486
21962,1,1,0.65692
21981,3,1,2.03340
21981,5,1,1.55495
21981,4,1,1.19612
22063,2,1,0.95029
22063,1,1,1.54422
22090,3,1,1.20686
22090,5,1,0.98743
22090,4,1,1.53600
22172,2,1,1.32133
22172,1,1,1.21122
22200,3,1,0.76403
22200,5,1,0.76403
22200,4,1,0.10915
22272,2,1,1.07643
22272,1,1,1.07643
22300,3,1,0.00000
22300,5,1,0.35897
22300,4,1,1.19657
22373,2,1,0.83160
22373,1,1,1.18800
22410,3,1,0.98231
22410,5,1,1.20060
22410,4,1,0.98231
22482,2,1,1.09805
22482,1,1,0.87844
22511,3,1,1.78846
22511,5,1,1.78846
22511,4,1,1.55000
22582,2,1,1.19811
22582,1,1,0.83868
22620,3,1,1.85851
22620,5,1,1.42121
22620,4,1,1.09324
22693,2,1,1.30302
22693,1,1,0.00000
22720,3,1,0.59830
22720,5,1,0.71796
22720,4,1,1.67525
22802,2,1,0.98541
22802,1,1,1.97082
22830,3,1,0.87189
22830,5,1,1.19885
22830,4,1,0.76290
22913,2,1,0.86688
22913,1,1,1.08360
22940,3,1,1.52501
22940,5,1,0.76251
22940,4,1,1.19823
23023,2,1,1.19851
23023,1,1,0.00000
23040,3,1,1.19658
23040,5,1,1.19658
23040,4,1,0.71795
23133,2,1,0.76193
23133,1,1,2.06808
23150,3,1,1.30702
23150,5,1,1.19811
23150,4,1,1.08919
23242,2,1,1.20600
23242,1,1,0.98673
23251,3,1,0.59872
23251,5,1,1.31717
23251,4,1,1.19743
23344,2,1,0.00000
23344,1,1,1.40615
23359,3,1,1.10781
23359,5,1,0.66469
23359,4,1,0.44313
23456,2,1,2.15536
23456,1,1,1.18545
23460,3,1,0.23643
23460,5,1,1.18213
23460,4,1,2.12784
23560,3,1,1.91430
23560,5,1,1.07679
23560,4,1,0.71786
23562,2,1,0.67493
23562,1,1,1.01239
23660,3,1,0.83831
23660,5,1,0.83831
23660,4,1,0.59879
23662,2,1,1.31657
23662,1,1,1.07719
23772,3,1,1.29133
23772,5,1,1.39894
23772,4,1,0.53806
23772,2,1,1.52420
23772,1,1,1.19758
23881,3,1,0.76868
23881,5,1,0.76868
23881,4,1,1.75698
23882,2,1,1.09138
23882,1,1,0.87310
23982,2,1,0.35839
23982,1,1,0.47785
23990,3,1,1.09412
23990,5,1,1.20353
23990,4,1,1.31294
24091,3,1,0.47777
24091,5,1,0.47777
24091,4,1,0.00000
24092,2,1,1.52391
24092,1,1,1.74161
24193,2,1,0.95468
24193,1,1,0.95468
24200,3,1,1.85892
24200,5,1,1.42152
24200,4,1,1.31218
24301,3,1,0.59301
24301,5,1,0.94882
24301,4,1,0.83022
24302,2,1,0.98806
24302,1,1,0.98806
24404,2,1,0.82447
24404,1,1,1.06003
24411,3,1,1.53628
24411,5,1,1.42655
24411,4,1,1.09735
24511,3,1,0.83716
24511,5,1,0.83716
24511,4,1,1.91352
24512,2,1,0.99439
24512,1,1,0.99439
24611,3,1,1.19467
24611,5,1,1.31414
24611,4,1,0.83627
24623,2,1,1.41029
24623,1,1,1.19332
24712,3,1,1.30083
24712,5,1,0.94606
24712,4,1,0.47303
24732,2,1,0.00000
24732,1,1,0.00000
24821,3,1,0.54952
24821,5,1,1.09905
24821,4,1,1.31886
24834,2,1,1.88882
24834,1,1,2.47908
24930,3,1,1.10244
24930,5,1,0.44098
24930,4,1,1.54342
24943,2,1,1.31727
24943,1,1,0.87818
25030,3,1,1.67258
25030,5,1,1.79204
25030,4,1,1.19470
25043,2,1,0.00000
25043,1,1,1.07710
25131,3,1,0.95664
25131,5,1,1.07622
25131,4,1,0.59790
25153,2,1,0.00000
25153,1,1,1.19424
25231,3,1,0.71748
25231,5,1,1.43497
25231,4,1,0.83706
25262,2,1,3.30414
25262,1,1,0.88110
25341,3,1,1.52037
25341,5,1,0.97738
25341,4,1,0.00000
25364,2,1,0.82702
25364,1,1,0.35444
25451,3,1,0.87191
25451,5,1,0.98090
25451,4,1,2.28877
25472,2,1,0.99383
25472,1,1,2.09808
25561,3,1,1.20367
25561,5,1,1.09425
25561,4,1,1.09425
25573,2,1,1.07200
25573,1,1,0.83378
25671,3,1,1.08772
25671,5,1,0.65263
25671,4,1,1.08772
25673,2,1,1.19353
25673,1,1,0.47741
25780,3,1,0.00000
25780,5,1,0.98586
25780,4,1,1.53356
25782,2,1,0.87644
25782,1,1,1.31466
25880,3,1,2.03545
25880,5,1,1.31705
25880,4,1,0.95786
25882,2,1,1.31757
25882,1,1,1.07801
25980,3,1,0.83885
25980,5,1,1.31820
25980,4,1,1.19836
25993,2,1,0.32559
25993,1,1,0.97677
26090,3,1,1.20226
26090,5,1,1.09296
26090,4,1,0.43718
26104,2,1,1.61793
26104,1,1,0.21572
26191,3,1,1.18795
26191,5,1,0.00000
26191,4,1,1.78192
26212,2,1,1.32828
26212,1,1,1.88174
26300,3,1,0.98770
26300,5,1,1.97540
26300,4,1,0.87796
26323,2,1,0.97186
26323,1,1,0.97186
26401,3,1,1.54715
26401,5,1,1.07111
26401,4,1,0.83308
26433,2,1,0.43767
26433,1,1,0.21883
26510,3,1,0.43830
26510,5,1,0.76702
26510,4,1,0.65744
26543,2,1,1.41294
26543,1,1,2.06506
26621,3,1,0.86784
26621,5,1,0.75936
26621,4,1,1.51872
26652,2,1,1.32042
26652,1,1,1.21038
26730,3,1,1.20386
26730,5,1,0.21888
26730,4,1,0.10944
26752,2,1,0.00000
26752,1,1,0.00000
26830,3,1,0.71904
26830,5,1,2.15712
26830,4,1,1.19840
26853,2,1,1.90616
26853,1,1,1.78702
26931,3,1,1.43114
26931,5,1,0.47705
26931,4,1,1.90819
26953,2,1,1.30780
26953,1,1,1.54559
27040,3,1,0.98545
27040,5,1,1.64242
27040,4,1,1.42343
27056,2,1,0.82028
27056,1,1,0.82028
27140,3,1,1.31535
27140,5,1,0.83704
27140,4,1,0.71746
27163,2,1,0.00000
27163,1,1,1.00667
27241,3,1,0.83524
27241,5,1,1.19320
27241,4,1,1.07388
27273,2,1,2.29246
27273,1,1,0.87332
27350,3,1,1.53289
27350,5,1,1.31390
27350,4,1,1.09492
27382,2,1,0.21845
27382,1,1,1.41993
27451,3,1,0.35656
27451,5,1,0.83197
27451,4,1,1.30739
27482,2,1,1.43517
27482,1,1,0.11960
27552,3,1,1.41762
27552,5,1,1.06322
27552,4,1,0.59068
27593,2,1,1.41389
27593,1,1,2.06645
27660,3,1,1.55829
27660,5,1,1.44698
27660,4,1,1.55829
27704,2,1,1.08008
27704,1,1,0.86406
27770,3,1,0.87225
27770,5,1,0.98128
27770,4,1,1.30837
27813,2,1,0.54996
27813,1,1,0.32998
27871,3,1,1.07236
27871,5,1,0.59576
27871,4,1,0.59576
27915,2,1,1.75542
27915,1,1,1.52136
27980,3,1,0.54721
27980,5,1,1.42274
27980,4,1,1.09442
28023,2,1,0.89117
28023,1,1,1.55955
28080,3,1,1.43438
28080,5,1,0.71719
28080,4,1,0.83672
28132,2,1,1.09272
28132,1,1,0.32782
28182,3,1,1.65495
28182,5,1,1.53674
28182,4,1,1.41853
28233,2,1,1.31260
28233,1,1,1.78990
28290,3,1,0.77306
28290,5,1,0.99394
28290,4,1,0.11044
28343,2,1,0.76346
28343,1,1,0.87253
28390,3,1,0.95834
28390,5,1,0.35938
28390,4,1,0.00000
28452,2,1,1.20178
28452,1,1,0.87402
28500,3,1,1.20022
28500,5,1,1.09111
28500,4,1,2.61867
28563,2,1,1.08547
28563,1,1,1.62820
28600,3,1,0.95721
28600,5,1,1.67511
28600,4,1,1.07686
28672,2,1,0.98614
28672,1,1,0.76700
28711,3,1,1.18694
28711,5,1,0.97113
28711,4,1,1.29484
28772,2,1,0.59640
28772,1,1,1.19279
28822,3,1,1.08452
28822,5,1,0.75917
28822,4,1,0.43381
28873,2,1,1.67639
28873,1,1,1.07768
28931,3,1,0.98783
28931,5,1,0.98783
28931,4,1,1.53662
28973,2,1,1.07083
28973,1,1,1.18981
29040,3,1,0.98773
29040,5,1,1.53647
29040,4,1,1.09748
29082,2,1,0.88022
29082,1,1,1.21031
29141,3,1,0.95233
29141,5,1,0.71425
29141,4,1,0.83329
29183,2,1,1.07177
29183,1,1,0.00000
29241,3,1,1.55355
29241,5,1,1.31455
29241,4,1,1.43405
29292,2,1,1.20544
29292,1,1,1.42461
29350,3,1,0.87768
29350,5,1,0.43884
29350,4,1,0.87768
29392,2,1,1.07804
29392,1,1,1.31761
29460,3,1,0.98174
29460,5,1,1.96348
29460,4,1,0.54541
29503,2,1,1.18687
29503,1,1,0.64738
29570,3,1,1.08780
29570,5,1,1.08780
29570,4,1,1.08780
29613,2,1,0.43724
29613,1,1,0.00000
29672,3,1,0.59224
29672,5,1,0.59224
29672,4,1,0.94759
29722,2,1,1.64579
29722,1,1,2.85271
29780,3,1,1.54517
29780,5,1,1.54517
29780,4,1,1.65554
29825,2,1,0.46655
29825,1,1,0.00000
29880,3,1,0.71753
29880,5,1,0.59794
29880,4,1,0.95670
29932,2,1,0.67053
29932,1,1,1.89983
29981,3,1,1.18994
29981,5,1,0.00000
29981,4,1,1.18994
30042,2,1,1.52342
30042,1,1,1.08816
30090,3,1,1.20680
30090,5,1,2.63303
30090,4,1,0.10971
30143,2,1,0.95325
30143,1,1,1.07240
30191,3,1,1.19239
30191,5,1,0.00000
30191,4,1,2.14630
30254,2,1,0.86172
30254,1,1,1.18486
30301,3,1,0.98340
30301,5,1,1.85753
30301,4,1,0.76486
30362,2,1,1.21692
30362,1,1,0.99566
30401,3,1,0.83843
30401,5,1,0.83843
30401,4,1,1.43730
30463,2,1,0.71858
30463,1,1,0.47905
30501,3,1,1.55442
30501,5,1,1.19571
30501,4,1,1.19571
30563,2,1,1.55756
30563,1,1,1.19812
30611,3,1,0.21706
30611,5,1,1.19385
30611,4,1,0.86826
30664,2,1,1.18386
30664,1,1,1.30225
30721,3,1,1.20127
30721,5,1,0.76445
30721,4,1,0.76445
30773,2,1,1.42791
30773,1,1,1.64759
30831,3,1,1.64079
30831,5,1,0.98447
30831,4,1,0.98447
30883,2,1,0.54524
30883,1,1,0.87238
30941,3,1,0.43539
30941,5,1,1.08848
30941,4,1,1.52388
30983,2,1,1.31137
30983,1,1,0.59608
31050,3,1,1.64354
31050,5,1,1.20526
31050,4,1,1.20526
31092,2,1,0.98919
31092,1,1,1.09910
31150,3,1,0.35827
31150,5,1,0.95538
31150,4,1,0.59711
31202,2,1,0.54538
31202,1,1,0.98169
31251,3,1,1.54126
31251,5,1,1.30414
31251,4,1,0.82991
31304,2,1,0.00000
31304,1,1,1.17743
31361,3,1,0.65795
31361,5,1,0.87727
31361,4,1,1.42556
31405,2,1,2.72326
31405,1,1,1.65764
31470,3,1,1.42211
31470,5,1,1.42211
31470,4,1,0.54696
31513,2,1,0.55329
31513,1,1,0.00000
31571,3,1,0.00000
31571,5,1,0.71595
31571,4,1,1.67056
31623,2,1,1.64430
31623,1,1,1.64430
31681,3,1,2.39761
31681,5,1,1.30779
31681,4,1,1.08982
31733,2,1,0.97803
31733,1,1,1.19537
31790,3,1,0.87631
31790,5,1,1.09539
31790,4,1,0.87631
31845,2,1,0.96427
31845,1,1,0.74999
31890,3,1,0.59787
31890,5,1,0.47829
31890,4,1,1.19573
31957,2,1,1.39034
31957,1,1,0.00000
32000,3,1,0.54447
32000,5,1,0.10889
32000,4,1,0.54447
32062,2,1,0.68260
32062,1,1,2.38911
32101,3,1,0.83744
32101,5,1,1.43561
32101,4,1,0.00000
32162,2,1,0.95837
32162,1,1,1.07816
32210,3,1,1.19930
32210,5,1,1.30833
32210,4,1,0.98125
32273,2,1,0.97475
32273,1,1,0.00000
32311,3,1,0.95624
32311,5,1,1.19530
32311,4,1,1.31483
32382,2,1,1.20491
32382,1,1,2.19074
32420,3,1,1.64036
32420,5,1,0.76550
32420,4,1,1.64036
32483,2,1,1.07598
32483,1,1,0.71732
32521,3,1,0.94939
32521,5,1,1.66143
32521,4,1,0.94939
32584,2,1,1.06428
32584,1,1,0.00000
32630,3,1,1.64981
32630,5,1,1.20986
32630,4,1,1.86978
32694,2,1,1.19837
32694,1,1,2.17885
32731,3,1,0.00000
32731,5,1,0.94706
32731,4,1,0.82868
32795,2,1,1.07263
32795,1,1,1.07263
32840,3,1,1.21008
32840,5,1,1.10008
32840,4,1,1.54011
32895,2,1,0.35881
32895,1,1,1.31564
32940,3,1,2.03535
32940,5,1,0.83808
32940,4,1,0.59863
33003,2,1,1.76453
33003,1,1,0.88226
33041,3,1,0.35680
33041,5,1,1.30827
33041,4,1,1.18934
33112,2,1,1.09981
33112,1,1,1.09981
33150,3,1,0.76992
33150,5,1,0.76992
33150,4,1,0.43995
33213,2,1,1.06954
33213,1,1,0.23768
33251,3,1,1.67126
33251,5,1,1.19376
33251,4,1,1.43251
33323,2,1,0.98011
33323,1,1,1.96022
33362,3,1,1.18514
33362,5,1,0.96966
33362,4,1,1.61610
33432,2,1,1.31731
33432,1,1,1.20753
33471,3,1,1.10272
33471,5,1,0.00000
33471,4,1,0.44109
33537,2,1,0.80393
33537,1,1,0.80393
33571,3,1,0.59787
33571,5,1,2.03275
33571,4,1,1.55445
33642,2,1,1.13629
33642,1,1,0.79540
33680,3,1,1.20224
33680,5,1,1.09294
33680,4,1,1.31153
33743,2,1,1.07143
33743,1,1,1.30953
33781,3,1,1.66996
33781,5,1,1.43140
33781,4,1,0.47713
33845,2,1,1.29237
33845,1,1,1.29237
33890,3,1,0.76693
33890,5,1,0.87650
33890,4,1,1.09562
33952,2,1,1.22841
33952,1,1,0.89339
34000,3,1,1.41345
34000,5,1,1.19600
34000,4,1,1.52218
34053,2,1,0.00000
34053,1,1,0.47803
34101,3,1,0.71733
34101,5,1,1.07600
34101,4,1,0.83689
34155,2,1,1.98472
34155,1,1,1.16748
34210,3,1,1.20462
34210,5,1,0.87609
34210,4,1,1.31413
34263,2,1,0.00000
34263,1,1,1.33528
34310,3,1,1.07773
34310,5,1,1.07773
34310,4,1,0.59874
34374,2,1,2.04825
34374,1,1,1.29363
34420,3,1,1.30675
34420,5,1,1.19786
34420,4,1,1.52454
34483,2,1,0.00000
34483,1,1,0.77220
34521,3,1,0.11920
34521,5,1,1.19196
34521,4,1,0.95357
34587,2,1,1.73042
34587,1,1,1.26898
34621,3,1,0.83476
34621,5,1,0.95401
34621,4,1,1.19251
34693,2,1,1.69639
34693,1,1,0.56546
34730,3,1,1.97560
34730,5,1,0.98780
34730,4,1,0.98780
34794,2,1,0.00000
34794,1,1,1.53328
34832,3,1,0.82561
34832,5,1,1.06150
34832,4,1,1.17945
34902,2,1,1.55108
34902,1,1,1.44029
34940,3,1,1.43787
34940,5,1,1.32727
34940,4,1,0.44242
35004,2,1,1.30001
35004,1,1,0.11818
35041,3,1,0.59313
35041,5,1,0.83038
35041,4,1,0.00000
35112,2,1,1.21523
35112,1,1,1.32570
35150,3,1,1.10194
35150,5,1,0.77136
35150,4,1,1.87329
35213,2,1,0.71636
35213,1,1,1.19393
35251,3,1,1.42764
35251,5,1,0.95176
35251,4,1,1.54661
35323,2,1,0.10861
35323,1,1,1.30331
35360,3,1,0.98473
35360,5,1,1.20356
35360,4,1,0.87532
35433,2,1,1.85562
35433,1,1,0.98238
35461,3,1,0.83770
35461,5,1,0.83770
35461,4,1,1.43606
35543,2,1,1.52671
35543,1,1,1.09051
35571,3,1,1.08920
35571,5,1,0.00000
35571,4,1,0.76244
35643,2,1,0.11902
35643,1,1,0.11902
35671,3,1,0.83798
35671,5,1,2.27453
35671,4,1,1.19712
35752,2,1,1.64810
35752,1,1,2.19747
35780,3,1,1.09198
35780,5,1,0.54599
35780,4,1,0.65519
35853,2,1,0.83291
35853,1,1,0.00000
35891,3,1,1.52175
35891,5,1,2.06523
35891,4,1,0.86957
35954,2,1,1.30341
35954,1,1,1.54039
35991,3,1,0.35836
35991,5,1,0.71672
35991,4,1,1.67234
36063,2,1,0.99562
36063,1,1,1.65936
36100,3,1,0.87757
36100,5,1,0.43879
36100,4,1,0.54848
36163,2,1,1.07078
36163,1,1,0.00000
36201,3,1,0.00000
36201,5,1,1.55227
36201,4,1,0.71643
36272,2,1,1.20748
36272,1,1,1.53679
36311,3,1,1.85469
36311,5,1,1.09099
36311,4,1,0.54550
36373,2,1,0.00000
36373,1,1,1.55414
36420,3,1,0.87235
36420,5,1,0.76331
36420,4,1,1.63565
36483,2,1,1.52647
36483,1,1,1.09034
36521,3,1,1.31691
36521,5,1,1.19719
36521,4,1,0.95775
36583,2,1,1.43713
36583,1,1,0.95809
36630,3,1,1.52944
36630,5,1,0.10925
36630,4,1,1.20170
36685,2,1,0.00000
36685,1,1,0.70258
36730,3,1,0.00000
36730,5,1,1.43419
36730,4,1,0.59758
36792,2,1,2.12379
36792,1,1,1.11779
36831,3,1,0.83856
36831,5,1,1.55733
36831,4,1,0.95836
36892,2,1,1.31811
36892,1,1,0.95862
36931,3,1,1.79178
36931,5,1,0.95561
36931,4,1,0.83616
36992,2,1,0.83681
36992,1,1,0.71727
37040,3,1,0.98376
37040,5,1,0.54653
37040,4,1,1.63959
37093,2,1,1.07708
37093,1,1,1.79514
37150,3,1,0.87289
37150,5,1,1.52756
37150,4,1,0.87289
37193,2,1,1.31821
37193,1,1,1.07854
37251,3,1,1.55500
37251,5,1,0.95692
37251,4,1,0.83731
37293,2,1,0.23905
37293,1,1,1.19523
37351,3,1,0.35745
37351,5,1,1.42980
37351,4,1,1.78725
37403,2,1,1.08958
37403,1,1,0.76271
37460,3,1,1.64453
37460,5,1,0.65781
37460,4,1,0.87708
37513,2,1,1.74436
37513,1,1,1.09023
37561,3,1,1.19442
37561,5,1,0.95554
37561,4,1,0.71665
37623,2,1,0.32544
37623,1,1,1.19329
37671,3,1,0.65429
37671,5,1,1.52667
37671,4,1,1.74476
37724,2,1,1.43107
37724,1,1,0.95405
37780,3,1,0.98450
37780,5,1,1.20328
37780,4,1,1.09389
37832,2,1,1.21556
37832,1,1,1.32607
37891,3,1,1.84623
37891,5,1,1.52043
37891,4,1,1.41182
37933,2,1,0.95526
37933,1,1,0.71645
38001,3,1,1.19178
38001,5,1,1.62515
38001,4,1,1.19178
38043,2,1,1.08849
38043,1,1,0.10885
38110,3,1,0.98808
38110,5,1,0.00000
38110,4,1,1.09787
38145,2,1,1.40440
38145,1,1,2.22364
38211,3,1,0.83549
38211,5,1,1.79033
38211,4,1,0.83549
38253,2,1,0.88565
38253,1,1,1.21777
38311,3,1,1.43799
38311,5,1,0.83883
38311,4,1,1.67766
38354,2,1,1.06753
38354,1,1,0.35584
38422,3,1,0.86447
38422,5,1,1.29670
38422,4,1,0.64835
38463,2,1,1.10127
38463,1,1,1.54178
38522,3,1,1.31545
38522,5,1,0.95669
38522,4,1,0.83711
38572,2,1,1.31783
38572,1,1,0.76873
38631,3,1,0.99193
38631,5,1,0.99193
38631,4,1,0.77150
38673,2,1,0.00000
38673,1,1,1.19145
38731,3,1,1.19767
38731,5,1,0.83837
38731,4,1,1.91627
38773,2,1,1.90790
38773,1,1,1.55017
38840,3,1,0.98164
38840,5,1,0.98164
38840,4,1,0.76350
38882,2,1,1.09890
38882,1,1,0.87912
38951,3,1,0.76080
38951,5,1,1.41291
38951,4,1,1.41291
38993,2,1,1.08376
38993,1,1,1.08376
39051,3,1,1.07753
39051,5,1,0.95780
39051,4,1,0.59863
39102,2,1,0.98599
39102,1,1,0.43822
39160,3,1,1.63998
39160,5,1,1.42132
39160,4,1,1.63998
39213,2,1,1.19304
39213,1,1,1.95225
39261,3,1,0.47720
39261,5,1,0.95441
39261,4,1,0.95441
39313,2,1,1.07425
39313,1,1,0.23872
39371,3,1,1.31047
39371,5,1,0.76444
39371,4,1,0.54603
39423,2,1,0.65785
39423,1,1,1.31569
39482,3,1,1.18870
39482,5,1,1.08063
39482,4,1,1.72901
39524,2,1,0.59001
39524,1,1,1.29803
39591,3,1,0.76880
39591,5,1,1.31794
39591,4,1,0.76880
39633,2,1,1.42711
39633,1,1,0.87822
39700,3,1,1.20028
39700,5,1,1.09116
39700,4,1,1.09116
39743,2,1,1.09291
39743,1,1,0.98362
39810,3,1,0.43615
39810,5,1,1.09037
39810,4,1,0.98133
39843,2,1,1.19271
39843,1,1,1.07344
39913,3,1,0.00000
39913,5,1,0.81888
39913,4,1,0.81888
39946,2,1,0.23474
39946,1,1,1.52582
40021,3,1,1.88819
40021,5,1,1.22177
40021,4,1,1.11070
40055,2,1,1.75181
40055,1,1,0.76642
40122,3,1,2.01615
40122,5,1,0.47439
40122,4,1,1.06737
40163,2,1,1.22480
40163,1,1,1.11345
40231,3,1,0.54755
40231,5,1,1.09510
40231,4,1,1.31412
40273,2,1,0.54482
40273,1,1,1.08964
40340,3,1,1.09741
40340,5,1,1.53637
40340,4,1,0.54870
40374,2,1,0.00000
40374,1,1,0.94989
40450,3,1,1.30727
40450,5,1,0.21788
40450,4,1,1.19833
40483,2,1,0.00000
40483,1,1,1.20356
40551,3,1,0.11970
40551,5,1,0.83787
40551,4,1,0.00000
40593,2,1,3.17188
40593,1,1,0.76562
40662,3,1,1.93834
40662,5,1,1.39991
40662,4,1,2.26140
40702,2,1,0.00000
40702,1,1,0.21823
40771,3,1,1.21124
40771,5,1,1.98203
40771,4,1,0.77079
40803,2,1,0.00000
40803,1,1,1.67598
40871,3,1,0.83759
40871,5,1,1.07690
40871,4,1,0.00000
40903,2,1,4.07297
40903,1,1,1.19793
40981,3,1,0.87289
40981,5,1,0.54556
40981,4,1,2.18222
41004,2,1,0.00000
41004,1,1,1.30549
41082,3,1,0.00000
41082,5,1,1.53762
41082,4,1,0.00000
41114,2,1,1.41552
41114,1,1,0.97997
41190,3,1,1.21520
41190,5,1,0.66284
41190,4,1,2.09899
41223,2,1,1.09136
41223,1,1,1.63704
41291,3,1,2.14308
41291,5,1,1.54778
41291,4,1,0.11906
41333,2,1,1.20777
41333,1,1,0.00000
41400,3,1,1.20552
41400,5,1,0.76715
41400,4,1,2.08227
41443,2,1,0.86531
41443,1,1,2.05511
41501,3,1,0.95833
41501,5,1,1.31770
41501,4,1,0.00000
41553,2,1,1.09228
41553,1,1,0.21846
41601,3,1,0.35923
41601,5,1,0.59872
41601,4,1,1.79615
41664,2,1,1.29223
41664,1,1,1.07686
41701,3,1,2.15378
41701,5,1,1.55551
41701,4,1,1.07689
41773,2,1,0.99432
41773,1,1,1.54672
41810,3,1,0.10931
41810,5,1,1.31173
41810,4,1,1.42104
41883,2,1,0.98282
41883,1,1,1.41963
41910,3,1,1.67759
41910,5,1,0.71897
41910,4,1,0.71897
41983,2,1,1.43395
41983,1,1,0.95597
42010,3,1,0.83860
42010,5,1,0.83860
42010,4,1,1.07820
42083,2,1,0.83739
42083,1,1,0.83739
42111,3,1,0.83676
42111,5,1,1.19538
42111,4,1,0.83676
42184,2,1,1.06497
42184,1,1,1.18330
42211,3,1,1.55568
42211,5,1,1.07701
42211,4,1,1.43601
42294,2,1,0.87520
42294,1,1,1.09400
42321,3,1,0.98079
42321,5,1,0.87182
42321,4,1,1.08977
42404,2,1,1.09245
42404,1,1,0.98321
42421,3,1,0.83657
42421,5,1,1.31461
42421,4,1,0.83657
42512,2,1,1.10199
42512,1,1,1.21219
42530,3,1,0.98633
42530,5,1,1.09592
42530,4,1,0.87674
42613,2,1,1.19535
42613,1,1,0.95628
42630,3,1,1.31783
42630,5,1,1.43763
42630,4,1,1.67724
42714,2,1,0.00000
42714,1,1,1.06330
42731,3,1,0.83517
42731,5,1,0.23862
42731,4,1,0.11931
42824,2,1,1.85812
42824,1,1,0.76511
42841,3,1,0.65531
42841,5,1,0.00000
42841,4,1,1.52905
42924,2,1,1.19602
42924,1,1,1.31562
42950,3,1,1.63702
42950,5,1,2.29183
42950,4,1,0.65481
43033,2,1,1.21018
43033,1,1,0.55008
43051,3,1,0.83692
43051,5,1,1.31516
43051,4,1,1.31516
43133,2,1,1.07567
43133,1,1,1.67326
43151,3,1,0.95539
43151,5,1,0.83596
43151,4,1,1.19423
43244,2,1,0.75637
43244,1,1,0.75637
43261,3,1,1.09247
43261,5,1,0.65548
43261,4,1,1.09247
43354,2,1,1.40955
43354,1,1,1.51798
43372,3,1,1.61171
43372,5,1,0.42979
43372,4,1,1.28936
43463,2,1,1.20975
43463,1,1,0.21995
43480,3,1,0.55466
43480,5,1,2.10769
43480,4,1,0.88745
43573,2,1,0.87771
43573,1,1,1.97484
43581,3,1,0.83666
43581,5,1,0.83666
43581,4,1,0.59762
43681,3,1,0.95795
43681,5,1,0.47898
43681,4,1,1.43693
43683,2,1,1.09045
43683,1,1,0.98140
43783,2,1,0.59919
43783,1,1,0.47936
43791,3,1,1.52363
43791,5,1,1.52363
43791,4,1,0.76181
43892,2,1,0.00000
43892,1,1,1.41794
43901,3,1,1.30617
43901,5,1,1.41502
43901,4,1,0.43539
43993,2,1,2.72979
43993,1,1,1.18686
44011,3,1,0.76248
44011,5,1,0.98033
44011,4,1,1.74281
44094,2,1,0.83389
44094,1,1,1.07215
44121,3,1,0.76434
44121,5,1,1.09192
44121,4,1,0.98272
44203,2,1,1.21255
44203,1,1,1.10232
44221,3,1,1.43388
44221,5,1,0.95592
44221,4,1,1.31439
44304,2,1,1.05991
44304,1,1,0.94214
44339,3,1,1.21657
44339,5,1,0.91243
44339,4,1,1.21657
44413,2,1,1.21500
44413,1,1,1.21500
44440,3,1,0.59169
44440,5,1,1.18337
44440,4,1,0.35501
44518,2,1,0.45699
44518,1,1,0.91398
44541,3,1,0.83625
44541,5,1,1.31410
44541,4,1,1.31410
44624,2,1,1.47018
44624,1,1,1.01782
44650,3,1,1.85746
44650,5,1,0.87410
44650,4,1,1.09262
44733,2,1,1.42794
44733,1,1,1.20825
44751,3,1,1.07329
44751,5,1,1.19254
44751,4,1,0.23851
44833,2,1,0.00000
44833,1,1,1.19772
44861,3,1,0.76484
44861,5,1,1.20190
44861,4,1,1.74821
44943,2,1,0.00000
44943,1,1,0.76128
44971,3,1,1.30478
44971,5,1,0.32620
44971,4,1,0.32620
45043,2,1,1.79503
45043,1,1,1.19669
45071,3,1,0.47818
45071,5,1,1.79317
45071,4,1,1.31499
45154,2,1,1.40753
45154,1,1,1.19098
45180,3,1,2.08065
45180,5,1,1.20459
45180,4,1,1.64262
45264,2,1,1.63976
45264,1,1,1.20249
45281,3,1,0.71672
45281,5,1,0.95563
45281,4,1,1.19454
45375,2,1,1.07687
45375,1,1,0.96918
45381,3,1,0.71813
45381,5,1,0.59844
45381,4,1,0.71813
45486,2,1,0.75571
45486,1,1,1.07958
45491,3,1,1.19963
45491,5,1,0.54529
45491,4,1,0.98152
45593,2,1,1.12088
45593,1,1,0.89670
45600,3,1,0.87371
45600,5,1,0.98292
45600,4,1,0.76449
45695,2,1,1.17329
45695,1,1,0.82130
45701,3,1,1.31497
45701,5,1,1.79314
45701,4,1,1.43451
45801,3,1,0.83830
45801,5,1,0.83830
45801,4,1,1.19757
45803,2,1,1.22405
45803,1,1,1.33533
45904,2,1,0.82924
45904,1,1,1.06617
45911,3,1,1.31029
45911,5,1,0.32757
45911,4,1,0.98272
46014,2,1,1.19988
46014,1,1,1.30896
46021,3,1,0.65184
46021,5,1,1.30368
46021,4,1,1.52096
46121,3,1,1.67625
46121,5,1,1.19732
46121,4,1,0.59866
46123,2,1,1.09956
46123,1,1,0.00000
46222,3,1,0.11835
46222,5,1,1.89366
46222,4,1,1.06518
46225,2,1,1.28976
46225,1,1,1.75877
46331,3,1,1.43717
46331,5,1,0.33165
46331,4,1,0.99496
46333,2,1,0.00000
46333,1,1,1.55005
46434,2,1,1.90092
46434,1,1,0.00000
46440,3,1,1.09219
46440,5,1,1.52907
46440,4,1,0.54610
46541,3,1,1.31448
46541,5,1,1.07548
46541,4,1,1.19498
46543,2,1,1.10331
46543,1,1,1.65496
46641,3,1,0.00000
46641,5,1,0.47909
46641,4,1,1.67682
46653,2,1,1.19957
46653,1,1,0.54526
46751,3,1,1.94827
46751,5,1,1.62355
46751,4,1,0.75766
46753,2,1,0.83803
46753,1,1,0.00000
46855,2,1,0.93356
46855,1,1,2.45060
46861,3,1,0.87732
46861,5,1,0.87732
46861,4,1,0.32900
46961,3,1,0.71548
46961,5,1,1.78869
46961,4,1,2.50417
46964,2,1,0.88484
46964,1,1,0.55302
47071,3,1,1.74467
47071,5,1,0.00000
47071,4,1,0.76329
47073,2,1,1.31642
47073,1,1,1.86492
47184,2,1,1.40714
47184,1,1,1.08242
47184,3,1,0.74256
47184,5,1,0.00000
47184,4,1,0.00000
47284,2,1,0.95458
47284,1,1,0.83525
47291,3,1,1.23828
47291,5,1,2.58914
47291,4,1,2.36400
47393,2,1,1.21577
47393,1,1,1.32630
47401,3,1,1.19804
47401,5,1,1.63369
47401,4,1,0.98022
47495,2,1,0.58686
47495,1,1,0.46949
47511,3,1,0.76267
47511,5,1,1.08952
47511,4,1,1.08952
47603,2,1,0.00000
47603,1,1,0.00000
47611,3,1,1.19745
47611,5,1,0.71847
47611,4,1,0.83822
47703,2,1,2.74214
47703,1,1,2.38447
47720,3,1,1.30964
47720,5,1,0.54568
47720,4,1,1.41878
47812,2,1,0.21961
47812,1,1,1.09807
47821,3,1,1.07477
47821,5,1,1.43302
47821,4,1,0.47767
47913,2,1,1.55611
47913,1,1,1.19701
47931,3,1,0.98114
47931,5,1,1.09016
47931,4,1,1.63524
48013,2,1,1.31279
48013,1,1,0.83541
48031,3,1,0.47913
48031,5,1,0.95827
48031,4,1,0.00000
48122,2,1,1.09522
48122,1,1,1.20474
48141,3,1,1.19369
48141,5,1,1.30221
48141,4,1,1.62776
48223,2,1,0.95428
48223,1,1,0.95428
48251,3,1,1.53370
48251,5,1,1.09550
48251,4,1,0.98595
48335,2,1,1.06365
48335,1,1,0.00000
48351,3,1,0.83368
48351,5,1,1.07187
48351,4,1,0.11910
48443,2,1,1.11752
48443,1,1,2.23505
48452,3,1,1.31351
48452,5,1,0.83587
48452,4,1,2.62702
48553,2,1,0.97885
48553,1,1,0.97885
48561,3,1,0.98924
48561,5,1,0.87933
48561,4,1,0.87933
48661,3,1,0.95565
48661,5,1,1.55294
48661,4,1,0.83620
48662,2,1,1.20326
48662,1,1,0.21877
48765,2,1,0.70056
48765,1,1,2.21844
48771,3,1,1.31030
48771,5,1,0.87353
48771,4,1,1.31030
48871,3,1,0.71701
48871,5,1,1.19502
48871,4,1,0.83651
48876,2,1,0.86738
48876,1,1,0.86738
48981,3,1,1.31141
48981,5,1,0.87427
48981,4,1,0.54642
48983,2,1,1.45645
48983,1,1,1.23238
49081,3,1,0.71313
49081,5,1,1.42626
49081,4,1,0.00000
49083,2,1,1.31502
49083,1,1,1.19547
49191,3,1,1.09880
49191,5,1,1.09880
49191,4,1,2.08773
49193,2,1,0.98297
49193,1,1,0.87375
49301,3,1,0.86844
49301,5,1,0.54277
49301,4,1,1.08555
49303,2,1,0.65133
49303,1,1,0.97699
49403,2,1,1.55605
49403,1,1,1.07727
49410,3,1,0.43748
49410,5,1,1.31243
49410,4,1,1.09369
49511,3,1,1.55618
49511,5,1,0.95765
49511,4,1,0.83794
49513,2,1,0.87383
49513,1,1,1.20151
49613,2,1,1.54912
49613,1,1,0.95331
49621,3,1,1.63448
49621,5,1,0.76276
49621,4,1,1.96137
49716,2,1,0.00000
49716,1,1,0.93624
49721,3,1,1.07725
49721,5,1,1.67572
49721,4,1,0.71816
49821,3,1,0.83864
49821,5,1,0.59903
49821,4,1,0.00000
49823,2,1,1.56264
49823,1,1,1.33941
49921,3,1,0.59783
49921,5,1,1.19565
49921,4,1,1.19565
49926,2,1,1.51945
49926,1,1,0.93504
50031,3,1,1.09168
50031,5,1,1.31001
50031,4,1,1.20085
50033,2,1,0.00000
50033,1,1,1.00391
50131,3,1,1.19212
50131,5,1,0.83448
50131,4,1,2.14581
50143,2,1,1.96852
50143,1,1,1.20298
50232,3,1,1.66989
50232,5,1,0.35783
50232,4,1,0.35783
50243,2,1,0.71422
50243,1,1,0.47615
50341,3,1,0.76875
50341,5,1,1.31786
50341,4,1,1.42769
50344,2,1,1.19602
50344,1,1,1.31562
50451,3,1,1.08528
50451,5,1,1.41087
50451,4,1,0.65117
50453,2,1,1.09903
50453,1,1,0.00000
50553,2,1,0.71903
50553,1,1,1.79756
50561,3,1,1.19637
50561,5,1,1.08761
50561,4,1,1.41389
50653,2,1,1.55786
50653,1,1,1.43802
50671,3,1,0.87575
50671,5,1,1.31363
50671,4,1,1.20416
50763,2,1,0.65421
50763,1,1,0.87228
50772,3,1,1.18869
50772,5,1,1.06982
50772,4,1,0.83208
50863,2,1,1.19321
50863,1,1,0.59660
50881,3,1,0.88009
50881,5,1,0.88009
50881,4,1,0.77008
50973,2,1,0.98071
50973,1,1,0.87175
50981,3,1,1.19749
50981,5,1,1.31724
50981,4,1,1.19749
51074,2,1,1.30767
51074,1,1,1.54543
51091,3,1,1.19794
51091,5,1,0.98013
51091,4,1,1.19794
51182,2,1,0.88168
51182,1,1,0.77147
51201,3,1,0.87284
51201,5,1,0.98195
51201,4,1,1.20016
51284,2,1,1.30456
51284,1,1,1.42315
51301,3,1,1.31750
51301,5,1,1.43728
51301,4,1,1.43728
51393,2,1,1.09905
51393,1,1,1.09905
51401,3,1,0.71887
51401,5,1,0.47924
51401,4,1,0.59906
51494,2,1,1.18155
51494,1,1,1.53602
51501,3,1,0.00000
51501,5,1,1.19517
51501,4,1,1.07566
51603,2,1,0.98843
51603,1,1,0.76878
51611,3,1,2.17567
51611,5,1,0.76148
51611,4,1,0.97905
51713,2,1,0.65214
51713,1,1,0.86952
51722,3,1,0.10846
51722,5,1,1.19306
51722,4,1,1.08460
51823,2,1,1.20773
51823,1,1,1.20773
51832,3,1,1.63539
51832,5,1,1.09026
51832,4,1,1.41733
51923,2,1,1.43214
51923,1,1,1.19345
51941,3,1,1.42818
51941,5,1,1.64790
51941,4,1,0.87888
52033,2,1,0.76222
52033,1,1,1.19777
52041,3,1,1.19408
52041,5,1,0.71645
52041,4,1,1.07467
52141,3,1,1.07348
52141,5,1,1.55059
52141,4,1,1.43131
52143,2,1,1.08462
52143,1,1,0.32539
52242,3,1,0.95708
52242,5,1,0.59818
52242,4,1,0.71781
52244,2,1,1.54708
52244,1,1,0.00000
52345,2,1,1.06492
52345,1,1,2.72146
52351,3,1,1.10013
52351,5,1,1.32015
52351,4,1,1.21014
52451,3,1,1.31343
52451,5,1,0.83582
52451,4,1,1.19403
52453,2,1,0.00000
52453,1,1,1.11720
52555,2,1,1.87918
52555,1,1,1.17449
52561,3,1,0.54634
52561,5,1,1.20195
52561,4,1,0.43707
52661,3,1,1.55596
52661,5,1,0.71814
52661,4,1,1.67565
52666,2,1,1.29233
52666,1,1,0.96925
52761,3,1,1.07456
52761,5,1,1.55215
52761,4,1,0.95517
52772,2,1,0.33815
52772,1,1,1.12715
52871,3,1,0.98537
52871,5,1,0.98537
52871,4,1,1.20435
52873,2,1,1.67074
52873,1,1,1.07405
52971,3,1,1.07839
52971,5,1,1.31803
52971,4,1,0.83875
52984,2,1,0.97316
52984,1,1,1.18941
53081,3,1,0.76221
53081,5,1,0.54444
53081,4,1,1.52442
53093,2,1,0.65853
53093,1,1,0.21951
53181,3,1,1.54732
53181,5,1,1.42830
53181,4,1,0.47610
53193,2,1,1.55278
53193,1,1,1.67222
53291,3,1,0.54752
53291,5,1,0.98554
53291,4,1,0.87604
53293,2,1,0.95730
53293,1,1,1.43595
53401,3,1,1.41706
53401,5,1,1.52607
53401,4,1,1.52607
53403,2,1,1.31557
53403,1,1,0.00000
53504,2,1,0.82819
53504,1,1,2.01131
53511,3,1,1.09088
53511,5,1,0.87271
53511,4,1,0.65453
53605,2,1,0.94836
53605,1,1,0.35564
53611,3,1,0.71842
53611,5,1,0.95790
53611,4,1,1.55658
53713,2,1,1.33158
53713,1,1,1.44255
53721,3,1,1.52490
53721,5,1,1.08922
53721,4,1,1.19814
53823,2,1,0.76240
53823,1,1,1.30697
53831,3,1,0.54426
53831,5,1,0.97966
53831,4,1,0.87081
53933,2,1,1.30748
53933,1,1,0.87165
53940,3,1,1.63928
53940,5,1,0.98357
53940,4,1,0.65571
54041,3,1,1.07692
54041,5,1,1.31624
54041,4,1,0.00000
54043,2,1,1.20238
54043,1,1,1.09307
54141,3,1,0.59827
54141,5,1,1.07689
54141,4,1,1.91447
54144,2,1,0.94666
54144,1,1,1.53832
54241,3,1,1.43541
54241,5,1,0.83732
54241,4,1,1.67465
54253,2,1,0.54886
54253,1,1,0.00000
54351,3,1,0.21803
54351,5,1,0.76311
54351,4,1,0.54508
54363,2,1,1.42297
54363,1,1,1.53242
54451,3,1,1.66762
54451,5,1,1.31027
54451,4,1,1.07204
54463,2,1,1.43772
54463,1,1,1.43772
54561,3,1,1.20847
54561,5,1,1.64792
54561,4,1,1.64792
54563,2,1,0.83881
54563,1,1,0.83881
54661,3,1,0.95730
54661,5,1,0.11966
54661,4,1,0.95730
54673,2,1,1.30761
54673,1,1,0.54484
54761,3,1,1.19652
54761,5,1,1.67513
54761,4,1,0.35896
54773,2,1,0.83888
54773,1,1,1.79760
54871,3,1,0.97758
54871,5,1,0.86896
54871,4,1,1.41205
54873,2,1,1.07793
54873,1,1,0.95816
54981,3,1,1.19611
54981,5,1,0.97863
54981,4,1,1.41358
54983,2,1,1.30827
54983,1,1,1.19925
55085,2,1,0.93907
55085,1,1,0.82169
55091,3,1,0.87646
55091,5,1,1.09557
55091,4,1,0.87646
55191,3,1,0.47861
55191,5,1,1.31617
55191,4,1,0.83757
55193,2,1,0.55488
55193,1,1,1.33172
55291,3,1,1.67670
55291,5,1,0.83835
55291,4,1,0.95812
55293,2,1,1.54918
55293,1,1,1.07251
55401,3,1,1.41930
55401,5,1,1.09177
55401,4,1,0.98259
55404,2,1,1.40260
55404,1,1,1.18681
55511,3,1,0.54511
55511,5,1,0.65414
55511,4,1,0.98120
55513,2,1,0.66210
55513,1,1,0.88280
55611,3,1,1.31480
55611,5,1,1.79290
55611,4,1,1.79290
55614,2,1,1.18949
55614,1,1,1.42739
55715,2,1,0.59016
55715,1,1,0.35410
55721,3,1,1.09305
55721,5,1,0.43722
55721,4,1,1.09305
55823,2,1,0.00000
55823,1,1,0.00000
55831,3,1,1.08448
55831,5,1,1.30137
55831,4,1,0.10845
55933,2,1,2.39523
55933,1,1,0.00000
55941,3,1,1.31365
55941,5,1,1.31365
55941,4,1,2.18942
56034,2,1,1.18752
56034,1,1,3.91882
56052,3,1,0.75545
56052,5,1,0.64753
56052,4,1,0.86337
56143,2,1,0.87622
56143,1,1,0.54763
56161,3,1,0.88019
56161,5,1,0.88019
56161,4,1,0.44009
56252,2,1,1.42329
56252,1,1,1.20432
56271,3,1,1.30655
56271,5,1,1.52431
56271,4,1,1.52431
56353,2,1,0.71434
56353,1,1,1.07151
56371,3,1,1.19247
56371,5,1,0.11925
56371,4,1,0.59624
56456,2,1,1.05250
56456,1,1,0.93556
56485,3,1,0.84296
56485,5,1,1.79128
56485,4,1,1.05370
56563,2,1,1.00142
56563,1,1,0.66761
56591,3,1,1.01833
56591,5,1,0.90518
56591,4,1,1.13147
56673,2,1,1.30930
56673,1,1,1.41841
56691,3,1,1.43791
56691,5,1,1.19826
56691,4,1,1.67756
56783,2,1,0.98417
56783,1,1,1.53093
56791,3,1,0.59535
56791,5,1,1.30977
56791,4,1,1.19070
56884,2,1,1.06857
56884,1,1,0.47492
56901,3,1,1.42613
56901,5,1,1.09702
56901,4,1,0.98732
56993,2,1,0.21985
56993,1,1,1.31909
57011,3,1,0.98126
57011,5,1,0.98126
57011,4,1,0.54514
57095,2,1,1.99471
57095,1,1,1.05602
57111,3,1,1.43386
57111,5,1,0.83642
57111,4,1,1.43386
57203,2,1,1.11080
57203,1,1,1.22188
57222,3,1,0.53742
57222,5,1,1.07485
57222,4,1,0.42994
57303,2,1,0.71746
57303,1,1,0.83704
57331,3,1,0.88426
57331,5,1,1.21586
57331,4,1,1.10533
57412,2,1,0.32832
57412,1,1,0.98495
57441,3,1,1.19976
57441,5,1,1.63604
57441,4,1,1.41790
57513,2,1,1.89802
57513,1,1,1.06764
57541,3,1,1.55608
57541,5,1,0.23940
57541,4,1,1.55608
57624,2,1,1.30126
57624,1,1,1.40970
57651,3,1,0.87107
57651,5,1,1.08884
57651,4,1,0.65330
57733,2,1,0.88178
57733,1,1,0.77156
57751,3,1,0.11977
57751,5,1,0.47907
57751,4,1,1.31744
57833,2,1,1.43604
57833,1,1,0.23934
57861,3,1,1.63126
57861,5,1,0.00000
57861,4,1,0.76125
57934,2,1,0.00000
57934,1,1,1.90366
57971,3,1,0.76628
57971,5,1,2.62723
57971,4,1,0.76628
58043,2,1,1.64245
58043,1,1,1.31396
58071,3,1,1.19830
58071,5,1,0.95864
58071,4,1,0.59915
58154,2,1,1.39966
58154,1,1,1.29199
58171,3,1,0.83776
58171,5,1,0.47872
58171,4,1,1.55584
58263,2,1,0.00000
58263,1,1,0.77413
58271,3,1,0.83884
58271,5,1,0.83884
58271,4,1,0.59917
58365,2,1,0.00000
58365,1,1,1.17331
58371,3,1,0.83317
58371,5,1,1.19025
58371,4,1,1.66635
58473,2,1,2.77300
58473,1,1,0.99828
58481,3,1,1.53419
58481,5,1,0.87668
58481,4,1,0.65751
58583,2,1,1.08477
58583,1,1,1.08477
58591,3,1,0.54171
58591,5,1,1.19176
58591,4,1,1.51678
58693,2,1,0.98555
58693,1,1,0.98555
58701,3,1,1.52515
58701,5,1,1.08940
58701,4,1,0.76258
58793,2,1,1.19111
58793,1,1,1.31022
58811,3,1,1.31596
58811,5,1,1.64495
58811,4,1,1.09663
58893,2,1,1.07713
58893,1,1,0.95745
58921,3,1,1.19898
58921,5,1,1.08998
58921,4,1,1.19898
58994,2,1,0.83524
58994,1,1,0.83524
59021,3,1,0.83696
59021,5,1,1.31523
59021,4,1,1.19566
59103,2,1,1.10113
59103,1,1,1.10113
59121,3,1,1.43801
59121,5,1,0.83884
59121,4,1,1.79751
59203,2,1,0.59599
59203,1,1,1.31117
59231,3,1,0.00000
59231,5,1,0.54363
59231,4,1,0.65235
59313,2,1,1.63953
59313,1,1,0.87442
59341,3,1,2.17673
59341,5,1,2.28557
59341,4,1,1.63255
59415,2,1,1.06071
59415,1,1,1.06071
59443,3,1,0.70608
59443,5,1,0.47072
59443,4,1,0.94144
59525,2,1,1.08432
59525,1,1,0.75902
59551,3,1,1.22098
59551,5,1,1.88696
59551,4,1,0.88798
59633,2,1,1.11026
59633,1,1,1.22128
59661,3,1,0.00000
59661,5,1,0.00000
59661,4,1,0.00000
59743,2,1,0.87590
59743,1,1,1.09488
59771,3,1,2.17958
59771,5,1,1.30775
59771,4,1,1.19877
59844,2,1,1.30467
59844,1,1,1.42328
59881,3,1,0.87391
59881,5,1,0.87391
59881,4,1,1.63858
59953,2,1,0.98891
59953,1,1,0.98891
59991,3,1,1.08530
59991,5,1,1.51942
59991,4,1,0.86824
60053,2,1,0.71573
60053,1,1,0.95431
60101,3,1,1.09340
60101,5,1,0.65604
60101,4,1,0.43736
60163,2,1,1.30516
60163,1,1,0.97887
60211,3,1,0.00000
60211,5,1,1.63332
60211,4,1,1.30666
60274,2,1,0.97780
60274,1,1,0.97780
60321,3,1,1.30664
60321,5,1,0.54444
60321,4,1,1.74219
60383,2,1,0.87355
60383,1,1,1.09194
60431,3,1,1.20020
60431,5,1,0.76376
60431,4,1,0.00000
60484,2,1,1.19045
60484,1,1,1.07140
60531,3,1,1.07147
60531,5,1,1.54767
60531,4,1,0.95242
60594,2,1,1.08472
60594,1,1,0.97625
60641,3,1,0.76376
60641,5,1,0.43643
60641,4,1,2.18216
60703,2,1,1.10648
60703,1,1,1.21713
60741,3,1,1.91556
60741,5,1,2.15501
60741,4,1,0.23945
60813,2,1,1.19340
60813,1,1,1.30189
60851,3,1,0.54692
60851,5,1,0.65631
60851,4,1,1.53139
60923,2,1,0.76518
60923,1,1,0.76518
60961,3,1,1.19588
60961,5,1,1.19588
60961,4,1,0.76101
61023,2,1,1.31457
61023,1,1,1.19507
61071,3,1,1.19886
61071,5,1,1.08987
61071,4,1,1.30784
61124,2,1,1.07295
61124,1,1,0.59608
61172,3,1,1.31085
61172,5,1,0.59584
61172,4,1,1.43001
61233,2,1,1.42845
61233,1,1,1.31857
61281,3,1,1.20708
61281,5,1,1.64602
61281,4,1,0.98761
61335,2,1,0.94228
61335,1,1,0.70671
61381,3,1,0.00000
61381,5,1,0.11981
61381,4,1,0.71885
61443,2,1,0.33185
61443,1,1,1.21678
61481,3,1,0.00000
61481,5,1,2.03135
61481,4,1,1.31440
61543,2,1,2.02991
61543,1,1,1.31347
61591,3,1,2.73240
61591,5,1,0.54648
61591,4,1,1.42085
61644,2,1,0.94898
61644,1,1,0.47449
61691,3,1,1.19470
61691,5,1,0.83629
61691,4,1,0.47788
61745,2,1,0.47436
61745,1,1,1.42308
61801,3,1,1.09111
61801,5,1,1.85489
61801,4,1,1.20022
61853,2,1,1.56295
61853,1,1,1.33967
61911,3,1,0.54612
61911,5,1,0.65534
61911,4,1,1.20146
61954,2,1,0.95037
61954,1,1,1.06916
62011,3,1,1.19445
62011,5,1,0.35833
62011,4,1,0.95556
62054,2,1,0.71595
62054,1,1,0.83528
62121,3,1,1.08856
62121,5,1,1.52399
62121,4,1,1.19742
62163,2,1,1.43022
62163,1,1,0.99015
62231,3,1,1.41945
62231,5,1,1.63783
62231,4,1,1.31026
62263,2,1,0.95580
62263,1,1,0.23895
62341,3,1,0.10910
62341,5,1,0.76370
62341,4,1,0.54550
62374,2,1,1.08466
62374,1,1,1.73546
62441,3,1,1.55752
62441,5,1,0.95847
62441,4,1,0.23962
62484,2,1,0.97487
62484,1,1,1.29983
62541,3,1,1.31332
62541,5,1,0.59696
62541,4,1,1.55210
62594,2,1,0.76809
62594,1,1,0.00000
62651,3,1,1.20076
62651,5,1,1.20076
62651,4,1,0.76412
62695,2,1,1.65916
62695,1,1,1.65916
62762,3,1,0.75732
62762,5,1,1.40646
62762,4,1,1.51465
62803,2,1,1.32435
62803,1,1,1.21398
62872,3,1,0.97761
62872,5,1,0.54312
62872,4,1,1.41211
62913,2,1,0.00000
62913,1,1,1.30844
62981,3,1,1.43530
62981,5,1,1.10408
62981,4,1,0.77285
63023,2,1,1.64157
63023,1,1,1.20382
63081,3,1,0.59860
63081,5,1,1.55636
63081,4,1,0.95776
63123,2,1,1.07806
63123,1,1,0.83849
63181,3,1,1.43358
63181,5,1,0.95572
63181,4,1,1.19465
63223,2,1,0.00000
63223,1,1,0.95727
63281,3,1,1.07536
63281,5,1,1.55329
63281,4,1,0.83639
63333,2,1,2.18169
63333,1,1,1.19993
63391,3,1,0.10930
63391,5,1,0.54650
63391,4,1,0.76510
63444,2,1,0.96766
63444,1,1,1.07517
63491,3,1,0.95633
63491,5,1,0.00000
63491,4,1,0.71725
63544,2,1,1.31649
63544,1,1,1.07713
63601,3,1,1.63887
63601,5,1,1.52962
63601,4,1,1.74813
63655,2,1,1.08589
63655,1,1,0.43436
63702,3,1,0.94740
63702,5,1,1.65795
63702,4,1,1.06582
63763,2,1,0.44194
63763,1,1,1.43631
63811,3,1,1.76396
63811,5,1,1.54346
63811,4,1,1.32297
63865,2,1,1.52908
63865,1,1,1.05859
63911,3,1,0.00000
63911,5,1,0.59869
63911,4,1,1.19738
63965,2,1,1.55643
63965,1,1,1.31698
64021,3,1,1.19827
64021,5,1,1.30720
64021,4,1,1.08934
64074,2,1,0.99302
64074,1,1,1.21369
64132,3,1,1.94265
64132,5,1,1.40303
64132,4,1,0.53963
64183,2,1,0.10973
64183,1,1,0.76813
64241,3,1,1.10092
64241,5,1,0.66055
64241,4,1,1.43120
64285,2,1,1.41225
64285,1,1,0.94150
64341,3,1,1.07319
64341,5,1,1.19244
64341,4,1,1.43093
64393,2,1,1.33115
64393,1,1,1.22022
64442,3,1,1.19447
64442,5,1,0.71668
64442,4,1,1.07502
64504,2,1,1.07777
64504,1,1,0.00000
64542,3,1,1.19623
64542,5,1,1.55511
64542,4,1,1.31586
64604,2,1,0.95732
64604,1,1,1.79498
64651,3,1,0.98863
64651,5,1,0.98863
64651,4,1,0.54924
64713,2,1,1.10373
64713,1,1,1.21411
64751,3,1,1.19815
64751,5,1,1.07833
64751,4,1,1.67741
64816,2,1,1.16559
64816,1,1,1.16559
64851,3,1,1.31321
64851,5,1,0.00000
64851,4,1,0.00000
64925,2,1,0.00000
64925,1,1,1.31308
64961,3,1,0.32751
64961,5,1,1.85590
64961,4,1,1.41922
65033,2,1,1.44202
65033,1,1,0.77647
65061,3,1,1.43395
65061,5,1,1.31445
65061,4,1,1.07546
65133,2,1,1.55298
65133,1,1,1.55298
65171,3,1,1.20647
65171,5,1,0.76776
65171,4,1,1.20647
65245,2,1,1.28360
65245,1,1,0.00000
65271,3,1,1.31228
65271,5,1,0.59649
65271,4,1,1.19298
65355,2,1,1.20008
65355,1,1,2.07287
65381,3,1,0.87199
65381,5,1,1.96198
65381,4,1,0.54499
65463,2,1,0.88817
65463,1,1,0.88817
65482,3,1,1.18783
65482,5,1,0.83148
65482,4,1,1.42539
65564,2,1,0.83130
65564,1,1,0.00000
65591,3,1,1.20971
65591,5,1,1.20971
65591,4,1,0.54987
65673,2,1,1.21108
65673,1,1,1.76158
65692,3,1,0.71305
65692,5,1,0.71305
65692,4,1,1.06958
65774,2,1,1.19184
65774,1,1,1.43021
65801,3,1,1.20327
65801,5,1,0.87510
65801,4,1,1.42204
65874,2,1,0.83675
65874,1,1,0.95629
65911,3,1,1.09375
65911,5,1,1.20312
65911,4,1,1.20312
65983,2,1,0.98618
65983,1,1,0.65746
66011,3,1,0.71862
66011,5,1,1.67677
66011,4,1,1.07792
66093,2,1,1.09411
66093,1,1,1.42234
66111,3,1,1.19162
66111,5,1,0.83413
66111,4,1,1.31078
66193,2,1,1.43626
66193,1,1,1.07719
66221,3,1,1.09819
66221,5,1,1.31783
66221,4,1,1.20801
66294,2,1,0.83238
66294,1,1,0.00000
66322,3,1,0.00000
66322,5,1,1.06375
66322,4,1,1.06375
66403,2,1,1.31155
66403,1,1,1.85804
66432,3,1,1.74689
66432,5,1,0.98263
66432,4,1,0.98263
66513,2,1,1.19743
66513,1,1,1.52400
66541,3,1,1.74998
66541,5,1,0.43750
66541,4,1,1.20311
66614,2,1,0.00000
66614,1,1,0.83462
66651,3,1,0.43747
66651,5,1,1.53114
66651,4,1,0.43747
66723,2,1,1.64481
66723,1,1,0.98689
66761,3,1,0.00000
66761,5,1,0.65256
66761,4,1,0.00000
66823,2,1,0.00000
66823,1,1,0.95758
66871,3,1,0.00000
66871,5,1,1.30758
66871,4,1,2.07034
66934,2,1,1.84329
66934,1,1,0.97586
66981,3,1,2.39280
66981,5,1,1.30516
66981,4,1,1.08764
67043,2,1,1.64566
67043,1,1,0.00000
67081,3,1,2.15060
67081,5,1,0.83635
67081,4,1,1.55321
67143,2,1,0.35790
67143,1,1,2.14737
67191,3,1,1.20486
67191,5,1,1.42393
67191,4,1,0.32860
67245,2,1,1.18308
67245,1,1,1.06477
67291,3,1,0.95779
67291,5,1,0.83807
67291,4,1,0.00000
67353,2,1,0.77542
67353,1,1,0.88619
67391,3,1,1.19517
67391,5,1,0.59759
67391,4,1,2.62938
67464,2,1,0.00000
67464,1,1,0.10756
67501,3,1,0.43619
67501,5,1,1.63573
67501,4,1,1.30858
67574,2,1,1.75485
67574,1,1,2.30324
67611,3,1,1.63738
67611,5,1,0.98243
67611,4,1,0.21832
67683,2,1,1.75229
67683,1,1,1.09518
67714,3,1,0.92792
67714,5,1,1.39188
67714,4,1,1.97183
67783,2,1,0.95535
67783,1,1,0.95535
67821,3,1,0.22483
67821,5,1,0.33725
67821,4,1,0.22483
67884,2,1,1.30901
67884,1,1,1.07101
67921,3,1,2.38680
67921,5,1,1.07406
67921,4,1,1.55142
67993,2,1,0.77175
67993,1,1,0.22050
68022,3,1,0.35859
68022,5,1,1.55390
68022,4,1,0.95624
68093,2,1,1.66664
68093,1,1,1.42855
68131,3,1,1.42220
68131,5,1,0.87520
68131,4,1,1.09400
68194,2,1,0.00000
68194,1,1,0.00000
68231,3,1,1.43376
68231,5,1,0.00000
68231,4,1,1.07532
68303,2,1,1.86300
68303,1,1,2.63011
68341,3,1,0.32739
68341,5,1,1.63693
68341,4,1,0.76390
68414,2,1,0.97156
68414,1,1,0.10795
68441,3,1,1.07614
68441,5,1,0.47828
68441,4,1,0.59785
68515,2,1,0.82915
68515,1,1,1.42139
68551,3,1,0.43819
68551,5,1,1.53366
68551,4,1,1.75275
68624,2,1,0.00000
68624,1,1,1.65482
68652,3,1,1.54669
68652,5,1,1.30874
68652,4,1,0.83283
68733,2,1,2.30086
68733,1,1,0.98608
68761,3,1,1.97482
68761,5,1,1.42626
68761,4,1,1.64569
68843,2,1,0.98351
68843,1,1,0.43712
68861,3,1,0.23925
68861,5,1,0.95701
68861,4,1,0.83738
68943,2,1,0.23958
68943,1,1,1.67709
68961,3,1,1.66882
68961,5,1,0.83441
68961,4,1,0.95361
69064,2,1,1.18536
69064,1,1,0.88902
69074,3,1,0.10670
69074,5,1,1.06695
69074,4,1,1.28034
69165,2,1,1.07061
69165,1,1,0.47582
69181,3,1,2.00926
69181,5,1,1.33951
69181,4,1,1.33951
69266,2,1,1.18203
69266,1,1,1.77304
69282,3,1,0.35569
69282,5,1,0.35569
69282,4,1,0.35569
69374,2,1,1.55801
69374,1,1,1.55801
69391,3,1,1.31886
69391,5,1,1.31886
69391,4,1,1.42876
69483,2,1,0.98720
69483,1,1,0.00000
69492,3,1,1.67331
69492,5,1,1.07570
69492,4,1,0.71713
69592,3,1,0.95161
69592,5,1,1.30847
69592,4,1,1.18951
69595,2,1,0.86097
69595,1,1,1.29146
69702,3,1,1.20624
69702,5,1,0.76761
69702,4,1,0.98692
69708,2,1,0.00000
69708,1,1,0.00000
69811,3,1,1.09686
69811,5,1,1.31624
69811,4,1,0.00000
69813,2,1,2.15914
69813,1,1,2.61369
69915,2,1,1.05663
69915,1,1,0.93923
69921,3,1,0.65293
69921,5,1,0.76175
69921,4,1,2.39408
70023,2,1,0.11151
70023,1,1,1.11510
70031,3,1,0.32702
70031,5,1,1.09006
70031,4,1,0.43602
70123,2,1,2.39383
70123,1,1,1.31661
70141,3,1,1.41875
70141,5,1,0.00000
70141,4,1,1.09135
70234,2,1,0.75446
70234,1,1,0.97002
70241,3,1,1.31637
70241,5,1,1.19670
70241,4,1,1.67538
70335,2,1,0.95184
70335,1,1,0.23796
70342,3,1,1.30414
70342,5,1,1.89693
70342,4,1,1.18558
70443,2,1,1.22089
70443,1,1,1.99781
70451,3,1,1.31297
70451,5,1,1.53180
70451,4,1,1.09414
70545,2,1,1.52271
70545,1,1,1.05419
70562,3,1,0.86972
70562,5,1,0.43486
70562,4,1,0.97844
70653,2,1,0.00000
70653,1,1,0.44428
70671,3,1,0.54695
70671,5,1,1.20330
70671,4,1,0.87513
70754,2,1,1.90390
70754,1,1,1.66592
70781,3,1,1.85516
70781,5,1,1.20040
70781,4,1,0.98214
70863,2,1,0.65923
70863,1,1,1.20859
70882,3,1,0.59544
70882,5,1,0.95271
70882,4,1,0.83362
70963,2,1,1.18961
70963,1,1,0.23792
70991,3,1,1.53552
70991,5,1,1.20648
70991,4,1,1.86457
71073,2,1,0.65390
71073,1,1,1.63476
71093,3,1,0.35327
71093,5,1,1.17757
71093,4,1,0.35327
71183,2,1,1.63959
71183,1,1,1.31167
71204,3,1,0.86490
71204,5,1,0.97302
71204,4,1,1.51358
71283,2,1,1.31705
71283,1,1,0.59866
71311,3,1,1.44709
71311,5,1,0.89052
71311,4,1,0.44526
71394,2,1,0.86480
71394,1,1,1.18910
71421,3,1,1.19876
71421,5,1,1.08978
71421,4,1,0.00000
71503,2,1,1.09616
71503,1,1,1.09616
71531,3,1,0.65606
71531,5,1,1.09343
71531,4,1,0.00000
71613,2,1,0.98625
71613,1,1,0.76708
71631,3,1,0.95796
71631,5,1,1.07771
71631,4,1,3.71211
71713,2,1,0.35664
71713,1,1,1.18881
71731,3,1,1.19592
71731,5,1,1.07633
71731,4,1,1.19592
71814,2,1,1.67618
71814,1,1,0.95782
71841,3,1,0.87236
71841,5,1,1.09046
71841,4,1,0.54523
71924,2,1,1.41011
71924,1,1,1.30164
71941,3,1,0.35921
71941,5,1,1.07762
71941,4,1,0.83815
72034,2,1,0.32660
72034,1,1,1.08868
72052,3,1,1.51577
72052,5,1,1.19096
72052,4,1,1.19096
72143,2,1,1.32361
72143,1,1,1.10301
72161,3,1,0.98837
72161,5,1,0.87855
72161,4,1,1.42765
72244,2,1,1.88596
72244,1,1,1.41447
72261,3,1,2.27189
72261,5,1,0.83701
72261,4,1,0.00000
72353,2,1,0.00000
72353,1,1,0.66112
72362,3,1,0.71471
72362,5,1,1.54854
72362,4,1,1.90589
72453,2,1,1.79609
72453,1,1,0.71844
72472,3,1,1.30812
72472,5,1,0.87208
72472,4,1,1.52614
72554,2,1,0.00000
72554,1,1,0.59789
72581,3,1,0.54570
72581,5,1,1.09140
72581,4,1,0.10914
72663,2,1,1.97564
72663,1,1,1.86588
72682,3,1,1.67577
72682,5,1,1.43637
72682,4,1,2.03486
72764,2,1,0.00000
72764,1,1,1.18084
72791,3,1,0.98250
72791,5,1,1.09167
72791,4,1,0.10917
72874,2,1,1.74390
72874,1,1,0.76296
72901,3,1,0.43841
72901,5,1,0.65761
72901,4,1,2.52085
72983,2,1,1.43419
72983,1,1,1.21355
73001,3,1,1.31345
73001,5,1,1.19404
73001,4,1,0.11940
73086,2,1,1.04908
73086,1,1,1.16565
73101,3,1,0.00000
73101,5,1,1.19513
73101,4,1,1.67318
73194,2,1,0.88144
73194,1,1,1.21199
73202,3,1,2.27006
73202,5,1,0.83634
73202,4,1,0.35843
73295,2,1,1.19266
73295,1,1,1.07340
73312,3,1,0.54408
73312,5,1,1.08816
73312,4,1,1.52342
73403,2,1,1.33328
73403,1,1,0.88886
73421,3,1,1.53834
73421,5,1,1.20870
73421,4,1,1.09881
73504,2,1,0.35566
73504,1,1,1.06698
73521,3,1,0.35920
73521,5,1,0.83813
73521,4,1,0.59867
73613,2,1,1.42484
73613,1,1,0.54802
73621,3,1,1.07687
73621,5,1,1.07687
73621,4,1,0.83757
73713,2,1,1.19724
73713,1,1,1.55641
73721,3,1,0.00000
73721,5,1,1.19713
73721,4,1,1.67598
73823,2,1,0.76484
73823,1,1,1.31115
73831,3,1,1.63225
73831,5,1,1.08817
73831,4,1,1.08817
73923,2,1,1.07444
73923,1,1,0.00000
73942,3,1,1.41055
73942,5,1,0.97653
73942,4,1,0.75952
74033,2,1,1.31195
74033,1,1,1.85859
74051,3,1,0.54834
74051,5,1,1.09668
74051,4,1,0.76768
74133,2,1,1.19526
74133,1,1,0.83668
74162,3,1,1.62470
74162,5,1,0.97482
74162,4,1,2.05795
74234,2,1,0.11925
74234,1,1,1.07326
74271,3,1,1.31567
74271,5,1,0.98675
74271,4,1,0.32892
74343,2,1,1.65123
74343,1,1,1.10082
74371,3,1,0.83531
74371,5,1,0.00000
74371,4,1,1.19330
74443,2,1,1.07554
74443,1,1,1.19504
74481,3,1,1.09414
74481,5,1,1.31297
74481,4,1,1.42238
74543,2,1,1.07830
74543,1,1,0.83868
74582,3,1,0.59557
74582,5,1,1.78670
74582,4,1,0.83379
74653,2,1,1.20086
74653,1,1,1.31003
74692,3,1,1.08801
74692,5,1,0.87041
74692,4,1,0.76161
74754,2,1,0.11866
74754,1,1,1.06798
74801,3,1,0.87856
74801,5,1,1.09820
74801,4,1,1.53748
74863,2,1,1.86107
74863,1,1,0.87580
74901,3,1,1.67496
74901,5,1,0.95712
74901,4,1,0.83748
74964,2,1,1.06643
74964,1,1,1.18493
75001,3,1,1.19829
75001,5,1,1.43795
75001,4,1,1.43795
75074,2,1,1.09406
75074,1,1,1.31287
75101,3,1,0.83623
75101,5,1,0.59731
75101,4,1,0.83623
75185,2,1,0.97359
75185,1,1,1.08176
75202,3,1,0.83476
75202,5,1,1.55026
75202,4,1,1.43101
75293,2,1,1.21047
75293,1,1,0.88034
75312,3,1,1.63534
75312,5,1,0.87218
75312,4,1,0.21805
75404,2,1,0.43496
75404,1,1,1.19614
75421,3,1,0.54841
75421,5,1,0.98714
75421,4,1,1.64523
75504,2,1,1.78240
75504,1,1,1.06944
75522,3,1,0.83407
75522,5,1,1.07237
75522,4,1,0.83407
75613,2,1,0.88197
75613,1,1,0.99222
75631,3,1,1.20333
75631,5,1,1.42212
75631,4,1,1.85970
75725,2,1,1.07324
75725,1,1,1.28789
75741,3,1,1.85453
75741,5,1,1.30908
75741,4,1,0.87272
75834,2,1,1.31961
75834,1,1,0.00000
75841,3,1,0.83665
75841,5,1,0.59761
75841,4,1,0.83665
75941,3,1,0.83884
75941,5,1,1.07851
75941,4,1,1.07851
75945,2,1,0.97196
75945,1,1,1.61993
76051,3,1,1.31248
76051,5,1,0.21875
76051,4,1,0.65624
76054,2,1,0.77070
76054,1,1,0.99090
76152,3,1,0.83264
76152,5,1,1.90319
76152,4,1,0.00000
76164,2,1,0.97825
76164,1,1,0.65217
76262,3,1,0.97642
76262,5,1,0.97642
76262,4,1,0.00000
76274,2,1,1.52579
76274,1,1,1.63478
76371,3,1,1.31762
76371,5,1,1.64703
76371,4,1,3.95287
76384,2,1,1.09080
76384,1,1,1.30896
76481,3,1,0.21735
76481,5,1,0.00000
76481,4,1,0.76072
76494,2,1,0.98187
76494,1,1,0.98187
76591,3,1,1.75050
76591,5,1,2.07871
76591,4,1,0.21881
76594,2,1,1.07476
76594,1,1,1.07476
76691,3,1,1.55613
76691,5,1,0.11970
76691,4,1,0.00000
76703,2,1,1.10036
76703,1,1,0.99032
76801,3,1,0.76125
76801,5,1,1.95751
76801,4,1,1.95751
76803,2,1,0.95591
76803,1,1,1.19489
76903,2,1,0.00000
76903,1,1,0.11979
76905,3,1,0.81239
76905,5,1,0.00000
76905,4,1,1.50872
77004,2,1,2.49580
77004,1,1,2.13926
77011,3,1,0.56288
77011,5,1,1.68863
77011,4,1,0.78803
77111,3,1,2.15316
77111,5,1,0.83734
77111,4,1,0.59810
77114,2,1,0.97929
77114,1,1,0.76167
77221,3,1,1.20060
77221,5,1,1.09146
77221,4,1,1.74633
77223,2,1,0.54814
77223,1,1,1.09627
77324,2,1,0.00000
77324,1,1,1.19677
77331,3,1,0.54532
77331,5,1,0.98157
77331,4,1,1.19970
77433,2,1,2.62399
77433,1,1,1.09333
77442,3,1,0.75691
77442,5,1,0.97317
77442,4,1,0.10813
77543,2,1,0.98302
77543,1,1,1.09224
77552,3,1,1.63571
77552,5,1,1.19952
77552,4,1,0.98143
77655,2,1,0.00000
77655,1,1,0.95874
77662,3,1,1.08941
77662,5,1,0.00000
77662,4,1,2.06989
77764,2,1,2.20665
77764,1,1,1.10333
77772,3,1,1.19717
77772,5,1,2.17667
77772,4,1,0.87067
77874,2,1,0.65091
77874,1,1,0.97636
77881,3,1,0.76899
77881,5,1,0.98870
77881,4,1,1.20841
77981,3,1,1.07106
77981,5,1,1.07106
77981,4,1,1.42808
77983,2,1,1.65196
77983,1,1,0.55065
78084,2,1,0.59505
78084,1,1,1.54712
78091,3,1,0.21834
78091,5,1,0.00000
78091,4,1,0.98251
78196,2,1,1.28218
78196,1,1,1.06848
78201,3,1,1.84997
78201,5,1,2.17644
78201,4,1,0.76175
78303,2,1,1.12280
78303,1,1,0.67368
78311,3,1,0.76449
78311,5,1,1.41978
78311,4,1,0.76449
78412,3,1,1.90885
78412,5,1,0.95443
78412,4,1,1.67024
78415,2,1,0.74884
78415,1,1,1.60466
78522,3,1,0.00000
78522,5,1,0.97820
78522,4,1,0.10869
78524,2,1,0.98896
78524,1,1,0.65931
78627,2,1,1.16802
78627,1,1,1.16802
78631,3,1,2.08175
78631,5,1,0.65740
78631,4,1,1.09566
78732,3,1,0.11946
78732,5,1,1.67249
78732,4,1,2.03088
78733,2,1,0.56198
78733,1,1,1.57354
78834,2,1,0.95218
78834,1,1,0.35707
78841,3,1,1.63617
78841,5,1,0.54539
78841,4,1,1.09078
78934,2,1,1.55709
78934,1,1,1.31754
78951,3,1,1.31280
78951,5,1,1.31280
78951,4,1,1.09400
79043,2,1,1.20637
79043,1,1,1.20637
79061,3,1,0.76110
79061,5,1,1.19601
79061,4,1,0.76110
79143,2,1,0.59779
79143,1,1,1.19558
79163,3,1,0.82725
79163,5,1,1.18178
79163,4,1,0.59089
79253,2,1,1.53203
79253,1,1,1.09431
79271,3,1,1.65574
79271,5,1,0.77268
79271,4,1,1.87650
79365,2,1,0.96420
79365,1,1,0.85706
79371,3,1,0.95798
79371,5,1,1.31723
79371,4,1,0.71849
79473,2,1,1.54849
79473,1,1,1.21667
79481,3,1,1.31181
79481,5,1,1.20249
79481,4,1,1.31181
79582,3,1,0.71379
79582,5,1,0.59483
79582,4,1,0.47586
79583,2,1,0.00000
79583,1,1,0.00000
79684,2,1,2.01701
79684,1,1,2.01701
79691,3,1,0.87621
79691,5,1,1.20479
79691,4,1,1.86194
79791,3,1,1.07839
79791,5,1,0.83875
79791,4,1,0.23964
79793,2,1,0.87685
79793,1,1,1.09606
79891,3,1,0.95765
79891,5,1,0.95765
79891,4,1,1.43647
79893,2,1,0.47861
79893,1,1,0.35896
79992,3,1,1.19277
79992,5,1,0.71566
79992,4,1,0.35783
80003,2,1,1.41864
80003,1,1,1.41864
80092,3,1,1.19696
80092,5,1,1.79545
80092,4,1,1.67575
80113,2,1,0.97806
80113,1,1,0.86939
80201,3,1,0.76644
80201,5,1,0.00000
80201,4,1,1.09492
80214,2,1,1.42682
80214,1,1,1.66463
80311,3,1,1.20187
80311,5,1,1.52966
80311,4,1,1.09261
80323,2,1,0.98537
80323,1,1,0.98537
80411,3,1,1.07523
80411,5,1,0.11947
80411,4,1,0.83629
80425,2,1,1.42212
80425,1,1,0.82957
80511,3,1,0.59894
80511,5,1,2.39577
80511,4,1,1.55725
80534,2,1,1.20856
80534,1,1,1.42830
80621,3,1,0.43462
80621,5,1,1.08656
80621,4,1,0.10866
80638,2,1,0.57626
80638,1,1,0.23051
80723,3,1,2.82664
80723,5,1,0.82444
80723,4,1,1.64887
80743,2,1,1.13505
80743,1,1,1.13505
80831,3,1,0.00000
80831,5,1,1.55782
80831,4,1,1.22400
80853,2,1,0.97909
80853,1,1,1.41425
80931,3,1,1.67692
80931,5,1,1.07802
80931,4,1,1.31758
80953,2,1,1.43710
80953,1,1,0.95807
81031,3,1,0.83585
81031,5,1,0.83585
81031,4,1,0.95526
81054,2,1,0.59545
81054,1,1,0.00000
81141,3,1,1.09273
81141,5,1,1.09273
81141,4,1,0.98346
81164,2,1,0.97773
81164,1,1,2.06409
81242,3,1,1.19085
81242,5,1,1.07177
81242,4,1,0.83360
81273,2,1,1.43595
81273,1,1,1.10458
81352,3,1,0.65145
81352,5,1,1.41147
81352,4,1,1.41147
81373,2,1,0.00000
81373,1,1,1.19393
81461,3,1,1.31830
81461,5,1,0.98872
81461,4,1,0.98872
81484,2,1,1.84456
81484,1,1,0.97653
81572,3,1,1.51821
81572,5,1,1.30132
81572,4,1,1.08444
81593,2,1,1.31612
81593,1,1,1.09676
81672,3,1,1.07294
81672,5,1,0.71529
81672,4,1,1.54980
81693,2,1,0.95605
81693,1,1,1.07556
81781,3,1,0.65754
81781,5,1,1.31508
81781,4,1,0.00000
81805,2,1,1.29221
81805,1,1,1.18453
81891,3,1,1.52994
81891,5,1,0.43712
81891,4,1,0.00000
81915,2,1,0.87150
81915,1,1,1.08938
81992,3,1,0.11939
81992,5,1,0.23877
81992,4,1,3.10401
82024,2,1,0.32890
82024,1,1,0.98669
82101,3,1,0.65741
82101,5,1,1.75310
82101,4,1,0.21914
82133,2,1,2.19594
82133,1,1,1.20777
82201,3,1,2.26902
82201,5,1,1.07480
82201,4,1,1.91075
82234,2,1,0.59395
82234,1,1,1.06911
82312,3,1,1.19449
82312,5,1,1.52026
82312,4,1,0.76013
82343,2,1,1.20782
82343,1,1,0.98822
82422,3,1,0.86922
82422,5,1,0.00000
82422,4,1,0.97787
82444,2,1,0.71225
82444,1,1,0.71225
82531,3,1,1.43037
82531,5,1,1.98052
82531,4,1,1.54040
82554,2,1,1.42123
82554,1,1,1.31190
82631,3,1,0.83636
82631,5,1,0.11948
82631,4,1,1.19480
82664,2,1,0.97986
82664,1,1,0.97986
82741,3,1,1.08987
82741,5,1,2.07075
82741,4,1,0.98088
82773,2,1,0.98486
82773,1,1,0.10943
82842,3,1,1.07402
82842,5,1,0.00000
82842,4,1,0.83535
82883,2,1,1.19916
82883,1,1,1.74424
82952,3,1,0.43562
82952,5,1,0.00000
82952,4,1,0.65344
82994,2,1,0.86729
82994,1,1,1.30094
83061,3,1,1.30932
83061,5,1,3.27330
83061,4,1,1.63665
83095,2,1,1.17990
83095,1,1,1.17990
83163,3,1,0.94663
83163,5,1,0.47332
83163,4,1,0.82830
83203,2,1,1.33040
83203,1,1,0.00000
83271,3,1,0.99331
83271,5,1,1.32442
83271,4,1,1.43479
83315,2,1,0.86123
83315,1,1,1.72246
83381,3,1,1.19658
83381,5,1,1.19658
83381,4,1,0.00000
83423,2,1,0.99508
83423,1,1,1.43734
83491,3,1,0.98177
83491,5,1,0.98177
83491,4,1,1.96354
83533,2,1,0.00000
83533,1,1,1.08901
83601,3,1,1.09177
83601,5,1,1.20094
83601,4,1,0.32753
83644,2,1,1.73006
83644,1,1,0.75690
83701,3,1,1.19824
83701,5,1,0.71895
83701,4,1,2.39649
83744,2,1,1.43545
83744,1,1,1.19621
83801,3,1,1.31698
83801,5,1,1.43670
83801,4,1,0.00000
83853,2,1,0.98897
83853,1,1,0.98897
83901,3,1,1.19549
83901,5,1,0.71730
83901,4,1,0.00000
83963,2,1,1.30829
83963,1,1,0.00000
84011,3,1,0.54625
84011,5,1,1.52949
84011,4,1,2.51274
84073,2,1,0.98035
84073,1,1,2.28748
84111,3,1,1.19823
84111,5,1,0.47929
84111,4,1,0.11982
84184,2,1,0.86803
84184,1,1,0.86803
84212,3,1,0.59633
84212,5,1,1.31193
84212,4,1,1.43120
84293,2,1,1.41979
84293,1,1,1.20136
84314,3,1,1.16842
84314,5,1,0.81789
84314,4,1,1.16842
84393,2,1,0.95842
84393,1,1,1.07823
84421,3,1,1.56598
84421,5,1,1.11856
84421,4,1,1.23041
84503,2,1,0.76386
84503,1,1,0.98211
84532,3,1,0.97851
84532,5,1,0.97851
84532,4,1,0.97851
84604,2,1,1.30547
84604,1,1,1.30547
84641,3,1,1.53385
84641,5,1,1.31473
84641,4,1,1.42429
84714,2,1,0.98386
84714,1,1,0.76523
84741,3,1,0.95574
84741,5,1,1.07521
84741,4,1,0.23893
84823,2,1,1.09642
84823,1,1,0.98678
84852,3,1,0.97620
84852,5,1,0.97620
84852,4,1,0.97620
84924,2,1,1.30542
84924,1,1,1.54277
84961,3,1,1.31318
84961,5,1,0.00000
84961,4,1,1.53205
85035,2,1,0.00000
85035,1,1,0.54176
85062,3,1,0.95340
85062,5,1,2.50268
85062,4,1,0.59588
85144,2,1,1.96400
85144,1,1,1.52756
85171,3,1,1.09511
85171,5,1,0.98560
85171,4,1,2.40924
85254,2,1,1.09622
85254,1,1,0.87698
85273,3,1,0.82381
85273,5,1,1.05919
85273,4,1,0.11769
85364,2,1,0.98150
85364,1,1,1.09056
85381,3,1,1.43820
85381,5,1,0.88505
85381,4,1,1.65947
85474,2,1,0.76239
85474,1,1,0.76239
85491,3,1,0.98334
85491,5,1,0.87408
85491,4,1,0.76482
85583,2,1,1.20347
85583,1,1,1.64109
85591,3,1,1.07403
85591,5,1,1.90938
85591,4,1,0.95469
85685,2,1,1.41694
85685,1,1,0.94463
85701,3,1,0.98174
85701,5,1,0.65449
85701,4,1,1.19991
85793,2,1,0.77478
85793,1,1,1.10683
85812,3,1,1.30380
85812,5,1,0.65190
85812,4,1,1.19515
85894,2,1,0.83278
85894,1,1,0.95175
85922,3,1,0.00000
85922,5,1,0.00000
85922,4,1,0.75863
86003,2,1,1.20665
86003,1,1,0.98726
86032,3,1,1.74821
86032,5,1,2.51306
86032,4,1,1.52969
86104,2,1,0.95120
86104,1,1,1.18900
86141,3,1,1.31713
86141,5,1,1.20737
86141,4,1,0.54880
86213,2,1,0.65880
86213,1,1,0.87840
86241,3,1,0.59812
86241,5,1,1.19625
86241,4,1,1.19625
86323,2,1,1.30583
86323,1,1,1.41464
86352,3,1,0.54298
86352,5,1,0.65158
86352,4,1,0.00000
86423,2,1,1.43796
86423,1,1,1.31813
86462,3,1,1.41625
86462,5,1,1.19837
86462,4,1,2.17885
86533,2,1,0.98245
86533,1,1,0.10916
86563,3,1,1.18480
86563,5,1,0.35544
86563,4,1,1.06632
86635,2,1,0.93748
86635,1,1,1.28903
86671,3,1,0.00000
86671,5,1,1.54709
86671,4,1,0.88405
86743,2,1,1.10737
86743,1,1,1.43959
86771,3,1,1.67526
86771,5,1,0.83763
86771,4,1,0.83763
86844,2,1,0.11914
86844,1,1,1.42967
86871,3,1,1.67533
86871,5,1,0.23933
86871,4,1,0.00000
86958,2,1,2.21194
86958,1,1,0.73731
86981,3,1,0.54634
86981,5,1,1.09267
86981,4,1,1.42047
87063,2,1,0.34190
87063,1,1,1.02569
87091,3,1,0.76263
87091,5,1,1.41630
87091,4,1,0.21789
87163,2,1,1.55425
87163,1,1,1.07602
87191,3,1,1.07596
87191,5,1,1.19551
87191,4,1,1.19551
87273,2,1,0.98020
87273,1,1,1.08911
87301,3,1,0.76567
87301,5,1,1.42197
87301,4,1,2.07826
87374,2,1,1.06710
87374,1,1,0.94853
87411,3,1,1.85195
87411,5,1,0.76257
87411,4,1,1.19832
87487,2,1,1.06502
87487,1,1,0.63901
87511,3,1,1.90769
87511,5,1,1.31154
87511,4,1,1.90769
87595,2,1,0.99780
87595,1,1,1.10866
87622,3,1,0.54286
87622,5,1,0.21714
87622,4,1,1.19429
87704,2,1,0.98332
87704,1,1,1.52962
87732,3,1,1.96093
87732,5,1,1.63411
87732,4,1,0.43576
87814,2,1,1.20719
87814,1,1,0.76821
87833,3,1,0.11792
87833,5,1,1.76875
87833,4,1,1.65083
87914,2,1,1.43794
87914,1,1,1.31811
87942,3,1,1.33078
87942,5,1,0.66539
87942,4,1,0.33269
88014,2,1,0.59740
88014,1,1,0.95583
88042,3,1,0.83188
88042,5,1,1.42607
88042,4,1,2.13911
88115,2,1,0.94658
88115,1,1,0.70994
88151,3,1,1.32124
88151,5,1,0.99093
88151,4,1,0.77072
88226,2,1,0.00000
88226,1,1,0.00000
88262,3,1,1.18486
88262,5,1,1.40029
88262,4,1,0.96943
88333,2,1,2.13617
88333,1,1,2.24860
88371,3,1,0.77014
88371,5,1,0.00000
88371,4,1,1.21023
88443,2,1,0.97911
88443,1,1,1.41427
88472,3,1,1.31506
88472,5,1,2.03236
88472,4,1,0.59775
88545,2,1,1.29703
88545,1,1,0.47165
88581,3,1,0.98588
88581,5,1,0.87634
88581,4,1,1.09542
88653,2,1,0.99710
88653,1,1,1.66183
88691,3,1,1.08559
88691,5,1,1.08559
88691,4,1,0.32568
88754,2,1,1.06713
88754,1,1,0.00000
88801,3,1,0.10919
88801,5,1,0.76434
88801,4,1,1.96545
88863,2,1,1.09904
88863,1,1,1.75846
88911,3,1,1.19961
88911,5,1,1.09056
88911,4,1,0.00000
88974,2,1,0.00000
88974,1,1,0.00000
89011,3,1,1.07764
89011,5,1,1.19738
89011,4,1,1.19738
89083,2,1,2.18521
89083,1,1,2.40373
89112,3,1,1.79169
89112,5,1,1.43335
89112,4,1,2.03058
89193,2,1,0.98523
89193,1,1,1.09470
89221,3,1,1.31238
89221,5,1,0.76556
89221,4,1,0.76556
89294,2,1,1.18973
89294,1,1,0.00000
89322,3,1,0.00000
89322,5,1,0.82910
89322,4,1,1.18442
89403,2,1,1.09291
89403,1,1,1.85795
89431,3,1,1.21194
89431,5,1,1.21194
89431,4,1,1.10176
89504,2,1,1.19631
89504,1,1,1.31594
89531,3,1,2.03600
89531,5,1,0.47906
89531,4,1,1.07788
89616,2,1,0.31970
89616,1,1,0.74598
89631,3,1,0.47867
89631,5,1,1.91468
89631,4,1,1.43601
89724,2,1,1.44533
89724,1,1,1.33415
89741,3,1,0.00000
89741,5,1,1.30805
89741,4,1,1.09004
89824,2,1,1.07112
89824,1,1,0.95210
89841,3,1,2.75019
89841,5,1,0.47829
89841,4,1,0.00000
