Time_ms,UE_ID,RB_ID,Throughput_Mbps
125,11372,-1,0.00000
125,19074,-1,0.34823
211,11372,-1,0.23507
211,19074,-1,0.00000
217,11372,-1,0.02315
217,19074,-1,0.00000
320,11372,-1,0.02623
437,11372,-1,0.00000
437,19074,-1,0.31524
439,42234,-1,0.08126
525,12586,-1,0.21458
525,41045,-1,0.30754
590,12586,-1,0.00000
590,41045,-1,0.17401
675,35620,-1,0.00000
675,73211,-1,0.00000
807,11372,-1,0.22361
807,19074,-1,0.17627
901,35620,-1,0.08037
901,73211,-1,0.00000
907,39999,-1,0.00000
907,50104,-1,0.00000
1027,39999,-1,0.32348
1027,50104,-1,0.0809
1116,30040,-1,0.00000
1116,42234,-1,0.15654
1233,39999,-1,0.26313
1237,35620,-1,0.19976
1358,11372,-1,0.00000
1358,19074,-1,0.00000
1361,35620,-1,0.00000
1361,73211,-1,0.00000
1364,12586,-1,0.00000
1364,30040,-1,0.2359
1364,41045,-1,0.00000
1364,42234,-1,0.16629
1369,19074,-1,0.00000
1373,39999,-1,0.11714
1373,50104,-1,0.06735
1475,11372,-1,0.34147
1475,19074,-1,0.00000
1480,41045,-1,0.28459
1596,30040,-1,0.16109
1596,39999,-1,0.00000
1596,42234,-1,0.00000
1596,50104,-1,0.00000
1702,11372,-1,0.21487
1702,39999,-1,0.00000
1702,50104,-1,0.00000
1785,11372,-1,0.00000
1785,19074,-1,0.00000
1786,11372,-1,0.00000
1786,19074,-1,0.00000
1882,30040,-1,0.29468
1882,42234,-1,0.00000
1990,35620,-1,0.20444
1990,73211,-1,0.05226
2072,11372,-1,0.33623
2072,19074,-1,0.00000
2072,30040,-1,0.16133
2072,42234,-1,0.00000
2074,19074,-1,0.00000
2075,12586,-1,0.00000
2075,41045,-1,0.00000
2160,35620,-1,0.06624
2160,73211,-1,0.00000
2266,73211,-1,0.00000
2271,35620,-1,0.34406
2271,73211,-1,0.16163
2368,30040,-1,0.11382
2368,42234,-1,0.34134
2475,12586,-1,0.00000
2475,39999,-1,0.15655
2475,41045,-1,0.00000
2475,50104,-1,0.27978
2582,41045,-1,0.24088
2691,11372,-1,0.00000
2691,19074,-1,0.00000
2795,11372,-1,0.13873
2795,19074,-1,0.21631
2795,39999,-1,0.00000
2795,50104,-1,0.1599
2873,35620,-1,0.00000
2873,73211,-1,0.29671
2941,39999,-1,0.05055
2941,50104,-1,0.28289
3061,39999,-1,0.15868
3061,50104,-1,0.00000
3146,11372,-1,0.00000
3146,19074,-1,0.00000
3239,12586,-1,0.21756
3239,30040,-1,0.00000
3239,42234,-1,0.00000
3349,41045,-1,0.00000
3445,35620,-1,0.31128
3445,73211,-1,0.00000
3546,35620,-1,0.00000
3546,73211,-1,0.13916
3651,11372,-1,0.1313
3651,19074,-1,0.00000
3750,35620,-1,0.27681
3753,12586,-1,0.00000
3753,30040,-1,0.10874
3753,41045,-1,0.00000
3753,42234,-1,0.00000
3860,39999,-1,0.00000
3860,50104,-1,0.00000
3957,30040,-1,0.00000
3957,35620,-1,0.00000
3957,42234,-1,0.00000
3957,73211,-1,0.00000
4059,11372,-1,0.00000
4060,11372,-1,0.00000
4060,19074,-1,0.33786
4064,39999,-1,0.00000
4064,50104,-1,0.00000
4165,12586,-1,0.04165
4165,41045,-1,0.00000
4265,30040,-1,0.00000
4265,42234,-1,0.16028
4268,12586,-1,0.30178
4268,39999,-1,0.00000
4268,41045,-1,0.00000
4268,50104,-1,0.00000
4374,30040,-1,0.17335
4374,35620,-1,0.13695
4374,42234,-1,0.00000
4374,73211,-1,0.00000
4375,41045,-1,0.00000
4485,12586,-1,0.33701
4485,35620,-1,0.00000
4485,41045,-1,0.23614
4485,73211,-1,0.00000
4591,11372,-1,0.00000
4591,12586,-1,0.106
4591,19074,-1,0.16248
4591,41045,-1,0.32781
4669,11372,-1,0.2332
4669,19074,-1,0.34342
4671,30040,-1,0.03653
4671,42234,-1,0.00000
4676,11372,-1,0.2703
4676,19074,-1,0.08309
4676,35620,-1,0.03473
4676,73211,-1,0.00000
4766,35620,-1,0.00000
4766,73211,-1,0.34736
4772,39999,-1,0.16984
4866,35620,-1,0.00000
4866,73211,-1,0.20122
4868,30040,-1,0.00000
4868,42234,-1,0.35213
4982,39999,-1,0.16109
4982,50104,-1,0.31694
5072,11372,-1,0.16997
5072,19074,-1,0.00000
5185,12586,-1,0.30811
5185,41045,-1,0.22244
5289,19074,-1,0.00000
5365,11372,-1,0.00000
5365,19074,-1,0.19812
5366,12586,-1,0.00000
5366,39999,-1,0.13563
5366,50104,-1,0.00000
5462,35620,-1,0.00000
5462,73211,-1,0.33294
5529,39999,-1,0.11164
5529,50104,-1,0.26901
5636,42234,-1,0.26676
5714,30040,-1,0.14987
5815,12586,-1,0.07564
5815,41045,-1,0.00000
5906,11372,-1,0.00000
5906,19074,-1,0.00000
5910,39999,-1,0.00000
5910,50104,-1,0.00000
6003,12586,-1,0.25276
6003,39999,-1,0.0805
6003,41045,-1,0.28128
6003,50104,-1,0.00000
6007,39999,-1,0.06798
6007,50104,-1,0.00000
6139,73211,-1,0.22858
6257,35620,-1,0.00000
6260,19074,-1,0.22857
6260,35620,-1,0.00000
6260,73211,-1,0.00000
6382,41045,-1,0.00000
6474,30040,-1,0.13355
6474,42234,-1,0.00000
6539,11372,-1,0.00000
6539,19074,-1,0.00000
6621,12586,-1,0.25547
6621,41045,-1,0.1634
6716,12586,-1,0.02034
6801,12586,-1,0.22363
6801,41045,-1,0.00000
6923,12586,-1,0.1259
6923,19074,-1,0.00000
6923,41045,-1,0.18797
7039,35620,-1,0.00000
7039,73211,-1,0.13971
7113,11372,-1,0.10602
7113,19074,-1,0.00000
7113,39999,-1,0.20955
7113,50104,-1,0.37549
7115,12586,-1,0.27325
7115,39999,-1,0.14426
7115,41045,-1,0.00000
7115,50104,-1,0.10403
7217,39999,-1,0.00000
7217,50104,-1,0.00000
7324,11372,-1,0.28361
7324,35620,-1,0.00000
7324,73211,-1,0.00000
7424,12586,-1,0.00000
7531,35620,-1,0.31777
7531,73211,-1,0.00000
7633,73211,-1,0.33356
7638,39999,-1,0.30125
7638,50104,-1,0.32666
7730,50104,-1,0.00000
7851,39999,-1,0.00000
7936,30040,-1,0.08722
7936,42234,-1,0.23643
8064,30040,-1,0.34272
8064,42234,-1,0.00000
8067,30040,-1,0.19012
8067,42234,-1,0.00000
8072,12586,-1,0.10548
8072,30040,-1,0.00000
8072,41045,-1,0.00000
8170,30040,-1,0.30846
8170,42234,-1,0.18694
8273,35620,-1,0.22013
8279,30040,-1,0.00000
8279,42234,-1,0.00000
8389,12586,-1,0.20944
8389,41045,-1,0.00000
8506,12586,-1,0.00000
8506,35620,-1,0.00000
8506,41045,-1,0.00000
8506,73211,-1,0.00000
8613,30040,-1,0.0273
8613,42234,-1,0.00000
8696,11372,-1,0.22052
8696,19074,-1,0.00000
8792,12586,-1,0.00000
8792,39999,-1,0.17274
8792,41045,-1,0.00000
8792,50104,-1,0.00000
8880,35620,-1,0.00000
8882,42234,-1,0.3343
8974,12586,-1,0.16765
8974,39999,-1,0.00000
8974,41045,-1,0.00000
8974,50104,-1,0.00000
9084,12586,-1,0.1151
9084,35620,-1,0.24735
9084,73211,-1,0.00000
9179,39999,-1,0.31128
9179,50104,-1,0.3798
9299,30040,-1,0.02902
9299,42234,-1,0.34283
9416,11372,-1,0.05276
9416,19074,-1,0.00000
9507,11372,-1,0.32159
9507,19074,-1,0.00000
9618,35620,-1,0.00000
9618,42234,-1,0.16649
9618,73211,-1,0.00000
9619,11372,-1,0.00000
9619,42234,-1,0.18831
9714,12586,-1,0.00000
9714,41045,-1,0.34326
9816,30040,-1,0.00000
9816,42234,-1,0.00000
9936,19074,-1,0.2794
9936,39999,-1,0.30721
9936,50104,-1,0.00000
10044,11372,-1,0.00000
10044,19074,-1,0.12182
10044,35620,-1,0.00000
10044,73211,-1,0.00000
10148,11372,-1,0.00000
10148,19074,-1,0.00000
10148,35620,-1,0.31884
10148,73211,-1,0.00000
10153,12586,-1,0.00000
10153,39999,-1,0.00000
10153,41045,-1,0.05905
10153,50104,-1,0.00000
10266,35620,-1,0.00000
10266,73211,-1,0.00000
10377,12586,-1,0.00000
10377,35620,-1,0.00000
10377,41045,-1,0.06267
10377,73211,-1,0.18354
10465,11372,-1,0.00000
10569,30040,-1,0.00000
10569,39999,-1,0.00000
10569,42234,-1,0.00000
10569,50104,-1,0.29127
10575,12586,-1,0.00000
10575,41045,-1,0.00000
10682,30040,-1,0.00000
10682,39999,-1,0.08413
10682,42234,-1,0.23681
10682,50104,-1,0.00000
10791,30040,-1,0.00000
10791,42234,-1,0.00000
10888,11372,-1,0.38332
10888,12586,-1,0.33083
10888,19074,-1,0.00000
10888,41045,-1,0.04929
10984,11372,-1,0.00000
10984,19074,-1,0.00000
10985,12586,-1,0.06488
10985,41045,-1,0.1375
11066,12586,-1,0.11167
11066,35620,-1,0.00000
11066,41045,-1,0.00000
11066,73211,-1,0.00000
11071,35620,-1,0.30641
11071,73211,-1,0.00000
11183,12586,-1,0.11175
11183,41045,-1,0.00000
11281,30040,-1,0.04054
11281,42234,-1,0.00000
11377,12586,-1,0.16069
11377,39999,-1,0.20444
11377,41045,-1,0.00000
11377,50104,-1,0.00000
11465,11372,-1,0.05694
11465,19074,-1,0.07412
11465,35620,-1,0.18021
11465,73211,-1,0.00000
11551,11372,-1,0.00000
11551,19074,-1,0.05153
11650,39999,-1,0.00000
11650,50104,-1,0.34925
11741,11372,-1,0.2435
11741,19074,-1,0.00000
11851,12586,-1,0.26092
11961,50104,-1,0.08435
12047,35620,-1,0.00000
12047,73211,-1,0.00000
12157,35620,-1,0.00000
12157,39999,-1,0.00000
12157,50104,-1,0.30614
12157,73211,-1,0.00000
12229,12586,-1,0.22906
12229,41045,-1,0.3299
12339,41045,-1,0.26302
12454,30040,-1,0.2531
12454,35620,-1,0.00000
12454,42234,-1,0.00000
12454,73211,-1,0.25572
12529,11372,-1,0.1334
12529,19074,-1,0.31648
12529,39999,-1,0.00000
12529,50104,-1,0.00000
12621,12586,-1,0.00000
12621,39999,-1,0.16911
12621,41045,-1,0.08741
12621,50104,-1,0.00000
12726,11372,-1,0.00000
12726,19074,-1,0.00000
12818,11372,-1,0.00000
12821,12586,-1,0.00000
12821,30040,-1,0.00000
12821,41045,-1,0.00000
12821,42234,-1,0.00000
12904,35620,-1,0.11232
12904,39999,-1,0.22379
12904,50104,-1,0.32866
12904,73211,-1,0.00000
12999,35620,-1,0.1274
12999,73211,-1,0.00000
13002,11372,-1,0.15614
13002,12586,-1,0.21541
13002,41045,-1,0.1093
13097,11372,-1,0.00000
13097,19074,-1,0.30352
13097,39999,-1,0.00000
13097,50104,-1,0.14102
13198,39999,-1,0.00000
13198,42234,-1,0.2106
13198,50104,-1,0.00000
13202,30040,-1,0.00000
13202,42234,-1,0.03557
13305,11372,-1,0.00000
13305,19074,-1,0.13085
13305,42234,-1,0.00000
13401,12586,-1,0.00000
13401,35620,-1,0.04911
13401,41045,-1,0.30078
13401,73211,-1,0.00000
13510,11372,-1,0.00000
13510,19074,-1,0.00000
13609,39999,-1,0.00000
13609,41045,-1,0.12958
13609,50104,-1,0.30881
13704,12586,-1,0.00000
13704,39999,-1,0.00000
13704,41045,-1,0.13791
13704,50104,-1,0.00000
13797,30040,-1,0.00000
13797,42234,-1,0.21923
13797,50104,-1,0.00000
13902,11372,-1,0.00000
13902,19074,-1,0.29446
13999,11372,-1,0.00000
13999,19074,-1,0.03062
14089,11372,-1,0.00000
14089,30040,-1,0.11391
14089,42234,-1,0.32483
14198,39999,-1,0.17534
14198,50104,-1,0.00000
14272,12586,-1,0.22171
14272,39999,-1,0.00000
14272,41045,-1,0.00000
14272,50104,-1,0.00000
14341,11372,-1,0.00000
14341,19074,-1,0.00000
14341,35620,-1,0.00000
14432,42234,-1,0.09659
14433,11372,-1,0.00000
14433,19074,-1,0.00000
14545,39999,-1,0.22813
14545,50104,-1,0.07365
14665,11372,-1,0.00000
14665,19074,-1,0.00000
14665,39999,-1,0.06488
14665,50104,-1,0.00000
14766,12586,-1,0.00000
14766,39999,-1,0.00000
14766,41045,-1,0.00000
14766,50104,-1,0.11804
14848,12586,-1,0.00000
14848,35620,-1,0.20416
14848,41045,-1,0.00000
14848,73211,-1,0.15408
14941,39999,-1,0.00000
14941,50104,-1,0.16399
14946,12586,-1,0.09317
14949,12586,-1,0.00000
14949,19074,-1,0.30613
14949,41045,-1,0.00000
15040,11372,-1,0.31505
15040,12586,-1,0.40129
15040,19074,-1,0.00000
15040,41045,-1,0.32167
15136,73211,-1,0.00000
15140,30040,-1,0.00000
15140,42234,-1,0.00000
15141,39999,-1,0.03967
15141,50104,-1,0.20568
15142,30040,-1,0.02684
15142,42234,-1,0.00000
15148,30040,-1,0.00000
15148,42234,-1,0.00000
15259,11372,-1,0.09145
15259,19074,-1,0.30889
15259,39999,-1,0.00000
15259,50104,-1,0.00000
15372,41045,-1,0.00000
15462,30040,-1,0.00000
15462,42234,-1,0.00000
15578,12586,-1,0.07255
15578,41045,-1,0.00000
15682,30040,-1,0.00000
15682,42234,-1,0.00000
15773,39999,-1,0.00000
15773,50104,-1,0.20338
15855,11372,-1,0.03091
15855,19074,-1,0.00000
15855,39999,-1,0.00000
15855,50104,-1,0.00000
15860,35620,-1,0.00000
15860,73211,-1,0.2346
15971,12586,-1,0.00000
15971,41045,-1,0.00000
16081,12586,-1,0.00000
16186,73211,-1,0.00000
16299,11372,-1,0.00000
16299,19074,-1,0.00000
16299,35620,-1,0.22324
16299,73211,-1,0.08513
16395,11372,-1,0.00000
16395,19074,-1,0.00000
16395,39999,-1,0.00000
16395,50104,-1,0.00000
16495,35620,-1,0.26199
16495,73211,-1,0.00000
16611,11372,-1,0.00000
16611,19074,-1,0.00000
16611,30040,-1,0.08607
16722,11372,-1,0.00000
16722,19074,-1,0.00000
16839,30040,-1,0.00000
16839,42234,-1,0.24886
16937,35620,-1,0.00000
16937,73211,-1,0.00000
17050,11372,-1,0.10943
17050,19074,-1,0.00000
17050,35620,-1,0.00000
17164,35620,-1,0.16908
17164,73211,-1,0.00000
17272,30040,-1,0.02935
17381,30040,-1,0.00000
17381,42234,-1,0.31747
17496,12586,-1,0.3994
17496,41045,-1,0.00000
17602,30040,-1,0.00000
17602,35620,-1,0.28801
17602,42234,-1,0.06185
17602,73211,-1,0.14225
17693,30040,-1,0.32201
17693,42234,-1,0.23304
17779,11372,-1,0.00000
17779,19074,-1,0.0798
17892,39999,-1,0.20605
17892,50104,-1,0.20921
18015,12586,-1,0.15551
18015,41045,-1,0.11896
18111,39999,-1,0.10777
18111,50104,-1,0.00000
18226,30040,-1,0.00000
18226,42234,-1,0.04978
18327,30040,-1,0.00000
18327,42234,-1,0.00000
18410,12586,-1,0.12365
18410,41045,-1,0.00000
18509,11372,-1,0.02808
18509,19074,-1,0.09382
18621,12586,-1,0.33224
18621,41045,-1,0.00000
18703,30040,-1,0.00000
18703,42234,-1,0.00000
18707,30040,-1,0.00000
18707,42234,-1,0.00000
18806,12586,-1,0.00000
18806,35620,-1,0.31783
18806,41045,-1,0.00000
18806,73211,-1,0.17289
18900,35620,-1,0.00000
18900,73211,-1,0.00000
18997,11372,-1,0.30876
18997,19074,-1,0.15459
18997,35620,-1,0.00000
18997,73211,-1,0.00000
19000,39999,-1,0.00000
19000,50104,-1,0.00000
19108,30040,-1,0.28562
19108,42234,-1,0.00000
19218,11372,-1,0.17793
19218,19074,-1,0.15895
19218,35620,-1,0.11074
19218,73211,-1,0.00000
19313,12586,-1,0.00000
19432,30040,-1,0.00000
19432,42234,-1,0.09831
19437,12586,-1,0.00000
19437,41045,-1,0.0365
19523,30040,-1,0.36772
19523,35620,-1,0.11796
19523,42234,-1,0.23396
19523,73211,-1,0.15483
19640,35620,-1,0.17701
19640,73211,-1,0.00000
19737,11372,-1,0.00000
19737,19074,-1,0.00000
19737,39999,-1,0.16572
19737,50104,-1,0.13111
19845,12586,-1,0.14542
19845,41045,-1,0.0381
19952,30040,-1,0.00000
19952,39999,-1,0.20799
19952,42234,-1,0.1301
19952,50104,-1,0.00000
20048,35620,-1,0.00000
20048,50104,-1,0.00000
20048,73211,-1,0.15963
20050,19074,-1,0.10285
20050,30040,-1,0.00000
20050,42234,-1,0.2308
20121,39999,-1,0.00000
20121,50104,-1,0.00000
20220,39999,-1,0.00000
20220,50104,-1,0.28416
20318,35620,-1,0.00000
20318,73211,-1,0.00000
20320,35620,-1,0.00000
20320,39999,-1,0.12628
20320,50104,-1,0.00000
20320,73211,-1,0.26686
20433,35620,-1,0.21068
20551,12586,-1,0.00000
20551,35620,-1,0.00000
20551,41045,-1,0.00000
20551,73211,-1,0.00000
20554,12586,-1,0.37728
20554,41045,-1,0.13981
20649,30040,-1,0.27214
20649,39999,-1,0.00000
20649,42234,-1,0.07778
20649,50104,-1,0.38097
20744,12586,-1,0.18773
20744,41045,-1,0.26268
20857,19074,-1,0.11221
20955,35620,-1,0.00000
20955,73211,-1,0.00000
21041,11372,-1,0.25729
21041,19074,-1,0.00000
21041,39999,-1,0.00000
21041,50104,-1,0.00000
21143,35620,-1,0.00000
21143,73211,-1,0.19972
21247,12586,-1,0.00000
21247,41045,-1,0.00000
21346,11372,-1,0.00000
21346,19074,-1,0.00000
21436,11372,-1,0.15993
21436,12586,-1,0.26058
21436,19074,-1,0.3348
21436,41045,-1,0.10206
21530,39999,-1,0.11119
21659,11372,-1,0.00000
21659,19074,-1,0.1758
21763,35620,-1,0.19472
21763,73211,-1,0.00000
21868,11372,-1,0.10014
21868,19074,-1,0.00000
21868,42234,-1,0.20906
21870,19074,-1,0.00000
21980,35620,-1,0.00000
21980,73211,-1,0.00000
21982,73211,-1,0.21345
22075,42234,-1,0.00000
22169,39999,-1,0.00000
22169,50104,-1,0.33514
22264,11372,-1,0.18015
22264,19074,-1,0.07309
22360,30040,-1,0.00000
22434,39999,-1,0.00000
22434,50104,-1,0.00000
22534,39999,-1,0.00000
22534,50104,-1,0.00000
22540,11372,-1,0.32197
22540,19074,-1,0.13984
22546,11372,-1,0.18008
22546,19074,-1,0.00000
22621,30040,-1,0.00000
22623,11372,-1,0.00000
22623,19074,-1,0.00000
22623,35620,-1,0.00000
22623,73211,-1,0.00000
22705,30040,-1,0.00000
22705,35620,-1,0.00000
22705,42234,-1,0.28816
22705,73211,-1,0.00000
22795,73211,-1,0.16553
22904,35620,-1,0.21286
22904,42234,-1,0.00000
22904,73211,-1,0.1785
22906,39999,-1,0.12935
22999,39999,-1,0.22662
22999,50104,-1,0.07799
23089,11372,-1,0.26302
23089,19074,-1,0.22437
23203,35620,-1,0.00000
23203,73211,-1,0.00000
23205,35620,-1,0.00000
23205,39999,-1,0.00000
23205,50104,-1,0.00000
23205,73211,-1,0.00000
23303,35620,-1,0.31943
23303,73211,-1,0.00000
23420,12586,-1,0.00000
23420,35620,-1,0.10083
23420,41045,-1,0.00000
23420,73211,-1,0.00000
23515,39999,-1,0.34869
23515,50104,-1,0.00000
23580,35620,-1,0.31459
23580,73211,-1,0.18965
23699,12586,-1,0.00000
23699,35620,-1,0.31521
23699,41045,-1,0.20186
23699,73211,-1,0.04749
23815,30040,-1,0.14985
23815,42234,-1,0.33247
23937,12586,-1,0.00000
23937,41045,-1,0.18927
24026,11372,-1,0.00000
24026,12586,-1,0.20423
24026,19074,-1,0.17149
24161,11372,-1,0.00000
24161,19074,-1,0.00000
24243,39999,-1,0.00000
24243,50104,-1,0.29666
24351,35620,-1,0.00000
24463,11372,-1,0.23325
24463,19074,-1,0.34822
24463,35620,-1,0.0882
24463,73211,-1,0.00000
24581,12586,-1,0.00000
24581,41045,-1,0.00000
24692,12586,-1,0.00000
24692,39999,-1,0.00000
24692,41045,-1,0.15388
24692,50104,-1,0.00000
24816,11372,-1,0.05412
24816,19074,-1,0.00000
24816,30040,-1,0.00000
24816,42234,-1,0.13901
24884,11372,-1,0.00000
24884,19074,-1,0.00000
24884,50104,-1,0.00000
24934,39999,-1,0.15596
24934,50104,-1,0.08019
24939,50104,-1,0.23238
25023,30040,-1,0.00000
25106,35620,-1,0.21975
25106,73211,-1,0.00000
25208,39999,-1,0.00000
25208,50104,-1,0.00000
25294,12586,-1,0.29277
25294,73211,-1,0.00000
25379,11372,-1,0.19906
25379,19074,-1,0.15478
25379,30040,-1,0.3077
25379,42234,-1,0.19603
25468,12586,-1,0.03881
25468,41045,-1,0.09311
25571,12586,-1,0.12535
25571,41045,-1,0.00000
25671,30040,-1,0.00000
25671,35620,-1,0.00000
25671,42234,-1,0.00000
25671,73211,-1,0.00000
25753,39999,-1,0.12136
25753,50104,-1,0.00000
25887,35620,-1,0.20582
25887,73211,-1,0.00000
25977,12586,-1,0.13488
25977,35620,-1,0.00000
25977,41045,-1,0.19555
25977,73211,-1,0.00000
26101,35620,-1,0.00000
26102,50104,-1,0.04303
26186,39999,-1,0.00000
26186,50104,-1,0.00000
26277,35620,-1,0.00000
26277,73211,-1,0.00000
26360,11372,-1,0.16206
26360,19074,-1,0.00000
26360,30040,-1,0.00000
26360,42234,-1,0.1634
26452,12586,-1,0.25945
26452,30040,-1,0.30746
26452,42234,-1,0.00000
26560,39999,-1,0.00000
26560,50104,-1,0.00000
26561,39999,-1,0.00000
26561,50104,-1,0.13829
26633,42234,-1,0.00000
26737,35620,-1,0.00000
26737,73211,-1,0.08468
26740,35620,-1,0.00000
26740,41045,-1,0.28042
26740,73211,-1,0.00000
26833,42234,-1,0.00000
26914,30040,-1,0.00000
26914,42234,-1,0.00000
26915,39999,-1,0.00000
26915,50104,-1,0.00000
26997,11372,-1,0.13976
26997,19074,-1,0.10994
27129,11372,-1,0.00000
27129,19074,-1,0.27861
27133,19074,-1,0.00000
27211,39999,-1,0.00000
27307,50104,-1,0.00000
27406,30040,-1,0.43342
27406,42234,-1,0.00000
27499,41045,-1,0.00000
27501,35620,-1,0.00000
27501,39999,-1,0.20276
27501,73211,-1,0.09995
27593,11372,-1,0.25462
27593,19074,-1,0.00000
27674,41045,-1,0.00000
27746,11372,-1,0.17809
27746,19074,-1,0.16312
27746,41045,-1,0.28822
27830,41045,-1,0.00000
27930,35620,-1,0.00000
27930,73211,-1,0.30171
28001,12586,-1,0.00000
28001,35620,-1,0.27327
28001,41045,-1,0.30686
28004,35620,-1,0.00000
28004,73211,-1,0.00000
28098,35620,-1,0.00000
28098,73211,-1,0.09177
28208,35620,-1,0.00000
28208,50104,-1,0.25385
28208,73211,-1,0.00000
28214,12586,-1,0.00000
28214,39999,-1,0.21794
28214,41045,-1,0.00000
28214,50104,-1,0.00000
28300,42234,-1,0.19801
28302,35620,-1,0.00000
28302,73211,-1,0.00000
28306,35620,-1,0.15214
28306,73211,-1,0.05282
28408,12586,-1,0.05956
28408,30040,-1,0.00000
28408,41045,-1,0.00000
28408,42234,-1,0.10036
28515,35620,-1,0.00000
28515,73211,-1,0.00000
28517,35620,-1,0.00000
28517,73211,-1,0.19269
28591,50104,-1,0.00000
28594,41045,-1,0.00000
28690,11372,-1,0.10042
28690,19074,-1,0.00000
28798,12586,-1,0.00000
28798,41045,-1,0.00000
28903,11372,-1,0.16378
28903,19074,-1,0.19235
28997,39999,-1,0.00000
29105,11372,-1,0.32662
29105,30040,-1,0.23642
29105,42234,-1,0.31087
29109,35620,-1,0.00000
29109,73211,-1,0.00000
29110,11372,-1,0.00000
29110,19074,-1,0.00000
29110,30040,-1,0.26665
29113,12586,-1,0.00000
29113,39999,-1,0.00000
29113,41045,-1,0.23327
29113,50104,-1,0.00000
29115,12586,-1,0.00000
29115,30040,-1,0.00000
29115,41045,-1,0.00000
29115,42234,-1,0.33937
29223,11372,-1,0.00000
29223,19074,-1,0.26551
29223,39999,-1,0.00000
29223,50104,-1,0.00000
29227,35620,-1,0.00000
29227,73211,-1,0.00000
29229,11372,-1,0.10004
29229,12586,-1,0.18288
29229,19074,-1,0.18437
29229,41045,-1,0.00000
29312,11372,-1,0.00000
29312,19074,-1,0.00000
29312,35620,-1,0.049
29312,73211,-1,0.00000
29406,35620,-1,0.00000
29406,73211,-1,0.07999
29507,35620,-1,0.20256
29507,73211,-1,0.00000
29605,35620,-1,0.1702
29605,73211,-1,0.00000
29686,11372,-1,0.29696
29686,19074,-1,0.12131
29686,35620,-1,0.00000
29686,73211,-1,0.00000
29808,35620,-1,0.00000
29808,73211,-1,0.00000
29894,11372,-1,0.31363
29894,19074,-1,0.17443
30006,12586,-1,0.00000
30006,41045,-1,0.11462
30119,12586,-1,0.00000
30119,41045,-1,0.00000
30220,30040,-1,0.00000
30220,42234,-1,0.00000
30327,12586,-1,0.00000
30327,41045,-1,0.00000
30333,11372,-1,0.00000
30333,19074,-1,0.31777
30338,11372,-1,0.00000
30424,35620,-1,0.17036
30424,73211,-1,0.00000
30427,11372,-1,0.00000
30433,11372,-1,0.16484
30433,19074,-1,0.00000
30520,39999,-1,0.00000
30520,50104,-1,0.00000
30597,12586,-1,0.00000
30597,41045,-1,0.21986
30685,11372,-1,0.00000
30685,19074,-1,0.00000
30685,35620,-1,0.00000
30818,11372,-1,0.02552
30818,12586,-1,0.00000
30818,19074,-1,0.00000
30818,41045,-1,0.00000
30906,12586,-1,0.00000
30906,41045,-1,0.00000
31023,11372,-1,0.28916
31023,19074,-1,0.08738
31029,30040,-1,0.00000
31029,42234,-1,0.00000
31126,30040,-1,0.24293
31126,39999,-1,0.00000
31126,42234,-1,0.31207
31126,50104,-1,0.00000
31254,11372,-1,0.00000
31254,19074,-1,0.30096
31359,12586,-1,0.00000
31359,39999,-1,0.00000
31359,50104,-1,0.04262
31468,11372,-1,0.2881
31468,19074,-1,0.00000
31468,30040,-1,0.22857
31569,39999,-1,0.2904
31679,35620,-1,0.02263
31679,39999,-1,0.2449
31679,50104,-1,0.00000
31679,73211,-1,0.26794
31779,19074,-1,0.27228
31779,39999,-1,0.00000
31779,50104,-1,0.02093
31873,12586,-1,0.00000
31873,41045,-1,0.0672
31934,30040,-1,0.00000
31934,42234,-1,0.23729
32042,12586,-1,0.00000
32042,30040,-1,0.00000
32042,41045,-1,0.00000
32042,42234,-1,0.05361
32043,12586,-1,0.00000
32043,35620,-1,0.04829
32043,41045,-1,0.14474
32043,73211,-1,0.33298
32044,35620,-1,0.00000
32044,73211,-1,0.17327
32125,12586,-1,0.11398
32125,39999,-1,0.19327
32125,41045,-1,0.00000
32125,50104,-1,0.00000
32211,12586,-1,0.00000
32211,41045,-1,0.00000
32216,30040,-1,0.11395
32216,42234,-1,0.00000
32314,11372,-1,0.00000
32314,19074,-1,0.24584
32319,11372,-1,0.09702
32319,19074,-1,0.26689
32424,35620,-1,0.00000
32424,39999,-1,0.15154
32424,50104,-1,0.22676
32424,73211,-1,0.26879
32547,11372,-1,0.11506
32547,19074,-1,0.25316
32547,35620,-1,0.0973
32547,73211,-1,0.00000
32644,39999,-1,0.00000
32644,50104,-1,0.17186
32766,11372,-1,0.00000
32766,19074,-1,0.00000
32889,11372,-1,0.26812
32889,19074,-1,0.33932
32970,11372,-1,0.1134
32970,19074,-1,0.25079
33072,39999,-1,0.20566
33072,50104,-1,0.00000
33160,12586,-1,0.03019
33282,35620,-1,0.27132
33282,73211,-1,0.00000
33396,35620,-1,0.00000
33396,39999,-1,0.03616
33396,50104,-1,0.00000
33396,73211,-1,0.31142
33520,30040,-1,0.13067
33520,39999,-1,0.19014
33520,42234,-1,0.22826
33520,50104,-1,0.00000
33638,11372,-1,0.00000
33638,19074,-1,0.25075
33641,30040,-1,0.00000
33641,35620,-1,0.00000
33641,42234,-1,0.35345
33641,73211,-1,0.22005
33734,12586,-1,0.06155
33734,41045,-1,0.18514
33839,39999,-1,0.00000
33839,41045,-1,0.2733
33839,50104,-1,0.00000
33921,19074,-1,0.00000
34026,30040,-1,0.34987
34026,42234,-1,0.00000
34154,39999,-1,0.31902
34154,50104,-1,0.00000
34253,39999,-1,0.26291
34253,50104,-1,0.00000
34340,39999,-1,0.18865
34340,50104,-1,0.00000
34438,11372,-1,0.00000
34438,12586,-1,0.00000
34438,19074,-1,0.00000
34438,41045,-1,0.08849
34549,12586,-1,0.00000
34549,35620,-1,0.00000
34549,41045,-1,0.15794
34549,73211,-1,0.15246
34551,39999,-1,0.00000
34551,50104,-1,0.00000
34653,11372,-1,0.00000
34653,19074,-1,0.00000
34653,39999,-1,0.00000
34653,50104,-1,0.10143
34730,39999,-1,0.00000
34730,50104,-1,0.00000
34824,11372,-1,0.16848
34824,19074,-1,0.32242
34827,30040,-1,0.00000
34827,35620,-1,0.00000
34827,42234,-1,0.34843
34827,73211,-1,0.00000
34925,39999,-1,0.00000
34925,50104,-1,0.16952
34927,12586,-1,0.00000
34927,41045,-1,0.13869
35018,39999,-1,0.00000
35018,50104,-1,0.00000
35104,11372,-1,0.0219
35104,19074,-1,0.00000
35214,30040,-1,0.00000
35214,39999,-1,0.05795
35214,42234,-1,0.00000
35214,50104,-1,0.00000
35295,30040,-1,0.00000
35295,42234,-1,0.18584
35403,19074,-1,0.10668
35490,41045,-1,0.0589
35582,35620,-1,0.00000
35582,73211,-1,0.24903
35585,11372,-1,0.1939
35585,19074,-1,0.00000
35585,35620,-1,0.00000
35585,73211,-1,0.00000
35650,12586,-1,0.23583
35650,41045,-1,0.00000
35729,50104,-1,0.00000
35843,35620,-1,0.00000
35843,73211,-1,0.00000
35939,12586,-1,0.00000
35939,39999,-1,0.14055
35939,41045,-1,0.00000
35939,50104,-1,0.10982
36037,12586,-1,0.00000
36037,41045,-1,0.00000
36117,11372,-1,0.00000
36117,19074,-1,0.30364
36211,39999,-1,0.00000
36211,50104,-1,0.29227
36313,30040,-1,0.00000
36313,42234,-1,0.31245
36435,12586,-1,0.00000
36541,35620,-1,0.07228
36626,12586,-1,0.00000
36626,30040,-1,0.00000
36626,41045,-1,0.00000
36626,42234,-1,0.00000
36725,12586,-1,0.00000
36725,41045,-1,0.00000
36828,39999,-1,0.00000
36828,42234,-1,0.00000
36828,50104,-1,0.19215
36933,39999,-1,0.00000
36933,50104,-1,0.042
37040,35620,-1,0.08603
37040,73211,-1,0.25027
37139,35620,-1,0.00000
37139,73211,-1,0.00000
37251,39999,-1,0.2961
37251,50104,-1,0.08895
37327,12586,-1,0.00000
37327,41045,-1,0.10505
37328,39999,-1,0.00000
37328,50104,-1,0.00000
37329,35620,-1,0.00000
37329,73211,-1,0.00000
37439,39999,-1,0.00000
37439,50104,-1,0.14848
37441,39999,-1,0.09823
37441,50104,-1,0.00000
37574,30040,-1,0.00000
37574,42234,-1,0.27592
37575,11372,-1,0.15339
37575,12586,-1,0.00000
37575,19074,-1,0.22026
37575,41045,-1,0.13502
37649,19074,-1,0.00000
37713,30040,-1,0.00000
37713,42234,-1,0.15782
37810,39999,-1,0.00000
37810,50104,-1,0.23892
37815,11372,-1,0.00000
37815,30040,-1,0.00000
37815,42234,-1,0.00000
37905,11372,-1,0.00000
37905,12586,-1,0.00000
37905,19074,-1,0.28519
37982,39999,-1,0.00000
37982,50104,-1,0.34093
37983,12586,-1,0.00000
37983,41045,-1,0.00000
38100,39999,-1,0.00000
38100,50104,-1,0.00000
38105,30040,-1,0.3246
38105,42234,-1,0.00000
38109,19074,-1,0.22943
38115,30040,-1,0.00000
38115,42234,-1,0.00000
38198,11372,-1,0.00000
38198,19074,-1,0.00000
38200,35620,-1,0.00000
38200,73211,-1,0.03092
38303,11372,-1,0.11278
38303,19074,-1,0.29009
38303,50104,-1,0.31616
38395,73211,-1,0.00000
38476,11372,-1,0.25578
38476,35620,-1,0.00000
38476,73211,-1,0.04697
38574,30040,-1,0.00000
38574,42234,-1,0.00000
38653,39999,-1,0.00000
38653,50104,-1,0.21047
38739,30040,-1,0.00000
38739,42234,-1,0.00000
38845,12586,-1,0.33591
38845,30040,-1,0.2468
38845,42234,-1,0.00000
38849,12586,-1,0.06549
38849,41045,-1,0.2953
38968,35620,-1,0.26933
38968,73211,-1,0.22748
38970,11372,-1,0.00000
38970,19074,-1,0.00000
38970,35620,-1,0.00000
38970,73211,-1,0.12654
38972,30040,-1,0.00000
38972,35620,-1,0.00000
38972,42234,-1,0.00000
39062,30040,-1,0.00000
39062,42234,-1,0.26771
39186,12586,-1,0.26059
39186,41045,-1,0.1435
39285,30040,-1,0.00000
39285,42234,-1,0.0958
39373,35620,-1,0.10098
39373,73211,-1,0.21671
39446,12586,-1,0.33063
39446,41045,-1,0.38709
39568,35620,-1,0.00000
39568,73211,-1,0.00000
39570,39999,-1,0.00000
39570,50104,-1,0.00000
39659,35620,-1,0.00000
39659,73211,-1,0.00000
39760,12586,-1,0.00000
39760,41045,-1,0.19505
39858,35620,-1,0.15208
39858,73211,-1,0.00000
39961,30040,-1,0.00000
39961,39999,-1,0.07086
39961,50104,-1,0.00000
40041,11372,-1,0.00000
40041,19074,-1,0.34335
40133,30040,-1,0.2187
40253,12586,-1,0.00000
40373,12586,-1,0.00000
40373,30040,-1,0.00000
40373,41045,-1,0.00000
40373,42234,-1,0.00000
40492,39999,-1,0.23748
40492,50104,-1,0.00000
40598,35620,-1,0.00000
40598,73211,-1,0.00000
40717,41045,-1,0.11115
40834,39999,-1,0.13289
40834,50104,-1,0.33501
40904,39999,-1,0.07839
40904,50104,-1,0.03464
41015,11372,-1,0.00000
41015,19074,-1,0.02338
41119,30040,-1,0.23152
41119,42234,-1,0.27256
41192,73211,-1,0.00000
41294,11372,-1,0.04002
41294,19074,-1,0.00000
41382,11372,-1,0.03705
41383,39999,-1,0.00000
41491,39999,-1,0.12848
41491,50104,-1,0.33471
41572,11372,-1,0.00000
41572,35620,-1,0.00000
41572,73211,-1,0.12522
41675,19074,-1,0.24044
41779,19074,-1,0.00000
41779,30040,-1,0.0697
41779,42234,-1,0.11095
41864,11372,-1,0.12128
41864,19074,-1,0.00000
41868,39999,-1,0.25472
41868,50104,-1,0.00000
41966,35620,-1,0.00000
41966,73211,-1,0.00000
42070,30040,-1,0.00000
42070,42234,-1,0.00000
42170,35620,-1,0.12201
42170,73211,-1,0.306
42289,39999,-1,0.00000
42289,50104,-1,0.00000
42292,11372,-1,0.27646
42292,12586,-1,0.00000
42292,19074,-1,0.00000
42292,41045,-1,0.05776
42394,30040,-1,0.00000
42394,42234,-1,0.00000
42483,30040,-1,0.16376
42483,50104,-1,0.23437
42591,30040,-1,0.00000
42591,42234,-1,0.00000
42694,11372,-1,0.00000
42694,12586,-1,0.00000
42694,19074,-1,0.07838
42700,35620,-1,0.09201
42700,39999,-1,0.14672
42700,50104,-1,0.1816
42700,73211,-1,0.16664
42795,39999,-1,0.00000
42795,50104,-1,0.00000
42873,41045,-1,0.34427
42968,35620,-1,0.06173
42968,73211,-1,0.00000
43059,39999,-1,0.17803
43059,50104,-1,0.00000
43163,30040,-1,0.36828
43251,30040,-1,0.00000
43251,42234,-1,0.32301
43256,39999,-1,0.31707
43256,50104,-1,0.00000
43369,42234,-1,0.00000
43504,35620,-1,0.00000
43504,73211,-1,0.00000
43508,12586,-1,0.02667
43508,41045,-1,0.28264
43581,11372,-1,0.00000
43581,19074,-1,0.00000
43680,12586,-1,0.00000
43680,41045,-1,0.00000
43680,42234,-1,0.33284
43684,30040,-1,0.00000
43684,42234,-1,0.16813
43686,35620,-1,0.00000
43686,73211,-1,0.00000
43691,39999,-1,0.00000
43691,41045,-1,0.00000
43691,50104,-1,0.1901
43786,11372,-1,0.2884
43786,19074,-1,0.00000
43790,12586,-1,0.00000
43790,41045,-1,0.00000
43889,39999,-1,0.00000
43889,50104,-1,0.02453
43889,73211,-1,0.04103
43985,12586,-1,0.00000
43985,41045,-1,0.112
43991,11372,-1,0.00000
43991,19074,-1,0.06485
44112,12586,-1,0.00000
44112,41045,-1,0.16887
44192,12586,-1,0.00000
44192,35620,-1,0.04685
44192,41045,-1,0.20122
44192,73211,-1,0.26711
44292,39999,-1,0.00000
44292,50104,-1,0.00000
44371,11372,-1,0.22586
44371,19074,-1,0.25037
44479,35620,-1,0.24362
44479,73211,-1,0.00000
44602,39999,-1,0.21938
44602,50104,-1,0.00000
44604,11372,-1,0.11604
44604,19074,-1,0.00000
44604,35620,-1,0.02517
44604,73211,-1,0.00000
44730,11372,-1,0.00000
44848,39999,-1,0.00000
44949,12586,-1,0.00000
44949,41045,-1,0.00000
45052,11372,-1,0.00000
45052,19074,-1,0.03352
45121,35620,-1,0.06492
45121,73211,-1,0.00000
45215,30040,-1,0.31004
45215,42234,-1,0.00000
45349,11372,-1,0.00000
45349,19074,-1,0.00000
45349,39999,-1,0.23156
45349,50104,-1,0.00000
45353,11372,-1,0.09022
45353,19074,-1,0.06697
45359,35620,-1,0.27398
45359,73211,-1,0.2058
45449,39999,-1,0.00000
45449,50104,-1,0.00000
45560,30040,-1,0.15487
45560,42234,-1,0.00000
45655,12586,-1,0.29232
45655,41045,-1,0.31253
45738,35620,-1,0.00000
45738,73211,-1,0.00000
45818,30040,-1,0.00000
45818,42234,-1,0.00000
45820,11372,-1,0.37641
45820,19074,-1,0.00000
45821,11372,-1,0.00000
45821,19074,-1,0.30376
45822,30040,-1,0.29871
45922,12586,-1,0.00000
45922,41045,-1,0.38991
46008,30040,-1,0.00000
46008,42234,-1,0.00000
46107,30040,-1,0.00000
46107,42234,-1,0.2759
46174,35620,-1,0.33438
46255,11372,-1,0.00000
46255,19074,-1,0.00000
46255,30040,-1,0.30055
46255,42234,-1,0.00000
46329,11372,-1,0.00000
46329,19074,-1,0.22133
46329,35620,-1,0.00000
46329,73211,-1,0.00000
46434,11372,-1,0.00000
46434,19074,-1,0.18782
46434,35620,-1,0.00000
46434,73211,-1,0.00000
46560,12586,-1,0.00000
46560,39999,-1,0.00000
46560,50104,-1,0.00000
46624,35620,-1,0.00000
46624,73211,-1,0.00000
46628,11372,-1,0.00000
46628,19074,-1,0.00000
46711,12586,-1,0.00000
46711,41045,-1,0.15319
46823,12586,-1,0.00000
46823,41045,-1,0.08499
46927,35620,-1,0.00000
46927,39999,-1,0.00000
46927,50104,-1,0.00000
46927,73211,-1,0.32508
46932,30040,-1,0.00000
46932,42234,-1,0.00000
47040,35620,-1,0.0237
47040,73211,-1,0.3208
47145,35620,-1,0.34135
47145,73211,-1,0.3377
47242,11372,-1,0.02519
47242,19074,-1,0.23678
47326,39999,-1,0.00000
47326,50104,-1,0.00000
47428,35620,-1,0.00000
47428,42234,-1,0.29421
47428,73211,-1,0.00000
47538,19074,-1,0.00000
47538,35620,-1,0.032
47538,73211,-1,0.19357
47633,35620,-1,0.00000
47633,73211,-1,0.24277
47755,42234,-1,0.00000
47875,30040,-1,0.29826
47875,42234,-1,0.00000
47967,30040,-1,0.00000
48081,39999,-1,0.10475
48081,50104,-1,0.15469
48177,11372,-1,0.00000
48177,12586,-1,0.00000
48177,19074,-1,0.27449
48177,41045,-1,0.00000
48180,35620,-1,0.00000
48180,73211,-1,0.00000
48260,39999,-1,0.14092
48260,50104,-1,0.00000
48353,39999,-1,0.07366
48353,50104,-1,0.00000
48463,12586,-1,0.00000
48463,41045,-1,0.00000
48557,35620,-1,0.29876
48557,39999,-1,0.13444
48557,50104,-1,0.41431
48557,73211,-1,0.24525
48670,35620,-1,0.00000
48670,73211,-1,0.00000
48792,12586,-1,0.00000
48792,41045,-1,0.00000
48868,35620,-1,0.00000
48868,73211,-1,0.00000
48874,11372,-1,0.2339
48874,19074,-1,0.00000
48978,35620,-1,0.00000
48978,73211,-1,0.21768
49048,35620,-1,0.00000
49048,39999,-1,0.30361
49048,50104,-1,0.27822
49048,73211,-1,0.00000
49131,11372,-1,0.34373
49131,19074,-1,0.00000
49239,30040,-1,0.00000
49239,42234,-1,0.00000
49243,12586,-1,0.28145
49243,41045,-1,0.00000
49341,39999,-1,0.06326
49341,42234,-1,0.00000
49341,50104,-1,0.00000
49345,30040,-1,0.13736
49454,11372,-1,0.00000
49454,12586,-1,0.17658
49454,19074,-1,0.00000
49454,41045,-1,0.19191
49559,11372,-1,0.00000
49559,19074,-1,0.00000
49559,39999,-1,0.11088
49559,50104,-1,0.29073
49564,12586,-1,0.00000
49564,41045,-1,0.00000
49676,11372,-1,0.00000
49676,19074,-1,0.00000
49780,12586,-1,0.00000
49780,41045,-1,0.18892
49906,30040,-1,0.00000
49906,42234,-1,0.00000
49907,39999,-1,0.00000
49907,50104,-1,0.00000
49913,11372,-1,0.00000
49913,19074,-1,0.28544
50008,12586,-1,0.23271
50008,41045,-1,0.1768
50091,11372,-1,0.27818
50091,19074,-1,0.18029
50184,30040,-1,0.13047
50184,42234,-1,0.17449
50280,30040,-1,0.32807
50280,35620,-1,0.00000
50280,42234,-1,0.00000
50280,73211,-1,0.00000
50285,12586,-1,0.00000
50285,39999,-1,0.29267
50285,41045,-1,0.00000
50285,50104,-1,0.00000
50398,73211,-1,0.35912
50527,39999,-1,0.00000
50527,50104,-1,0.13186
50635,41045,-1,0.07756
50728,39999,-1,0.07329
50840,39999,-1,0.00000
50843,12586,-1,0.04565
50843,41045,-1,0.00000
50941,12586,-1,0.00000
50941,41045,-1,0.00000
51052,39999,-1,0.00000
51052,50104,-1,0.34683
51161,39999,-1,0.00000
51161,50104,-1,0.00000
51291,39999,-1,0.00000
51291,50104,-1,0.20946
51380,50104,-1,0.322
51386,30040,-1,0.00000
51386,42234,-1,0.05542
51505,11372,-1,0.08533
51505,19074,-1,0.1783
51621,35620,-1,0.11352
51621,73211,-1,0.03004
51718,39999,-1,0.07271
51817,11372,-1,0.27565
51817,19074,-1,0.34738
51817,39999,-1,0.00000
51893,12586,-1,0.16338
51893,39999,-1,0.14639
51893,41045,-1,0.03394
51893,50104,-1,0.05159
51991,11372,-1,0.17884
51991,19074,-1,0.34301
51997,35620,-1,0.00000
51997,73211,-1,0.00000
52076,11372,-1,0.00000
52076,12586,-1,0.09257
52076,19074,-1,0.00000
52165,12586,-1,0.00000
52165,41045,-1,0.00000
52270,39999,-1,0.00000
52270,50104,-1,0.15832
52374,30040,-1,0.00000
52374,35620,-1,0.24279
52374,42234,-1,0.05518
52374,73211,-1,0.02219
52475,11372,-1,0.00000
52475,12586,-1,0.00000
52475,19074,-1,0.00000
52475,41045,-1,0.05476
52476,35620,-1,0.00000
52476,73211,-1,0.00000
52482,35620,-1,0.08476
52482,73211,-1,0.00000
52585,30040,-1,0.00000
52585,42234,-1,0.00000
52590,30040,-1,0.33187
52590,42234,-1,0.00000
52711,30040,-1,0.00000
52711,42234,-1,0.26023
52792,35620,-1,0.00000
52792,39999,-1,0.00000
52792,50104,-1,0.00000
52792,73211,-1,0.30674
52917,12586,-1,0.16337
52917,41045,-1,0.00000
53010,12586,-1,0.00000
53010,41045,-1,0.12675
53125,12586,-1,0.00000
53125,35620,-1,0.21518
53125,41045,-1,0.12171
53125,73211,-1,0.00000
53236,35620,-1,0.18568
53236,73211,-1,0.00000
53327,12586,-1,0.26058
53327,41045,-1,0.06614
53424,30040,-1,0.20274
53424,42234,-1,0.04193
53541,12586,-1,0.04943
53541,41045,-1,0.00000
53624,19074,-1,0.00000
53704,41045,-1,0.08077
53816,30040,-1,0.3275
53816,42234,-1,0.00000
53916,11372,-1,0.00000
53916,19074,-1,0.00000
54002,11372,-1,0.00000
54002,19074,-1,0.32198
54087,35620,-1,0.00000
54087,73211,-1,0.00000
54202,12586,-1,0.00000
54202,30040,-1,0.00000
54202,42234,-1,0.00000
54274,11372,-1,0.23074
54274,30040,-1,0.2545
54280,11372,-1,0.21287
54280,19074,-1,0.00000
54411,30040,-1,0.00000
54411,42234,-1,0.00000
54412,50104,-1,0.00000
54511,35620,-1,0.24245
54603,39999,-1,0.00000
54696,11372,-1,0.05195
54696,19074,-1,0.18919
54696,39999,-1,0.00000
54826,12586,-1,0.00000
54826,39999,-1,0.00000
54826,41045,-1,0.14911
54826,50104,-1,0.00000
54936,39999,-1,0.00000
54936,50104,-1,0.30614
54938,12586,-1,0.02655
54938,41045,-1,0.00000
55058,35620,-1,0.00000
55058,73211,-1,0.00000
55175,35620,-1,0.11198
55175,73211,-1,0.25587
55181,12586,-1,0.00000
55181,41045,-1,0.00000
55281,12586,-1,0.00000
55281,41045,-1,0.05335
55396,12586,-1,0.00000
55396,41045,-1,0.16247
55489,30040,-1,0.33711
55489,42234,-1,0.21081
55491,19074,-1,0.00000
55587,11372,-1,0.00000
55587,19074,-1,0.00000
55587,30040,-1,0.00000
55587,42234,-1,0.00000
55697,35620,-1,0.00000
55697,42234,-1,0.17318
55697,73211,-1,0.37469
55700,35620,-1,0.00000
55810,30040,-1,0.00000
55810,42234,-1,0.25768
55914,30040,-1,0.07729
55914,39999,-1,0.15671
55914,42234,-1,0.12569
55914,50104,-1,0.00000
55919,30040,-1,0.3426
55919,39999,-1,0.06871
55919,42234,-1,0.03803
55919,50104,-1,0.28635
56031,12586,-1,0.00000
56031,41045,-1,0.00000
56116,35620,-1,0.08228
56116,73211,-1,0.21044
56192,30040,-1,0.00000
56282,11372,-1,0.00000
56282,19074,-1,0.00000
56288,35620,-1,0.00000
56376,42234,-1,0.00000
56452,30040,-1,0.00000
56452,42234,-1,0.31907
56456,30040,-1,0.00000
56462,39999,-1,0.19303
56462,50104,-1,0.00000
56540,35620,-1,0.23847
56540,73211,-1,0.00000
56642,11372,-1,0.00000
56642,19074,-1,0.00000
56747,12586,-1,0.15246
56747,41045,-1,0.00000
56866,11372,-1,0.28603
56866,19074,-1,0.00000
56986,30040,-1,0.34808
56986,42234,-1,0.33121
57093,30040,-1,0.19305
57093,42234,-1,0.0264
57182,11372,-1,0.00000
57182,19074,-1,0.00000
57188,35620,-1,0.00000
57188,73211,-1,0.39503
57189,11372,-1,0.00000
57189,19074,-1,0.00000
57286,11372,-1,0.34686
57286,19074,-1,0.00000
57427,12586,-1,0.04443
57427,41045,-1,0.16301
57511,39999,-1,0.00000
57511,50104,-1,0.00000
57598,39999,-1,0.00000
57598,50104,-1,0.00000
57693,11372,-1,0.05928
57693,19074,-1,0.15636
57693,30040,-1,0.00000
57776,11372,-1,0.00000
57776,12586,-1,0.12187
57776,19074,-1,0.00000
57776,41045,-1,0.00000
57892,11372,-1,0.00000
57892,19074,-1,0.26363
57984,30040,-1,0.22308
57984,42234,-1,0.25613
58084,12586,-1,0.00000
58084,19074,-1,0.00000
58084,41045,-1,0.00000
58189,12586,-1,0.00000
58304,30040,-1,0.07903
58304,35620,-1,0.00000
58304,42234,-1,0.00000
58397,30040,-1,0.00000
58397,42234,-1,0.00000
58401,11372,-1,0.14004
58401,39999,-1,0.00000
58401,50104,-1,0.1657
58406,12586,-1,0.00000
58406,41045,-1,0.00000
58407,30040,-1,0.15169
58407,42234,-1,0.00000
58494,30040,-1,0.37021
58494,42234,-1,0.04367
58498,39999,-1,0.00000
58584,12586,-1,0.00000
58584,41045,-1,0.00000
58688,11372,-1,0.10502
58688,19074,-1,0.00000
58688,42234,-1,0.19971
58769,11372,-1,0.00000
58857,11372,-1,0.00000
58857,19074,-1,0.00000
58857,30040,-1,0.29894
58857,42234,-1,0.00000
58960,39999,-1,0.00000
59027,11372,-1,0.17108
59027,19074,-1,0.00000
59031,11372,-1,0.28153
59031,42234,-1,0.30265
59137,35620,-1,0.00000
59137,39999,-1,0.00000
59137,50104,-1,0.07029
59137,73211,-1,0.16211
59229,35620,-1,0.00000
59229,73211,-1,0.00000
59349,30040,-1,0.07326
59349,42234,-1,0.13595
59352,30040,-1,0.00000
59352,42234,-1,0.2084
59355,12586,-1,0.00000
59355,41045,-1,0.00000
59357,39999,-1,0.31991
59357,50104,-1,0.00000
59442,30040,-1,0.00000
59442,42234,-1,0.00000
59509,35620,-1,0.07545
59509,73211,-1,0.21123
59596,12586,-1,0.16123
59596,39999,-1,0.00000
59596,41045,-1,0.00000
59596,50104,-1,0.17924
59683,35620,-1,0.11305
59683,73211,-1,0.00000
59764,30040,-1,0.27242
59764,42234,-1,0.03925
59768,11372,-1,0.22123
59768,19074,-1,0.24055
59768,39999,-1,0.00000
59768,50104,-1,0.34046
59838,12586,-1,0.31061
59838,41045,-1,0.00000
59916,11372,-1,0.00000
59916,19074,-1,0.31277
59920,12586,-1,0.00000
60026,50104,-1,0.00000
60028,12586,-1,0.19035
60028,41045,-1,0.19427
60139,39999,-1,0.10081
60139,50104,-1,0.00000
60237,30040,-1,0.00000
60237,35620,-1,0.00000
60237,42234,-1,0.11691
60352,11372,-1,0.20859
60352,19074,-1,0.12147
60352,41045,-1,0.00000
60419,12586,-1,0.10858
60419,41045,-1,0.21667
60507,19074,-1,0.34668
60507,42234,-1,0.1761
60629,12586,-1,0.00000
60629,39999,-1,0.00000
60629,41045,-1,0.25739
60743,30040,-1,0.00000
60743,42234,-1,0.00000
60815,30040,-1,0.00000
60815,42234,-1,0.20744
60821,11372,-1,0.00000
60821,19074,-1,0.00000
60932,11372,-1,0.00000
60932,19074,-1,0.00000
61020,39999,-1,0.26444
61020,50104,-1,0.31205
61107,12586,-1,0.00000
61107,41045,-1,0.00000
61233,39999,-1,0.00000
61233,42234,-1,0.17791
61233,50104,-1,0.28977
61345,42234,-1,0.00000
61346,11372,-1,0.30662
61346,19074,-1,0.30733
61346,30040,-1,0.30597
61346,42234,-1,0.0869
61441,30040,-1,0.32484
61441,42234,-1,0.2722
61540,73211,-1,0.00000
61650,11372,-1,0.00000
61650,19074,-1,0.07613
61748,11372,-1,0.00000
61748,19074,-1,0.00000
61748,50104,-1,0.00000
61868,11372,-1,0.00000
61868,19074,-1,0.14832
61992,11372,-1,0.156
61992,19074,-1,0.00000
61992,30040,-1,0.00000
61992,42234,-1,0.2539
62071,12586,-1,0.12842
62071,41045,-1,0.00000
62176,12586,-1,0.21616
62176,35620,-1,0.20142
62176,41045,-1,0.00000
62176,73211,-1,0.00000
62270,11372,-1,0.00000
62270,19074,-1,0.00000
62270,35620,-1,0.00000
62387,39999,-1,0.34832
62478,50104,-1,0.00000
62577,39999,-1,0.0264
62577,50104,-1,0.00000
62668,30040,-1,0.34463
62668,42234,-1,0.14077
62750,41045,-1,0.30433
62808,35620,-1,0.00000
62808,73211,-1,0.00000
62810,11372,-1,0.30791
62810,19074,-1,0.03276
62905,12586,-1,0.12664
62905,41045,-1,0.00000
62911,35620,-1,0.00000
63025,30040,-1,0.14449
63025,42234,-1,0.03224
63026,11372,-1,0.00000
63026,19074,-1,0.00000
63151,30040,-1,0.00000
63151,42234,-1,0.00000
63282,35620,-1,0.00000
63282,73211,-1,0.05952
63377,39999,-1,0.00000
63377,50104,-1,0.00000
63379,11372,-1,0.22574
63379,19074,-1,0.00000
63379,50104,-1,0.05532
63381,11372,-1,0.39104
63381,19074,-1,0.03215
63483,12586,-1,0.00000
63483,41045,-1,0.10023
63576,39999,-1,0.00000
63576,50104,-1,0.00000
63661,12586,-1,0.00000
63661,41045,-1,0.00000
63731,11372,-1,0.00000
63731,19074,-1,0.2105
63731,39999,-1,0.08125
63731,50104,-1,0.16224
63853,35620,-1,0.00000
63853,73211,-1,0.00000
63939,30040,-1,0.28602
63939,42234,-1,0.10542
64033,50104,-1,0.00000
64118,19074,-1,0.13257
64223,11372,-1,0.00000
64223,19074,-1,0.33465
64223,35620,-1,0.20927
64223,73211,-1,0.00000
64337,35620,-1,0.27079
64337,39999,-1,0.00000
64337,73211,-1,0.27672
64421,35620,-1,0.00000
64421,73211,-1,0.00000
64561,39999,-1,0.00000
64561,50104,-1,0.0298
64665,30040,-1,0.1679
64665,42234,-1,0.12492
64667,12586,-1,0.09066
64667,41045,-1,0.28989
64765,11372,-1,0.09938
64765,19074,-1,0.00000
64861,11372,-1,0.00000
64861,19074,-1,0.23019
64979,42234,-1,0.00000
65065,30040,-1,0.08609
65065,39999,-1,0.04888
65065,42234,-1,0.00000
65065,50104,-1,0.19814
65169,30040,-1,0.00000
65169,35620,-1,0.00000
65169,73211,-1,0.00000
65262,12586,-1,0.00000
65262,35620,-1,0.09305
65262,73211,-1,0.00000
65354,35620,-1,0.25913
65354,73211,-1,0.0824
65451,12586,-1,0.00000
65451,41045,-1,0.00000
65451,73211,-1,0.29356
65528,19074,-1,0.1386
65528,30040,-1,0.29494
65626,12586,-1,0.00000
65626,39999,-1,0.00000
65626,41045,-1,0.00000
65626,50104,-1,0.27868
65631,12586,-1,0.00000
65631,41045,-1,0.00000
65761,11372,-1,0.36343
65761,19074,-1,0.00000
65861,35620,-1,0.29232
65861,50104,-1,0.26941
65861,73211,-1,0.134
65951,39999,-1,0.00000
65951,50104,-1,0.02849
66069,30040,-1,0.00000
66069,35620,-1,0.24316
66069,42234,-1,0.00000
66069,73211,-1,0.3299
66158,30040,-1,0.05059
66158,42234,-1,0.00000
66159,39999,-1,0.00000
66159,50104,-1,0.00000
66274,11372,-1,0.00000
66274,19074,-1,0.00000
66384,11372,-1,0.00000
66384,19074,-1,0.00000
66479,11372,-1,0.00000
66480,12586,-1,0.09113
66480,35620,-1,0.00000
66480,41045,-1,0.26654
66480,73211,-1,0.00000
66580,73211,-1,0.24862
66682,30040,-1,0.00000
66682,42234,-1,0.27307
66682,73211,-1,0.00000
66800,35620,-1,0.05993
66891,35620,-1,0.23297
66891,73211,-1,0.00000
66980,12586,-1,0.2221
66980,41045,-1,0.00000
67070,30040,-1,0.00000
67070,35620,-1,0.00000
67070,42234,-1,0.29938
67070,73211,-1,0.00000
67178,12586,-1,0.08759
67178,41045,-1,0.0244
67280,35620,-1,0.00000
67280,73211,-1,0.31281
67372,12586,-1,0.00000
67372,30040,-1,0.00000
67468,39999,-1,0.3077
67468,50104,-1,0.19083
67562,12586,-1,0.19325
67562,35620,-1,0.18677
67562,41045,-1,0.00000
67562,73211,-1,0.00000
67565,35620,-1,0.28092
67565,41045,-1,0.22902
67565,73211,-1,0.3039
67668,12586,-1,0.00000
67668,41045,-1,0.00000
67755,11372,-1,0.07883
67755,19074,-1,0.13197
67755,35620,-1,0.00000
67856,30040,-1,0.00000
67856,42234,-1,0.00000
67965,39999,-1,0.02807
67965,50104,-1,0.11378
68076,12586,-1,0.00000
68076,19074,-1,0.3305
68076,41045,-1,0.3181
68149,11372,-1,0.00000
68149,19074,-1,0.16548
68149,39999,-1,0.00000
68149,50104,-1,0.00000
68244,11372,-1,0.00000
68244,19074,-1,0.00000
68244,35620,-1,0.00000
68244,73211,-1,0.00000
68344,50104,-1,0.00000
68445,12586,-1,0.00000
68527,11372,-1,0.00000
68527,19074,-1,0.02712
68533,39999,-1,0.00000
68533,50104,-1,0.00000
68533,73211,-1,0.00000
68633,11372,-1,0.30039
68633,19074,-1,0.00000
68633,30040,-1,0.20737
68633,42234,-1,0.00000
68742,39999,-1,0.31685
68742,50104,-1,0.00000
68852,12586,-1,0.00000
68852,41045,-1,0.00000
68981,39999,-1,0.23071
68981,50104,-1,0.12943
69073,35620,-1,0.00000
69073,73211,-1,0.00000
69196,39999,-1,0.31247
69196,50104,-1,0.00000
69199,35620,-1,0.11645
69199,73211,-1,0.00000
69303,12586,-1,0.13551
69303,41045,-1,0.26791
69309,30040,-1,0.00000
69309,39999,-1,0.24988
69309,50104,-1,0.19048
69406,11372,-1,0.29144
69406,19074,-1,0.2631
69407,35620,-1,0.2527
69407,73211,-1,0.00000
69504,11372,-1,0.00000
69504,19074,-1,0.00000
69609,73211,-1,0.00000
69728,35620,-1,0.00000
69728,73211,-1,0.2397
69733,12586,-1,0.00000
69844,11372,-1,0.00000
69844,19074,-1,0.00000
69844,39999,-1,0.00000
69844,50104,-1,0.00000
69967,35620,-1,0.00000
69967,73211,-1,0.00000
69968,30040,-1,0.20646
69968,42234,-1,0.00000
70078,35620,-1,0.00000
70078,73211,-1,0.00000
70083,30040,-1,0.00000
70083,35620,-1,0.17417
70083,42234,-1,0.00000
70083,73211,-1,0.00000
70181,11372,-1,0.09485
70181,19074,-1,0.00000
70181,30040,-1,0.33184
70181,42234,-1,0.00000
70298,39999,-1,0.00000
70298,50104,-1,0.00000
70407,12586,-1,0.00000
70407,41045,-1,0.00000
70503,30040,-1,0.00000
70503,42234,-1,0.00000
70584,11372,-1,0.00000
70680,30040,-1,0.00000
70680,35620,-1,0.00000
70680,42234,-1,0.00000
70680,73211,-1,0.00000
70766,12586,-1,0.00000
70766,35620,-1,0.00000
70766,41045,-1,0.00000
70767,12586,-1,0.00000
70767,41045,-1,0.00000
70879,39999,-1,0.18313
70879,50104,-1,0.00000
70955,12586,-1,0.15276
70955,41045,-1,0.00000
70959,11372,-1,0.00000
70959,12586,-1,0.00000
70959,19074,-1,0.00000
70959,41045,-1,0.00000
71072,35620,-1,0.00000
71072,73211,-1,0.00000
71182,35620,-1,0.27301
71182,39999,-1,0.2283
71182,50104,-1,0.29292
71182,73211,-1,0.00000
71265,11372,-1,0.27045
71358,12586,-1,0.00000
71358,41045,-1,0.32633
71441,12586,-1,0.21823
71441,30040,-1,0.05908
71441,41045,-1,0.00000
71441,42234,-1,0.03285
71525,11372,-1,0.14077
71525,19074,-1,0.00000
71529,30040,-1,0.00000
71529,35620,-1,0.00000
71529,42234,-1,0.00000
71529,73211,-1,0.00000
71640,30040,-1,0.00000
71640,42234,-1,0.17926
71735,11372,-1,0.15788
71735,19074,-1,0.00000
71817,39999,-1,0.14092
71911,11372,-1,0.00000
71911,12586,-1,0.00000
71911,19074,-1,0.02573
71911,41045,-1,0.00000
72010,11372,-1,0.00000
72010,19074,-1,0.16202
72011,12586,-1,0.32635
72011,41045,-1,0.10754
72107,35620,-1,0.06388
72107,73211,-1,0.00000
72183,35620,-1,0.00000
72183,73211,-1,0.00000
72281,39999,-1,0.00000
72281,50104,-1,0.04476
72373,11372,-1,0.14916
72373,19074,-1,0.00000
72477,12586,-1,0.33306
72477,39999,-1,0.00000
72477,50104,-1,0.00000
72483,30040,-1,0.23277
72483,35620,-1,0.00000
72483,42234,-1,0.02337
72483,73211,-1,0.00000
72585,30040,-1,0.37484
72585,42234,-1,0.00000
72672,12586,-1,0.348
72672,41045,-1,0.16435
72678,35620,-1,0.00000
72678,73211,-1,0.26182
72789,35620,-1,0.00000
72789,73211,-1,0.00000
72892,30040,-1,0.00000
72892,39999,-1,0.00000
72892,42234,-1,0.00000
72892,50104,-1,0.27203
72898,30040,-1,0.00000
72904,11372,-1,0.03823
72904,19074,-1,0.00000
73048,30040,-1,0.2335
73048,42234,-1,0.00000
73196,11372,-1,0.00000
73196,19074,-1,0.22789
73196,39999,-1,0.24981
73305,19074,-1,0.05977
73396,39999,-1,0.26347
73396,50104,-1,0.18364
73485,11372,-1,0.00000
73485,19074,-1,0.00000
73603,11372,-1,0.13119
73603,19074,-1,0.29491
73700,11372,-1,0.02253
73700,19074,-1,0.00000
73706,11372,-1,0.11133
73706,30040,-1,0.00000
73706,42234,-1,0.00000
73836,39999,-1,0.00000
73836,50104,-1,0.00000
73940,11372,-1,0.20672
73940,19074,-1,0.00000
73988,30040,-1,0.00000
73988,42234,-1,0.12872
73991,35620,-1,0.07968
73991,73211,-1,0.00000
73992,30040,-1,0.00000
73992,42234,-1,0.00000
74069,19074,-1,0.00000
74069,30040,-1,0.00000
74069,42234,-1,0.15992
74072,11372,-1,0.13946
74072,12586,-1,0.00000
74072,19074,-1,0.34468
74072,41045,-1,0.00000
74074,11372,-1,0.00000
74074,19074,-1,0.00000
74172,12586,-1,0.22671
74172,41045,-1,0.25784
74267,39999,-1,0.00000
74267,50104,-1,0.00000
74374,12586,-1,0.00000
74374,41045,-1,0.32449
74490,30040,-1,0.34485
74490,39999,-1,0.00000
74490,42234,-1,0.00000
74490,50104,-1,0.33869
74496,11372,-1,0.0886
74496,19074,-1,0.00000
74499,30040,-1,0.00000
74499,42234,-1,0.00000
74589,11372,-1,0.00000
74589,19074,-1,0.03142
74686,12586,-1,0.00000
74686,41045,-1,0.00000
74784,11372,-1,0.29625
74784,12586,-1,0.20639
74784,19074,-1,0.29771
74784,41045,-1,0.31428
74864,11372,-1,0.00000
74864,19074,-1,0.00000
74870,11372,-1,0.03833
74870,19074,-1,0.00000
74968,30040,-1,0.2044
74968,42234,-1,0.13476
74971,30040,-1,0.00000
74971,42234,-1,0.23252
75072,12586,-1,0.00000
75072,41045,-1,0.00000
75187,35620,-1,0.30288
75187,73211,-1,0.25245
75298,11372,-1,0.0246
75298,19074,-1,0.00000
75298,39999,-1,0.34921
75298,50104,-1,0.00000
75403,35620,-1,0.223
75403,73211,-1,0.00000
75503,12586,-1,0.00000
75503,41045,-1,0.29644
75509,39999,-1,0.00000
75509,50104,-1,0.05359
75618,35620,-1,0.00000
75618,73211,-1,0.00000
75724,12586,-1,0.14772
75724,41045,-1,0.00000
75833,11372,-1,0.1756
75833,19074,-1,0.13875
75833,73211,-1,0.00000
75934,11372,-1,0.03834
75934,19074,-1,0.08403
75934,39999,-1,0.19876
75934,50104,-1,0.22079
76034,11372,-1,0.30214
76036,30040,-1,0.00000
76036,42234,-1,0.14045
76122,35620,-1,0.00000
76128,12586,-1,0.12093
76128,41045,-1,0.0839
76234,30040,-1,0.07398
76234,42234,-1,0.00000
76338,35620,-1,0.00000
76338,73211,-1,0.12935
76452,30040,-1,0.13601
76452,42234,-1,0.32851
76533,12586,-1,0.00000
76533,35620,-1,0.2464
76533,41045,-1,0.00000
76533,73211,-1,0.27202
76632,11372,-1,0.00000
76632,19074,-1,0.00000
76632,50104,-1,0.34879
76735,35620,-1,0.00000
76735,39999,-1,0.00000
76844,12586,-1,0.00000
76844,35620,-1,0.00000
76844,41045,-1,0.26189
76844,73211,-1,0.00000
76956,11372,-1,0.00000
76956,19074,-1,0.15864
76956,42234,-1,0.27744
76961,35620,-1,0.33499
76961,73211,-1,0.00000
76962,41045,-1,0.00000
77059,39999,-1,0.14722
77059,50104,-1,0.41411
77185,39999,-1,0.02214
77185,50104,-1,0.22057
77285,12586,-1,0.00000
77285,39999,-1,0.00000
77285,41045,-1,0.13256
77285,50104,-1,0.27262
77358,39999,-1,0.20858
77438,35620,-1,0.27243
77438,73211,-1,0.00000
77488,12586,-1,0.07058
77488,41045,-1,0.00000
77612,35620,-1,0.06667
77612,73211,-1,0.15249
77710,11372,-1,0.00000
77710,19074,-1,0.27735
77791,11372,-1,0.00000
77791,19074,-1,0.00000
77897,35620,-1,0.00000
77897,73211,-1,0.00000
78018,11372,-1,0.00000
78018,12586,-1,0.13805
78018,19074,-1,0.14429
78018,41045,-1,0.00000
78105,39999,-1,0.00000
78105,50104,-1,0.00000
78215,12586,-1,0.00000
78215,41045,-1,0.04912
78337,11372,-1,0.00000
78337,12586,-1,0.04728
78337,19074,-1,0.00000
78337,41045,-1,0.02205
78422,35620,-1,0.00000
78422,39999,-1,0.33377
78422,73211,-1,0.00000
78552,19074,-1,0.00000
78652,30040,-1,0.00000
78652,42234,-1,0.27235
78748,11372,-1,0.10996
78748,19074,-1,0.00000
78750,35620,-1,0.00000
78750,39999,-1,0.00000
78750,50104,-1,0.00000
78750,73211,-1,0.00000
78842,11372,-1,0.21838
78842,19074,-1,0.00000
78924,30040,-1,0.00000
78924,42234,-1,0.06758
79018,11372,-1,0.00000
79018,19074,-1,0.00000
79018,50104,-1,0.26501
79133,35620,-1,0.21311
79133,73211,-1,0.00000
79272,35620,-1,0.07008
79272,73211,-1,0.31517
79367,35620,-1,0.27782
79475,30040,-1,0.00000
79475,35620,-1,0.00000
79475,42234,-1,0.00000
79475,73211,-1,0.00000
79562,12586,-1,0.00000
79562,41045,-1,0.30561
79647,12586,-1,0.00000
79647,41045,-1,0.00000
79647,42234,-1,0.39232
79751,30040,-1,0.00000
79751,42234,-1,0.00000
79847,35620,-1,0.25847
79847,41045,-1,0.00000
79847,73211,-1,0.00000
79939,11372,-1,0.00000
79939,19074,-1,0.1644
79939,41045,-1,0.00000
80036,35620,-1,0.30699
80036,73211,-1,0.00000
80140,35620,-1,0.00000
80140,73211,-1,0.00000
80144,39999,-1,0.00000
80144,50104,-1,0.21847
80147,12586,-1,0.16187
80147,41045,-1,0.00000
80241,41045,-1,0.00000
80356,30040,-1,0.00000
80356,42234,-1,0.00000
80456,11372,-1,0.24281
80456,19074,-1,0.10859
80456,42234,-1,0.28322
80548,39999,-1,0.23893
80548,50104,-1,0.02012
80644,35620,-1,0.30602
80644,73211,-1,0.02106
80746,30040,-1,0.00000
80746,42234,-1,0.03809
80749,30040,-1,0.02573
80749,42234,-1,0.32774
80849,35620,-1,0.00000
80849,39999,-1,0.20956
80849,50104,-1,0.39593
80849,73211,-1,0.00000
80972,35620,-1,0.06236
80972,73211,-1,0.00000
81079,19074,-1,0.00000
81079,35620,-1,0.00000
81079,73211,-1,0.00000
81192,35620,-1,0.00000
81192,39999,-1,0.15897
81192,50104,-1,0.00000
81192,73211,-1,0.00000
81299,19074,-1,0.00000
81299,39999,-1,0.09083
81399,19074,-1,0.20487
81399,42234,-1,0.27722
81481,11372,-1,0.00000
81481,19074,-1,0.00000
81608,35620,-1,0.30856
81608,39999,-1,0.27
81608,50104,-1,0.00000
81608,73211,-1,0.00000
81688,12586,-1,0.09613
81688,41045,-1,0.00000
81691,30040,-1,0.00000
81691,42234,-1,0.03195
81771,35620,-1,0.33703
81771,73211,-1,0.3168
81886,12586,-1,0.00000
81886,35620,-1,0.00000
81886,41045,-1,0.00000
81886,73211,-1,0.04659
81991,11372,-1,0.151
81991,19074,-1,0.00000
82082,19074,-1,0.00000
82156,30040,-1,0.12988
82156,42234,-1,0.31714
82241,35620,-1,0.28592
82241,73211,-1,0.03845
82320,39999,-1,0.00000
82320,50104,-1,0.31916
82429,39999,-1,0.00000
82429,50104,-1,0.00000
82435,35620,-1,0.16877
82435,73211,-1,0.00000
82440,11372,-1,0.03391
82440,19074,-1,0.00000
82562,30040,-1,0.00000
82562,35620,-1,0.06173
82562,42234,-1,0.30837
82562,73211,-1,0.23154
82647,12586,-1,0.00000
82647,30040,-1,0.00000
82647,41045,-1,0.00000
82647,42234,-1,0.00000
82772,30040,-1,0.00000
82772,42234,-1,0.17939
82842,35620,-1,0.00000
82929,12586,-1,0.00000
82929,39999,-1,0.00000
82929,41045,-1,0.00000
82929,50104,-1,0.10882
83044,30040,-1,0.02406
83044,39999,-1,0.09808
83044,42234,-1,0.2242
83044,50104,-1,0.2811
83047,35620,-1,0.00000
83052,30040,-1,0.00000
83052,35620,-1,0.21148
83052,42234,-1,0.00000
83052,73211,-1,0.00000
83058,35620,-1,0.19498
83058,73211,-1,0.13407
83171,39999,-1,0.07559
83171,50104,-1,0.00000
83171,73211,-1,0.00000
83273,19074,-1,0.00000
83273,50104,-1,0.00000
83354,11372,-1,0.28402
83354,19074,-1,0.10735
83354,35620,-1,0.08746
83354,73211,-1,0.20416
83359,41045,-1,0.30118
83363,30040,-1,0.14519
83363,39999,-1,0.00000
83363,50104,-1,0.23027
83365,19074,-1,0.00000
83369,12586,-1,0.00000
83369,41045,-1,0.22098
83435,50104,-1,0.20907
83534,30040,-1,0.00000
83534,42234,-1,0.20826
83612,12586,-1,0.00000
83612,35620,-1,0.36191
83612,41045,-1,0.00000
83612,73211,-1,0.05777
83715,11372,-1,0.00000
83715,19074,-1,0.00000
83817,39999,-1,0.00000
83817,50104,-1,0.13385
83920,19074,-1,0.09904
83920,41045,-1,0.00000
84017,35620,-1,0.08789
84017,73211,-1,0.00000
84129,11372,-1,0.23969
84129,19074,-1,0.10229
84129,30040,-1,0.18523
84129,42234,-1,0.00000
84209,11372,-1,0.28426
84209,19074,-1,0.11444
84317,12586,-1,0.24885
84317,41045,-1,0.00000
84318,30040,-1,0.24634
84318,42234,-1,0.00000
84429,30040,-1,0.12944
84429,42234,-1,0.00000
84525,12586,-1,0.26486
84525,39999,-1,0.05156
84525,41045,-1,0.11639
84525,50104,-1,0.00000
84613,30040,-1,0.00000
84613,42234,-1,0.00000
84673,35620,-1,0.00000
84673,73211,-1,0.00000
84769,35620,-1,0.33859
84769,39999,-1,0.00000
84769,50104,-1,0.24242
84769,73211,-1,0.00000
84850,11372,-1,0.00000
84850,19074,-1,0.00000
84954,35620,-1,0.00000
84954,73211,-1,0.27025
85057,11372,-1,0.00000
85057,19074,-1,0.00000
85057,35620,-1,0.00000
85057,73211,-1,0.28962
85140,39999,-1,0.15112
85140,50104,-1,0.2711
85235,35620,-1,0.00000
85235,73211,-1,0.21031
85369,35620,-1,0.04397
85369,39999,-1,0.00000
85369,50104,-1,0.00000
85369,73211,-1,0.09481
85483,35620,-1,0.05813
85483,73211,-1,0.00000
85618,35620,-1,0.00000
85618,73211,-1,0.2801
85622,30040,-1,0.00000
85622,39999,-1,0.32475
85622,42234,-1,0.00000
85622,50104,-1,0.1517
85720,35620,-1,0.04649
85720,39999,-1,0.28323
85720,50104,-1,0.00000
85720,73211,-1,0.24194
85810,30040,-1,0.00000
85810,42234,-1,0.07001
85913,11372,-1,0.29588
85913,19074,-1,0.00000
86003,11372,-1,0.00000
86003,19074,-1,0.30056
86003,35620,-1,0.16876
86003,73211,-1,0.00000
86120,11372,-1,0.00000
86120,19074,-1,0.00000
86121,50104,-1,0.00000
86251,73211,-1,0.00000
86255,73211,-1,0.10567
86259,11372,-1,0.15509
86259,39999,-1,0.00000
86259,50104,-1,0.35193
86371,11372,-1,0.13488
86371,19074,-1,0.00000
86373,12586,-1,0.00000
86471,12586,-1,0.00000
86471,39999,-1,0.00000
86471,41045,-1,0.00000
86471,50104,-1,0.00000
86571,30040,-1,0.00000
86571,42234,-1,0.00000
86672,73211,-1,0.25843
86742,39999,-1,0.30073
86742,50104,-1,0.33045
86745,39999,-1,0.00000
86745,50104,-1,0.00000
86837,35620,-1,0.33432
86837,73211,-1,0.00000
86935,39999,-1,0.00000
86935,41045,-1,0.21963
86935,50104,-1,0.00000
87032,11372,-1,0.00000
87032,19074,-1,0.23775
87127,30040,-1,0.00000
87127,42234,-1,0.00000
87210,11372,-1,0.04282
87210,12586,-1,0.00000
87210,19074,-1,0.00000
87210,41045,-1,0.00000
87308,30040,-1,0.10565
87308,39999,-1,0.00000
87308,42234,-1,0.23151
87308,50104,-1,0.21402
87426,39999,-1,0.00000
87426,50104,-1,0.00000
87432,11372,-1,0.27842
87432,19074,-1,0.15143
87432,35620,-1,0.00000
87432,73211,-1,0.17971
87436,35620,-1,0.00000
87436,73211,-1,0.00000
87543,12586,-1,0.23008
87543,30040,-1,0.05947
87543,41045,-1,0.17471
87543,42234,-1,0.08933
87625,11372,-1,0.00000
87627,12586,-1,0.00000
87627,35620,-1,0.00000
87627,41045,-1,0.09952
87729,35620,-1,0.00000
87729,73211,-1,0.08154
87733,39999,-1,0.28517
87733,50104,-1,0.00000
87848,12586,-1,0.00000
87848,41045,-1,0.00000
87947,12586,-1,0.11146
87947,35620,-1,0.00000
87947,41045,-1,0.00000
87947,73211,-1,0.00000
87949,39999,-1,0.00000
87949,50104,-1,0.08711
88044,12586,-1,0.2746
88044,41045,-1,0.07101
88160,12586,-1,0.1493
88160,39999,-1,0.00000
88160,41045,-1,0.06996
88160,50104,-1,0.00000
88268,30040,-1,0.33597
88268,39999,-1,0.1487
88268,42234,-1,0.39256
88268,50104,-1,0.00000
88369,35620,-1,0.00000
88369,73211,-1,0.00000
88473,11372,-1,0.2998
88473,19074,-1,0.00000
88542,12586,-1,0.12869
88542,35620,-1,0.00000
88542,73211,-1,0.12473
88640,11372,-1,0.35605
88640,19074,-1,0.00000
88640,30040,-1,0.20323
88640,42234,-1,0.16563
88751,35620,-1,0.21731
88751,73211,-1,0.00000
88840,30040,-1,0.00000
88840,42234,-1,0.16868
88932,11372,-1,0.00000
88932,12586,-1,0.00000
88932,19074,-1,0.133
88932,41045,-1,0.00000
89037,11372,-1,0.29281
89037,19074,-1,0.17012
89037,39999,-1,0.00000
89037,50104,-1,0.00000
89142,11372,-1,0.00000
89142,19074,-1,0.00000
89142,30040,-1,0.13471
89142,42234,-1,0.403
89215,30040,-1,0.32377
89215,42234,-1,0.00000
89215,73211,-1,0.24657
89301,11372,-1,0.00000
89301,19074,-1,0.00000
89392,35620,-1,0.00000
89392,73211,-1,0.00000
89483,39999,-1,0.00000
89483,50104,-1,0.14838
89485,12586,-1,0.17923
89485,30040,-1,0.00000
89485,41045,-1,0.00000
89485,42234,-1,0.00000
89580,12586,-1,0.00000
89580,41045,-1,0.00000
89672,39999,-1,0.00000
89672,50104,-1,0.00000
89781,39999,-1,0.00000
89781,50104,-1,0.00000
89887,35620,-1,0.00000
89887,73211,-1,0.00000
89890,11372,-1,0.00000
89891,11372,-1,0.21455
89891,19074,-1,0.00000
