Time_ms,UE_ID,Mean_Throughput,Std_Throughput
0,1,0.9115913793103448,0.3522648579217078
100,1,2.3081360714285712,3.4737645883289843
200,1,1.0614000000000001,0.22233239694955237
300,1,1.0699060714285715,0.23501807549616402
400,1,1.0564546428571429,0.23753165718811958
500,1,1.0831066666666667,0.2471988578825993
600,1,1.0189925925925924,0.23506810858512725
700,1,1.0741878260869566,0.25095722359065903
800,1,1.1191051851851852,0.1678065715310424
900,1,0.9788389473684211,0.23799984817676614
1000,1,1.1178003846153846,0.1898584057129053
1100,1,1.0205855,0.30009072811357707
1200,1,1.4035389655172414,1.8926735939261476
1300,1,1.0633427272727274,0.1964157330324737
1400,1,1.0869314285714287,0.23872562775293255
1500,1,1.0192025,0.2569734481113939
1600,1,1.0666714285714287,0.2186140526253767
1700,1,1.0556431034482758,0.2858833454913215
1800,1,1.0742496428571429,0.22396128495596507
1900,1,0.9941603703703704,0.24583189912373177
2000,1,1.14232,0.21537384658447412
2100,1,1.018157037037037,0.2638067526810373
2200,1,1.1247574074074074,0.23535015782695748
2300,1,1.0720072,0.2785144634562689
2400,1,1.0433388,0.2602930108762046
2500,1,1.0761686363636362,0.25169337239501516
2600,1,1.05238375,0.22663354204746097
2700,1,1.0367214285714286,0.29190628847775296
2800,1,1.1419512,0.25084096280179863
2900,1,1.0446389999999999,0.2175984523188962
3000,1,1.017098888888889,0.3001680561507726
3100,1,1.0702726315789475,0.24087985072881146
3200,1,1.0922304347826088,0.18510360242745294
3300,1,0.9123145454545455,0.36657202679142614
3400,1,1.5019403846153845,2.1938357748573267
3500,1,1.1320890476190475,0.28710855176927
3600,1,1.0049860869565217,0.26371596533080005
3700,1,1.0335638095238096,0.2959235965494504
3800,1,2.2551904166666668,5.404077666563245
3900,1,0.9540952173913043,0.25626612612441435
4000,1,1.0426608,0.38506543311840735
4100,1,1.4634848,2.1032401571724204
4200,1,1.3773061538461537,1.2818128230130232
4300,1,1.0392684615384615,0.3047694930493183
4400,1,1.802697037037037,4.065155838511384
4500,1,1.1393129166666667,0.19638711375150086
4600,1,1.0439737037037038,0.2847285611048388
4700,1,0.9788347999999999,0.3309794643695184
4800,1,1.5078633333333333,2.0068108727952496
4900,1,1.1118163636363636,0.195251185071593
5000,1,0.8967696153846153,0.23406019448818324
5100,1,1.1628286956521738,0.24283931464886502
5200,1,1.0238229166666666,0.27152279698476056
5300,1,1.0621117391304349,0.3312271977970322
5400,1,2.1439042857142856,5.659744933349342
5500,1,1.0609318181818181,0.1999523548399983
5600,1,1.1603877777777778,0.21862896140288135
5700,1,0.9645545833333333,0.23431382940832315
5800,1,1.05544,0.3039572264316149
5900,1,1.5064644,2.0756433782305503
6000,1,1.0774088461538462,0.24271909421925456
6100,1,1.0899824,0.2190689735425809
6200,1,1.0194216666666667,0.2892779798449726
6300,1,1.0677592,0.29706866417154576
6400,1,1.2638442857142855,1.128837830118604
6500,1,1.12600125,0.22786204921461278
6600,1,1.0293522222222222,0.23410675906736572
6700,1,0.9573615384615385,0.28813772281591044
6800,1,1.5122085185185186,1.968280752575521
6900,1,1.0484179166666667,0.2459128887472
7000,1,1.079573846153846,0.21019472752810758
7100,1,1.0698466666666666,0.22801125465484237
7200,1,1.0490904166666668,0.24422243997383894
7300,1,1.0663834782608697,0.21883309215864818
7400,1,1.0826530769230769,0.24776913668605668
7500,1,1.1064095454545455,0.2242803564520525
7600,1,1.0269716666666666,0.24482169315765237
7700,1,1.0454508695652174,0.2982020742552247
7800,1,1.5327518181818183,2.1912203884759576
7900,1,1.083565909090909,0.23976552690491465
8000,1,1.0945654166666665,0.26027272712824784
8100,1,0.9872738095238095,0.3382541282154024
8200,1,1.0411295833333334,0.3965122305419898
8300,1,1.5521628,2.106065620043529
8400,1,1.033322,0.24708884898284394
8500,1,1.0374545833333333,0.2376111841164261
8600,1,1.0318179166666666,0.2655347705550666
8700,1,1.2216731578947368,0.09136013810146157
8800,1,0.9149246153846154,0.3201595296502138
8900,1,1.346338695652174,1.385591667258249
9000,1,1.129718846153846,0.2038381420112914
9100,1,1.0413891304347827,0.29404217930137233
9200,1,1.032277391304348,0.2825082139468353
9300,1,1.107230909090909,0.27490586743741063
9400,1,1.109607,0.28598695673422814
9500,1,0.9808623809523809,0.2575586344292259
9600,1,1.1249052631578949,0.20385817126861136
9700,1,0.9808657142857142,0.3309131720794963
9800,1,1.4861430434782608,2.6000958131549257
9900,1,4.3303835294117645,12.833488035817142
10000,1,1.1014038095238097,0.25749488991970676
10100,1,0.9734914285714286,0.3508916155351353
10200,1,1.0703808695652175,0.474351283706237
10300,1,1.5839986363636362,2.1024043641378003
10400,1,1.082571304347826,0.29508925283569787
10500,1,0.9800622727272728,0.44272728830384345
10600,1,2.052761304347826,3.0841085424837025
10700,1,0.9838585714285715,0.2575542487959715
10800,1,1.1251313043478262,0.22470398999783833
10900,1,1.0545195652173913,0.22498481913389504
11000,1,1.082064,0.21936354659560012
11100,1,0.9443468181818182,0.26059553269544455
11200,1,1.1440009090909091,0.24503668238331155
11300,1,1.0593158333333335,0.25045461716675327
11400,1,1.059696,0.30438928915124464
11500,1,1.40073,1.809396247435808
11600,1,1.080055,0.28154564257358683
11700,1,1.0350042857142856,0.24796192456849966
11800,1,1.1024617391304348,0.22658470873649345
11900,1,1.082176818181818,0.22884068603426277
12000,1,1.0732695454545456,0.2290989045821388
12100,1,0.9203177272727273,0.3232220508144269
12200,1,3.498910434782609,11.325852947543783
12300,1,2.654753,7.248389298425366
12400,1,1.0652270833333333,0.2346092498172628
12500,1,1.036952857142857,0.21069877921200342
12600,1,1.0802113636363637,0.3225226126482925
12700,1,1.0494733333333333,0.24717598017067383
12800,1,1.5134779166666668,2.205090458745852
12900,1,1.0112975,0.30815722843535004
13000,1,2.191701923076923,5.951664885041845
13100,1,1.9105844444444444,3.028827236544424
13200,1,1.0403685185185185,0.22971325258483755
13300,1,1.072526923076923,0.2189593331149733
13400,1,1.0728396296296296,0.269034186238928
13500,1,1.1044873076923076,0.3169778883084143
13600,1,1.0295484615384614,0.3476186736490697
13700,1,1.3849707692307691,2.0789557275746366
13800,1,1.0694268,0.22819840509813683
13900,1,1.139701111111111,0.24179630811480296
14000,1,1.008201923076923,0.25610750063235915
14100,1,1.1098717391304347,0.2030875710053128
14200,1,1.0818208333333332,0.22766509850553782
14300,1,1.0666608695652173,0.22623770658541353
14400,1,1.0820813043478261,0.19968518507673633
14500,1,1.0342158333333333,0.27873340153219917
14600,1,1.065945,0.21888683216596685
14700,1,1.1068347826086957,0.22615991791549075
14800,1,1.0008032,0.28886192651392006
14900,1,1.5334264,2.0883082228961474
15000,1,1.0391625,0.2598974970729472
15100,1,1.0249848,0.30810272177906295
15200,1,1.5289254166666666,2.1809492113656246
15300,1,1.070342,0.20125430831827343
15400,1,1.0510496,0.24683365008104813
15500,1,1.0734025,0.2880867069696357
15600,1,1.0785692307692307,0.3208266576570354
15700,1,1.0756620833333332,0.3011800960710785
15800,1,1.010908,0.30288098567479166
15900,1,1.4845991304347828,2.264467263582226
16000,1,1.1015775,0.2120520245692388
16100,1,1.0772852173913043,0.26807492112314024
16200,1,1.0663107692307692,0.2638531568569621
16300,1,1.0571659259259258,0.28640913924045064
16400,1,1.1049919230769232,0.28588622748246173
16500,1,1.08466,0.25192939431860495
16600,1,1.0607068,0.20965395937353534
16700,1,1.0350668,0.21686596583911763
16800,1,1.0586508000000001,0.2269531111984735
16900,1,1.076362380952381,0.22825435962769172
17000,1,1.0716669565217392,0.24439279087408716
17100,1,1.082474,0.2491504132130038
17200,1,0.9874360869565217,0.332345646042013
17300,1,2.2309629166666665,5.913647941709283
17400,1,1.5846765217391305,2.291870587076315
17500,1,1.0163866666666668,0.2108636499099201
17600,1,1.0298933333333333,0.2608698255696768
17700,1,1.059388695652174,0.33221191865084543
17800,1,1.02767,0.3490241463644808
17900,1,1.3774804761904762,1.499529622006435
18000,1,2.1177147826086955,3.3548467618681173
18100,1,0.9433929166666667,0.2653629960356874
18200,1,1.0924685714285713,0.23960931027999965
18300,1,1.1909075,0.2008945605611149
18400,1,0.9891677272727274,0.24120760015136175
18500,1,1.1032116666666667,0.2343784516298497
18600,1,0.9731391666666666,0.2733746659633619
18700,1,1.144168181818182,0.21095273900040953
18800,1,1.1087320833333334,0.2578900789935455
18900,1,0.9557517391304348,0.27710833100976906
19000,1,1.1134458333333332,0.32472497581956106
19100,1,1.4245292,2.2686641689143863
19200,1,1.6160760869565218,2.437256844630378
19300,1,1.0333308695652175,0.23006641465836541
19400,1,1.0796733333333333,0.25585599250642793
19500,1,1.050265652173913,0.26930644295412015
19600,1,1.1130014285714285,0.23532623260668822
19700,1,1.023467,0.25989235403386374
19800,1,1.0483770833333332,0.280774097412991
19900,1,1.10207,0.25838910669763154
20000,1,1.05187125,0.25483237242842594
20100,1,1.1371179166666667,0.20988637180480313
20200,1,0.9691847826086957,0.28642492723970236
20300,1,1.06640625,0.3550333680069658
20400,1,1.6982891304347825,2.690541760274504
20500,1,0.9634591304347826,0.34903801142195284
20600,1,1.4796995833333335,2.4093567894690664
20700,1,1.0511316,0.31122207380315
20800,1,2.463627037037037,7.4236245605886815
20900,1,2.2639565384615383,5.988759873323986
21000,1,0.9772050000000001,0.3161050565650603
21100,1,1.3547915384615385,1.2341603247056432
21200,1,5.88003107142857,25.305767346805638
21300,1,1.0376433333333333,0.26227107782128484
21400,1,1.1085608,0.25823218502476925
21500,1,0.9798124,0.2367898787828568
21600,1,1.0815723076923076,0.2302245069371667
21700,1,1.1111515384615385,0.22777054307688352
21800,1,1.0608091666666668,0.19680836304510224
21900,1,1.011651739130435,0.24128448730703708
22000,1,1.0629740909090908,0.22034785744923313
22100,1,1.1188861904761904,0.2614037157057296
22200,1,1.065870909090909,0.2380733214970926
22300,1,1.0538185714285713,0.24336013585395852
22400,1,1.0887313043478262,0.24776141282408162
22500,1,1.0487214285714286,0.24811143380113931
22600,1,1.0123624,0.351032899636677
22700,1,1.7316065384615382,2.4772348643581488
22800,1,1.3820048,1.9862506679233618
22900,1,1.1409581818181818,0.2366622389385217
23000,1,1.0438568181818182,0.2076166200885974
23100,1,1.0749888,0.21492125537275272
23200,1,1.0643429166666667,0.20786895735114858
23300,1,1.02592875,0.26772690911372166
23400,1,1.0916069565217392,0.30200400137979483
23500,1,1.0044441666666668,0.3205470771355511
23600,1,1.1071720833333334,0.25079666582935906
23700,1,1.0954054545454546,0.25854503486732333
23800,1,1.01558,0.2877168491922066
23900,1,1.0774618181818183,0.23232782734412502
24000,1,2.453400909090909,6.492696293004866
24100,1,0.9986575000000001,0.30404773235464205
24200,1,1.1490799999999999,0.3374007294828444
24300,1,1.0597272727272726,0.2537037170022923
24400,1,1.1018436363636364,0.18797442806189035
24500,1,1.0601763636363637,0.208790541008731
24600,1,1.0454545,0.21493509356804735
24700,1,0.9581483333333334,0.34859271648788903
24800,1,2.6529570833333334,6.136501103711815
24900,1,1.5747882608695651,2.3553153851480313
25000,1,1.006825652173913,0.3436485104636328
25100,1,2.4000836363636364,6.357398758716414
25200,1,1.0626308333333332,0.3106259043330959
25300,1,1.0199666666666667,0.2889136804392058
25400,1,1.5298979166666669,2.2236112669532773
25500,1,0.9911268181818182,0.2736965871768428
25600,1,1.0171882608695653,0.2505340497572078
25700,1,1.1399871428571429,0.28173038966612846
25800,1,1.080281304347826,0.24623199572953272
25900,1,1.0332539130434781,0.2399169977065767
26000,1,0.9772029166666667,0.3826831285232478
26100,1,2.8539292,6.866284353759512
26200,1,1.0592744,0.18985052528414734
26300,1,1.0664776923076924,0.28333756866759047
26400,1,1.4786203846153847,2.256145752425549
26500,1,1.1498992307692306,0.16896802651207307
26600,1,1.0663824,0.2605020046672705
26700,1,1.0029584,0.2503428462076225
26800,1,1.129751851851852,0.20611050105814296
26900,1,1.0249952,0.2300377326498126
27000,1,1.083068076923077,0.19923046893523552
27100,1,1.048942,0.21282952720428622
27200,1,1.0623099999999999,0.329211638565022
27300,1,2.1617757692307693,5.950005523362931
27400,1,1.1478222222222223,0.21549521867502042
27500,1,1.0608692,0.25810152356388755
27600,1,1.0321021739130436,0.22700707155498123
27700,1,1.0698646153846154,0.24170449497236526
27800,1,1.1080608333333333,0.22946079649846543
27900,1,0.9475154166666666,0.25347350346010644
28000,1,1.029066,0.32390305432335775
28100,1,1.5447696296296296,2.083757395255174
28200,1,1.039705925925926,0.26667263232803545
28300,1,1.0351192,0.23790903715005582
28400,1,1.0857468,0.2527478620206311
28500,1,1.0880572000000002,0.2971470370529266
28600,1,1.0817739130434783,0.2915353331422381
28700,1,1.0474379999999999,0.23002082565135998
28800,1,1.08925,0.22251101864442988
28900,1,1.0282912499999999,0.24354293085190293
29000,1,1.1221171428571428,0.20304730143842978
29100,1,0.9909395238095238,0.2388233165433432
29200,1,1.048922608695652,0.29472834464696457
29300,1,1.4535386363636364,1.5208924783206528
29400,1,1.4738104545454547,2.343023958954137
29500,1,1.0450188,0.2877267825026606
29600,1,1.2267728,1.3337288948518238
29700,1,1.1288233333333335,0.28039927017261174
29800,1,1.0830525,0.2583897033594294
29900,1,1.0466112,0.32865478515102536
30000,1,1.1562896,0.2950718930402103
30100,1,1.0486126086956522,0.2236055783215655
30200,1,0.952164761904762,0.31723245643564035
30300,1,1.6019216,2.297113004985243
30400,1,1.0365817391304348,0.2377594324799788
30500,1,0.9640866666666666,0.24182162032781726
30600,1,1.0813160869565217,0.28664268401204396
30700,1,1.0476447826086956,0.2047926313009769
30800,1,2.8924604,9.064402175514427
30900,1,1.1394799999999998,0.25673612333483575
31000,1,1.0750027272727272,0.20314059949610358
31100,1,0.98893,0.29688645765960203
31200,1,1.5911017391304347,2.300224408031949
31300,1,1.0256704166666666,0.24517956907361427
31400,1,1.0298708333333333,0.22125156166320226
31500,1,1.1121895454545454,0.2168025898298413
31600,1,1.056799090909091,0.21863379817378673
31700,1,0.9786465217391305,0.2678598607584451
31800,1,1.2253585714285715,0.6124957921021638
31900,1,1.1014714285714287,0.2053439097291594
32000,1,1.0089445833333335,0.30294831889541485
32100,1,2.4159808333333332,6.557975268877428
32200,1,1.0513017391304347,0.23648387236288873
32300,1,1.0828241666666667,0.3030460112707334
32400,1,1.4833434782608697,2.2301839516661333
32500,1,1.074347727272727,0.2216948493491045
32600,1,1.0634166666666667,0.22915282652267968
32700,1,1.1277263636363637,0.19016209873597575
32800,1,1.019923043478261,0.2363805283173488
32900,1,1.0052657142857142,0.26421000907557285
33000,1,1.0886472727272727,0.2619047760284136
33100,1,1.1005047619047619,0.26044483551452985
33200,1,1.0812542857142857,0.16006872688228102
33300,1,1.108940909090909,0.22444041830865216
33400,1,0.9683149999999999,0.20318256111710292
33500,1,0.9954181818181819,0.3901945947934961
33600,1,3.8692859090909093,11.221516595173272
33700,1,1.3591217391304347,1.5699752449080555
33800,1,1.1401325,0.5924100943903018
33900,1,1.085213043478261,0.29308896808485213
34000,1,1.0125183333333334,0.37498483274448025
34100,1,1.7598,2.5690730083985196
34200,1,1.1241684,0.2272517722277797
34300,1,1.0612736363636364,0.25482912371020133
34400,1,1.0154873913043478,0.25936870432608955
34500,1,1.1430033333333334,0.24413245734137073
34600,1,0.9075692307692307,0.3539850259762193
34700,1,3.843928636363636,9.0103212145772
34800,1,1.1257888,0.23385918755239582
34900,1,1.0512858333333333,0.334090272387005
35000,1,1.0562774074074075,0.3828645151967809
35100,1,1.361111304347826,1.457380010168635
35200,1,0.9538234615384616,0.23927936141576955
35300,1,1.1311244,0.23323736986312174
35400,1,1.0502433333333334,0.25401691054057746
35500,1,1.1017630434782608,0.27776802199014233
35600,1,0.9638927272727272,0.2494208219662164
35700,1,1.2151031818181819,0.24361865434842386
35800,1,0.9851781818181817,0.28432242289070614
35900,1,1.1262147826086957,0.22362777476035658
36000,1,1.0965933333333333,0.24129515327360665
36100,1,1.0030179166666666,0.29811176436362385
36200,1,1.3974882608695651,1.2058540724642666
36300,1,0.9638508695652174,0.19818474629205407
36400,1,1.1235804,0.29314409614385895
36500,1,1.5382365384615384,2.6394081988050915
36600,1,0.9656269565217392,0.3308417883003457
36700,1,1.0627191666666667,0.2725803700054698
36800,1,2.3865645833333335,6.3205089226889895
36900,1,1.08471,0.2202103121425358
37000,1,1.0251121739130435,0.3468086452597131
37100,1,1.0783026086956522,0.29474125266097057
37200,1,1.0589892,0.2663406072106417
37300,1,1.0718358333333333,0.2542036365818736
37400,1,1.0104157692307694,0.32161538009458535
37500,1,1.5519842307692309,2.412745328071196
37600,1,1.03872875,0.3367894894093793
37700,1,1.4477156,2.052983190508145
37800,1,1.0605491666666667,0.29735812744197376
37900,1,1.0606813636363637,0.26800676763479675
38000,1,1.1144548,0.27846122112004507
38100,1,1.0454857142857141,0.22457099248503645
38200,1,1.0761873913043478,0.23600639128898399
38300,1,1.0581641666666666,0.22335978511802657
38400,1,1.017241739130435,0.2407717710283136
38500,1,1.0876521739130434,0.2956844302470352
38600,1,1.1209777272727273,0.20135199628728406
38700,1,1.0384013043478262,0.3348296060862267
38800,1,1.3040539130434783,1.501825166264336
38900,1,1.412858076923077,2.1168839812744
39000,1,1.50869125,2.1018256660244776
39100,1,1.09111,0.25560977608456215
39200,1,1.0649164,0.22827947679105984
39300,1,0.9981973913043478,0.2782466190142934
39400,1,1.12175,0.2788230740419125
39500,1,1.1032682608695652,0.2922092949123993
39600,1,1.0438037500000001,0.3240025970482671
39700,1,1.6432918181818181,2.7654156932671015
39800,1,1.0709077272727272,0.21269656477248824
39900,1,1.015589090909091,0.2805829994495151
40000,1,1.0613868181818182,0.2585646275551381
40100,1,1.0454633333333334,0.32930065377965795
40200,1,1.5828404347826086,2.279267197666586
40300,1,1.0084020833333334,0.28885581215757133
40400,1,1.159892,0.24754759825132622
40500,1,1.0226618181818183,0.20431140920142007
40600,1,0.995355,0.33717856237014837
40700,1,2.8808846153846157,9.495015279917872
40800,1,1.1003468,0.26587571909822827
40900,1,1.0581312,0.2251357685990092
41000,1,1.141769090909091,0.24571602343063176
41100,1,1.0049333333333335,0.25923582010051854
41200,1,1.0810611538461539,0.26264026503682825
41300,1,1.0306692,0.23034026493284526
41400,1,1.1345513043478261,0.2525619123610963
41500,1,0.9930327272727273,0.24086598305324852
41600,1,1.1080400000000001,0.29479063181976395
41700,1,1.2205833333333334,0.5216860696945369
41800,1,1.0346416666666667,0.22754047520819456
41900,1,1.0419932,0.22859225542291092
42000,1,1.0354104166666667,0.23665023797706491
42100,1,1.07991125,0.2349743979821317
42200,1,1.08568375,0.23754752962965572
42300,1,0.9988904000000001,0.34344340330055356
42400,1,2.203577692307692,6.092109341173914
42500,1,1.5087,1.9296022011264393
42600,1,1.0305982608695652,0.25481429374514675
42700,1,1.0809775000000001,0.3405126135983295
42800,1,2.14472,5.480556656177818
42900,1,1.026724,0.274813408060815
43000,1,1.1156957692307692,0.22799604317922853
43100,1,0.9758075,0.3236299808120916
43200,1,1.1345256000000001,0.2871576809739439
43300,1,1.0129712499999999,0.2673171495875021
43400,1,1.07456,0.22840404971732162
43500,1,1.0489363636363636,0.21468725414171447
43600,1,1.0704708695652172,0.23531002176844074
43700,1,0.9940812499999999,0.2847919441843161
43800,1,1.1550843478260868,0.2806184137971978
43900,1,1.0054677272727273,0.2931721235031576
44000,1,1.1237690476190476,0.20768748731940406
44100,1,1.0478533333333333,0.2601400699066072
44200,1,1.0411333333333335,0.36322623538968424
44300,1,1.5680163999999999,2.3447895554130227
44400,1,1.4468468,2.097071113588585
44500,1,1.0113972,0.24044539375777887
44600,1,1.0648223076923078,0.23455314233337726
44700,1,1.1072134782608696,0.23438234411492329
44800,1,1.07143375,0.2646904472219265
44900,1,1.0285624,0.29430372913992553
45000,1,1.0835803846153846,0.2106455335862742
45100,1,1.083786956521739,0.24308255973929332
45200,1,1.0350448,0.2539183380885805
45300,1,1.0283418181818182,0.2830085882364428
45400,1,1.1732188,0.17973626102616758
45500,1,0.9404415384615384,0.30782698169838596
45600,1,2.39029875,6.14985225451609
45700,1,1.0860966666666667,0.23985117676822318
45800,1,1.02253125,0.23078698942894052
45900,1,1.10528625,0.22471442622780433
46000,1,1.05983375,0.23897671601720857
46100,1,1.0640703999999999,0.24633271115979166
46200,1,1.0389590909090909,0.22849621601345507
46300,1,1.0385279166666666,0.23122119917439432
46400,1,1.1984599999999999,0.20287307584980788
46500,1,0.9952228,0.2874410624157005
46600,1,2.2988095833333335,6.285773984799865
46700,1,0.963471304347826,0.40366198272029025
46800,1,1.1286191304347826,0.3359322539240349
46900,1,1.567542272727273,2.2959995356829874
47000,1,1.0433229166666667,0.22788603088766077
47100,1,1.060078,0.2625484191655242
47200,1,1.0644336363636364,0.2669892345528178
47300,1,1.036997142857143,0.28506337541225557
47400,1,1.0288065217391305,0.3480699559990346
47500,1,1.5845347619047618,2.442274678420957
47600,1,1.001552,0.4049527334809388
47700,1,1.9751921739130436,2.9628938998169225
47800,1,1.0370963636363637,0.2729390578332626
47900,1,1.045803,0.2677396372971324
48000,1,1.0793360869565216,0.2033886134459022
48100,1,1.0061304166666667,0.3109361875184593
48200,1,2.515823333333333,6.773013754674748
48300,1,1.09065,0.28943151384860577
48400,1,1.474222608695652,2.2755443455262574
48500,1,1.447721923076923,2.053032669483892
48600,1,1.0216868,0.319012384643606
48700,1,1.4426458333333334,2.191000179286633
48800,1,1.1626645833333333,0.2443089588308956
48900,1,1.0494626086956522,0.2366325003271258
49000,1,0.963545,0.259520016362625
49100,1,1.1391864,0.3268135980427782
49200,1,1.44689,2.115550283592506
49300,1,1.0323496,0.24454067876463148
49400,1,1.122356956521739,0.2700907963568545
49500,1,1.0480384615384615,0.23281085316096942
49600,1,1.0512088,0.2503449441989992
49700,1,1.08590375,0.22848203342575873
49800,1,1.1469376,0.23045213491236458
49900,1,0.9997966666666667,0.3739422249686344
50000,1,1.0319936,0.29826112880718014
50100,1,1.0979903846153847,0.23719919592580024
50200,1,1.024918846153846,0.2779783857687777
50300,1,1.0962308,0.22384461504058265
50400,1,1.0612575,0.28470567220338727
50500,1,1.017874761904762,0.2363705579935675
50600,1,1.0727129166666667,0.259704039018317
50700,1,2.237048,5.4247112877361205
50800,1,0.9656166666666667,0.252866976915715
50900,1,1.0829995454545456,0.23114645576791623
51000,1,1.0499260869565217,0.23938676576807913
51100,1,1.0516366666666668,0.34239573148074126
51200,1,1.3972121739130434,1.586288781335389
51300,1,1.1210920833333333,0.3081793514649936
51400,1,1.3487541666666667,2.174526649225201
51500,1,1.134456,0.27427685710184635
51600,1,1.0241777777777779,0.35634918507352326
51700,1,2.440383636363636,6.370754029901048
51800,1,1.1171992,0.240930729064739
51900,1,1.051691923076923,0.23351656921116723
52000,1,1.0599904,0.2866551402016018
52100,1,1.0674592,0.2668806251697564
52200,1,1.0682028,0.2519126255854067
52300,1,1.0452866666666667,0.2292976059464068
52400,1,1.1288108,0.23024089585547866
52500,1,1.067766,0.20650736889596302
52600,1,1.0049134615384614,0.2296338337082288
52700,1,1.08677,0.24102929374964893
52800,1,1.0526354166666667,0.2874020421394145
52900,1,1.4863054166666665,2.376969900160577
53000,1,1.1524586363636364,0.23597889058730204
53100,1,1.0362391666666666,0.26156662873700187
53200,1,1.0678195833333333,0.2985139037979444
53300,1,1.0326504166666666,0.23065109386217714
53400,1,1.1815052,0.32033916919051075
53500,1,1.153462,1.135047331788415
53600,1,1.0707308,0.25290293757223675
53700,1,1.07091,0.24884579605852297
53800,1,1.065716956521739,0.23272423033661693
53900,1,1.0949086363636364,0.23826654086978297
54000,1,0.9869929166666668,0.24919127871331165
54100,1,1.1400108333333334,0.21607748366523863
54200,1,1.060415,0.29023351351147814
54300,1,0.9991158333333333,0.33060974661343107
54400,1,1.0646369999999998,0.2635351857881999
54500,1,1.06543,0.2947584155711249
54600,1,2.4371308333333332,7.1422110953827165
54700,1,1.1058576923076924,0.34982155913331237
54800,1,1.4868031818181817,2.128580094593322
54900,1,1.101934,0.20703668952225193
55000,1,1.0820754166666666,0.2222579460892655
55100,1,1.053195,0.25008305995008945
55200,1,1.1125892,0.19426140521901578
55300,1,1.043236,0.2707230988482512
55400,1,0.9709484,0.363106262668382
55500,1,1.5071472,2.186455708167749
55600,1,1.1664726923076922,0.2607463153880828
55700,1,0.9797552380952381,0.2536800070486251
55800,1,1.0837408333333334,0.2381307469678145
55900,1,0.9982707692307693,0.3474059958368373
56000,1,2.303025,6.453919787893401
56100,1,1.0641904347826086,0.3719777180824174
56200,1,1.4626584,1.9896788556629768
56300,1,1.0769229166666667,0.29902510420246853
56400,1,1.0221583333333333,0.30307249960115606
56500,1,1.2312466666666668,0.17178583461197647
56600,1,1.0169052173913042,0.2808643586545836
56700,1,1.2118829166666667,1.285648608177411
56800,1,1.1729852173913042,0.15660978333162293
56900,1,1.0446252173913044,0.19191593708680146
57000,1,1.1113120833333332,0.2133741311890652
57100,1,0.952915,0.33284548259959384
57200,1,1.0183145833333334,0.3164515529783785
57300,1,1.2153085714285714,0.2678299139806028
57400,1,1.0379934782608695,0.2304089456243299
57500,1,0.9909073913043479,0.3443018408608326
57600,1,1.0565947826086957,0.24838116322351977
57700,1,1.5342104347826087,2.159802411251965
57800,1,1.0937239130434784,0.3312257500384557
57900,1,1.43641375,2.118618541732391
58000,1,1.1132881818181817,0.2804970408236467
58100,1,1.0963466666666666,0.2768271476993059
58200,1,2.1288845454545453,5.321142410669534
58300,1,1.082145,0.188839176593912
58400,1,1.1151166666666665,0.21534462371587862
58500,1,1.0387195652173913,0.21807794218577956
58600,1,1.0867386363636362,0.21855229789938044
58700,1,1.0679190909090908,0.2388076414568466
58800,1,1.00634,0.2787614749566374
58900,1,1.0667858333333333,0.3526774624018834
59000,1,2.6150672000000004,6.40960959931877
59100,1,1.1301204,0.23391553186068398
59200,1,1.0476641666666666,0.23545412605757463
59300,1,1.1215233333333334,0.3056864928202645
59400,1,2.263286956521739,6.42087486188705
59500,1,1.0726141666666666,0.31589915436688043
59600,1,1.0985454166666666,0.22212623240301443
59700,1,0.9862636363636365,0.29305806942108564
59800,1,1.1136481818181818,0.3064328347543462
59900,1,1.090947619047619,0.22533684456619077
60000,1,0.9720652173913045,0.25304646067955705
60100,1,1.1613609090909092,0.24862204221533676
60200,1,1.091635,0.2847945968379584
60300,1,1.07874,0.22328256626973808
60400,1,1.040617142857143,0.29817319520947644
60500,1,1.460893043478261,2.3871335877602333
60600,1,1.5177704166666668,2.0159009653976367
60700,1,1.0333692,0.30834475795392835
60800,1,1.1428754166666666,0.19703166062025507
60900,1,1.0568475,0.23260686221605759
61000,1,1.0448016,0.32128539322125016
61100,1,1.4493923076923076,2.1792297430703496
61200,1,0.96333125,0.334906040753451
61300,1,1.1958804,0.3446535757887912
61400,1,1.0543552,0.2194137709731699
61500,1,1.1196415384615386,0.22877690636412246
61600,1,0.9718741666666667,0.3005773747728899
61700,1,1.07212,0.26730851262165223
61800,1,1.114951304347826,0.20267773572179124
61900,1,1.0368943478260868,0.1850959411378102
62000,1,1.04724,0.25968412683572867
62100,1,1.1787883333333333,0.39330671495905595
62200,1,1.0014566666666667,0.27270627167950023
62300,1,1.0815447826086957,0.22132077938983347
62400,1,1.0267679166666668,0.26287336422165364
62500,1,1.095082,0.25406167933856794
62600,1,1.086523043478261,0.28989871114258925
62700,1,1.052981304347826,0.19865760734820165
62800,1,1.4717570833333333,2.0798870063110537
62900,1,1.030648,0.28221404906855135
63000,1,1.2458766666666667,0.4901181284908388
63100,1,1.0259656521739131,0.22816295761076488
63200,1,1.0536777272727273,0.20910898370471154
63300,1,0.9914225,0.19984581507295543
63400,1,1.1386791666666667,0.23314994288834937
63500,1,1.0169917391304346,0.22150662215941608
63600,1,1.054024347826087,0.2453141233903638
63700,1,1.090475,0.23063878442045987
63800,1,1.1361916666666667,0.2253489620762065
63900,1,1.0006104761904762,0.2278850613023195
64000,1,1.0800438095238096,0.2619785213805932
64100,1,1.1160685,0.2632349412951939
64200,1,0.9838215789473685,0.23341334393120328
64300,1,1.1257011764705882,0.2340639874287145
64400,1,1.0814142857142857,0.2200451028441994
64500,1,1.057631,0.24637434100208272
64600,1,1.0871438095238095,0.23136064621011485
64700,1,0.984448695652174,0.3602767863904886
64800,1,1.8955995652173914,3.1202314259645996
64900,1,1.193402380952381,0.1983032997684295
65000,1,0.9390018181818182,0.2873223416575613
65100,1,1.5957069565217394,2.443106498018148
65200,1,1.1305185714285715,0.1767972913052039
65300,1,1.0538420833333333,0.21987641969740473
65400,1,1.0738029166666667,0.2247246175729244
65500,1,1.014187142857143,0.2068949363117149
65600,1,1.0433026086956523,0.33219337487533857
65700,1,2.361065652173913,6.244185830919998
65800,1,1.1114904545454545,0.2535298083437748
65900,1,1.042820909090909,0.25277831105929827
66000,1,1.0361711111111112,0.2614751147958756
66100,1,1.0669127272727275,0.26967785205212147
66200,1,1.0735260869565217,0.2888691958110757
66300,1,1.0523508695652175,0.3545216122135324
66400,1,4.501880833333334,16.997087869952747
66500,1,1.0395730434782608,0.2886449744682397
66600,1,1.0529282608695651,0.4075069314486026
66700,1,2.4407416,6.7554730254732975
66800,1,1.1066254166666667,0.22101719079272045
66900,1,1.056958695652174,0.24050583573158596
67000,1,1.07252,0.23152870673440318
67100,1,1.0019326086956521,0.26508795875087116
67200,1,1.1319331818181817,0.2285873900072931
67300,1,1.1129066666666667,0.2148870260470216
67400,1,0.9728442105263158,0.2597531425393432
67500,1,1.0544617391304347,0.27357005238233645
67600,1,1.179453181818182,0.5404979594286522
67700,1,1.0290122727272726,0.2821538975694583
67800,1,1.1720427272727272,0.19671609920757857
67900,1,0.919444,0.2662297443424224
68000,1,1.154873888888889,0.17967836820728864
68100,1,0.9597873913043478,0.3689393953830529
68200,1,1.5416891666666668,2.440825245008098
68300,1,1.4993786363636366,2.2077796144441573
68400,1,1.1283568181818182,0.2732333362040647
68500,1,1.0114395652173913,0.22043540198843373
68600,1,1.04598,0.40862696069683574
68700,1,3.5672574999999997,8.423873308500255
68800,1,1.0552445833333333,0.24566605797972396
68900,1,1.0643182608695654,0.29807514630088244
69000,1,5.5953984000000005,23.055249027470705
69100,1,1.0560695454545455,0.3131872038448642
69200,1,1.0913823999999999,0.2581651730365659
69300,1,1.1091282608695652,0.20931863348519805
69400,1,1.0420404166666668,0.2256562797222353
69500,1,1.0737756,0.22568915514633545
69600,1,1.0098354166666665,0.3543325981761396
69700,1,1.4418923999999997,2.220905691328953
69800,1,1.11468875,0.2500275748325181
69900,1,1.0794320833333333,0.33130177126495575
70000,1,1.008756,0.29360791569426964
70100,1,1.1310469230769231,0.35500018453819693
70200,1,1.4120324,2.1150873871589795
70300,1,1.120055925925926,0.2726352326018053
70400,1,1.0671388888888889,0.21978543147165033
70500,1,1.0655911999999998,0.20286909293762148
70600,1,1.055385,0.30958066045862753
70700,1,2.2149723076923076,5.911029225969574
70800,1,1.0796045454545455,0.22895405847601977
70900,1,0.9902747619047619,0.3134689320589689
71000,1,1.1124325925925926,0.32204109306103007
71100,1,1.105715,0.19879764494077892
71200,1,1.046902,0.24064825343919144
71300,1,1.1008296,0.3047352019579185
71400,1,1.0977656,0.2899293609525143
71500,1,1.029658,0.3129863954844257
71600,1,1.0290691666666667,0.273494830487933
71700,1,1.073169090909091,0.2314002751965498
71800,1,1.0346356,0.26421716527445116
71900,1,1.04726,0.28821562269939505
72000,1,1.0320128,0.24830596963088367
72100,1,1.122113076923077,0.4066563547445851
72200,1,1.0679584615384614,0.31267361452725506
72300,1,1.4681192592592593,2.1588129952145283
72400,1,1.0665055555555556,0.2303700637658617
72500,1,1.0391670370370372,0.32269106522415303
72600,1,1.1529717391304348,0.32696300941254913
72700,1,1.0599631999999999,0.22569546465167023
72800,1,1.035586,0.2464782078771536
72900,1,1.0596074074074073,0.22954689248759658
73000,1,1.1279938461538461,0.20750476800453377
73100,1,0.9904588,0.23708158097161408
73200,1,1.1319332,0.2486401774103829
73300,1,1.0041627272727274,0.23922206999597706
73400,1,1.0962227272727274,0.2584629933570083
73500,1,1.0667807999999999,0.28891464287225044
73600,1,2.1130328,5.417868344425631
73700,1,1.0044458333333333,0.262198630977036
73800,1,1.0892084615384616,0.24314581838382182
73900,1,1.0349969230769231,0.34292510682968935
74000,1,1.2685096296296297,0.8389601481159759
74100,1,0.9903376923076923,0.30517481667146373
74200,1,1.4567482142857142,2.0622046023757328
74300,1,1.0591189285714286,0.2585955322053869
74400,1,1.0662784615384615,0.24678157588754165
74500,1,1.072588076923077,0.23540186325548454
74600,1,1.076558148148148,0.2200736743777662
74700,1,1.0349984,0.23418831017438368
74800,1,1.1619855555555556,0.20503120406666306
74900,1,1.0160099999999999,0.232089881820553
75000,1,0.9974708,0.2418225433715117
75100,1,1.1136942307692308,0.27043172472434635
75200,1,1.1348807692307692,0.23223359479494912
75300,1,1.0614433333333333,0.20501322374457914
75400,1,1.006848,0.2440614508342793
75500,1,1.087235652173913,0.2074966098480141
75600,1,1.0730096153846154,0.2116656656424139
75700,1,1.0103708,0.3450370520432069
75800,1,1.4725184000000002,2.2746481097133096
75900,1,1.1036481481481482,0.2505036738412777
76000,1,1.1132003846153846,0.2313842965195481
76100,1,1.0180053846153847,0.21973313114286191
76200,1,1.1043865384615386,0.27041215261067403
76300,1,1.0759416,0.26812294401200853
76400,1,1.009871304347826,0.26788570609504264
76500,1,0.9702030769230768,0.3758568153301918
76600,1,1.0693186363636362,0.27120366957932196
76700,1,1.116153043478261,0.33647427735583946
76800,1,1.1082947826086957,0.2027895259503751
76900,1,1.054898695652174,0.31385379930650903
77000,1,1.2651221739130434,1.417979069530604
77100,1,1.1326084,0.21859006516536839
77200,1,1.1160834782608695,0.20075308143471574
77300,1,0.9936325,0.23796315853418407
77400,1,1.121653043478261,0.18670592573336436
77500,1,0.9746608333333334,0.3018637694307277
77600,1,2.0894014814814814,3.819046462050143
77700,1,1.4757307407407407,2.1571434316348985
77800,1,1.4313257692307693,1.9699085295701888
77900,1,1.0488264285714286,0.30151691108170686
78000,1,1.0915818518518519,0.21204287685126758
78100,1,1.0156415384615385,0.25249268372279315
78200,1,1.0662828,0.2352788002122872
78300,1,1.126991111111111,0.2165481045568847
78400,1,0.9995829166666667,0.23662031256257388
78500,1,1.036918846153846,0.3094493510004754
78600,1,2.1881592307692306,5.65687302818716
78700,1,1.088318148148148,0.326987656377671
78800,1,1.0444273913043478,0.4388623385032278
78900,1,1.120302962962963,0.19391034339482405
79000,1,0.9926388461538462,0.228659644665637
79100,1,1.0915164,0.25300017399335256
79200,1,1.090566956521739,0.24582295605198143
79300,1,1.056208076923077,0.3025312862236794
79400,1,1.4079650000000001,1.9499753284222743
79500,1,1.0979261538461538,0.2274596166720927
79600,1,0.9629492592592592,0.2464614247695371
79700,1,1.1637374074074074,0.1964861616695571
79800,1,1.0586437037037035,0.2613693656663533
79900,1,1.0750388,0.25103917687816507
80000,1,1.0116462962962964,0.2338357610531234
80100,1,1.119235,0.2011293208253142
80200,1,1.013454,0.21529579706379157
80300,1,1.1072646153846153,0.2713879558010011
80400,1,1.0654628,0.4455172467155452
80500,1,1.1282675,0.22224406846391043
80600,1,1.088988695652174,0.2809137351945409
80700,1,1.0936076923076923,0.4928640821022176
80800,1,1.492754,2.0817848161833794
80900,1,0.9890819230769231,0.23724748136946333
81000,1,1.087601111111111,0.2644600535246418
81100,1,1.0764566666666666,0.2931110192797064
81200,1,1.0515278260869565,0.22704407903946205
81300,1,1.0675704000000001,0.2559132100517673
81400,1,1.0672881481481482,0.3665754346970918
81500,1,2.247728571428571,6.012353554573323
81600,1,1.0650334782608695,0.25558077509163857
81700,1,1.063350357142857,0.2608039744993978
81800,1,1.5508639285714287,2.404568471459245
81900,1,0.9455196428571429,0.23934378154974983
82000,1,1.1041532142857142,0.2668078494188429
82100,1,1.1101467999999999,0.25765617393016865
82200,1,1.063291111111111,0.22097352755361258
82300,1,1.0539711111111112,0.24802781793942968
82400,1,1.0005152,0.22405221871102582
82500,1,1.1687296,0.2405329034227958
82600,1,1.0663923076923076,0.309810846050395
82700,1,1.2219869230769231,1.314961243142228
82800,1,1.0976985714285714,0.21355824020825454
82900,1,1.0643576923076923,0.23301411303708955
83000,1,1.0676307692307692,0.23632457547911645
83100,1,1.1238362962962962,0.22248055554013543
83200,1,1.0497433333333335,0.25605114047483074
83300,1,0.9749825,0.2616315979994372
83400,1,1.115416923076923,0.27100149211056723
83500,1,1.0831173076923077,0.2131299871638469
83600,1,1.0519523076923076,0.24880341372750803
83700,1,1.1159815384615384,0.24382763595117446
83800,1,1.0398566666666667,0.19578956117900329
83900,1,1.017065,0.2684992399877512
84000,1,1.0730996,0.3072858445253648
84100,1,1.1050704166666667,0.2754801780840323
84200,1,1.08036125,0.267067475911377
84300,1,1.060154,0.31815055208449133
84400,1,1.4946504000000003,2.106198082136547
84500,1,0.9602912,0.26313721740947255
84600,1,1.0930244,0.21072458551942472
84700,1,1.0602984,0.24839283815628288
84800,1,1.1402379166666667,0.28467351575749344
84900,1,1.1287072727272727,0.2406511498727254
85000,1,0.9557695652173913,0.32995710068925155
85100,1,2.34962347826087,5.9877292051590505
85200,1,0.9635354166666666,0.32106871032170803
85300,1,1.6545400000000001,2.474004863504411
85400,1,1.0699192,0.2332176618511843
85500,1,0.9566826086956521,0.28076473436956545
85600,1,1.1707986956521739,0.2429497499354052
85700,1,0.9388069565217391,0.20906796340456946
85800,1,1.1210673913043478,0.323932320038635
85900,1,1.558704782608696,2.3887748131052637
86000,1,0.8964934782608696,0.3383957084083218
86100,1,1.631404782608696,2.8994762119967774
86200,1,1.1122504761904761,0.20220223404987864
86300,1,1.5822552173913043,2.1169889840329814
86400,1,0.9920992,0.2280493201393067
86500,1,1.0740204166666667,0.24159071950717145
86600,1,1.054314761904762,0.22957190689670734
86700,1,1.0738366666666668,0.2248145126172537
86800,1,1.0539539130434783,0.18298979362345794
86900,1,1.0321513636363635,0.2853558782642417
87000,1,1.02777,0.4264293657379101
87100,1,1.1970788888888888,0.40070974077458366
87200,1,1.4589922727272728,2.3798910139390674
87300,1,1.156804347826087,0.5190714132058419
87400,1,1.0628175,0.3389831970088603
87500,1,2.3004288,6.522925469704474
87600,1,1.4738458333333335,2.029308897233386
87700,1,1.5008534615384614,2.0900849396155023
87800,1,1.0663012,0.23383577132822653
87900,1,1.0123260869565218,0.23339325379241427
88000,1,1.1173776,0.21212037449838084
88100,1,1.041285,0.18797663439443973
88200,1,1.0696269565217391,0.2307472530011764
88300,1,1.0532452,0.2754157926832326
88400,1,1.0575216666666667,0.2570469358031663
88500,1,1.0775237037037035,0.3028995334220465
88600,1,2.303564090909091,6.136819019868953
88700,1,2.30627,6.245271402083708
88800,1,1.0881334615384615,0.207164014267774
88900,1,1.0344756000000002,0.2022311052171088
89000,1,1.039940909090909,0.2410139731359019
89100,1,1.0299557142857143,0.30105104096434265
89200,1,1.14290625,0.23578047483074815
89300,1,1.0080322727272728,0.26469524456360893
89400,1,1.081245,0.28420212560362573
89500,1,1.102950909090909,0.38076814043530843
89600,1,1.1710576190476192,0.2154250944041748
89700,1,1.0078677272727272,0.18218156403857422
89800,1,1.0298225,0.21301126666211814
89900,1,1.1166633333333333,0.17866676228853162
90200,1,0.0,
90400,1,0.01803,
90500,1,0.05455,
90700,1,0.64772,
90800,1,0.04482,
90900,1,0.05804,
91100,1,0.02702,
