Time_s,Stream_ID,Mean_Kbyte_transfer,Std_Kbyte_transfer,Mean_Kbps,Std_Kbps,Mean_Latency_ms,Std_Latency_ms,Mean_Loss_pct,Std_Loss_pct
0,1,85.63333333333333,85.63333333333333,702.0,6.928203230275509,17.716333333333335,3.748771709951586,96.37101840660911,0.7743570734946955
0,2,84.2,84.2,690.0,18.33030277982336,16.732,2.868209197391293,97.51447207991392,0.55901372122617
0,3,78.0,78.0,639.0,37.64306044943742,17.367,1.2688274114315137,98.29791645644825,0.9194305876157756
0,4,82.3,82.3,674.3333333333334,91.12811494447436,24.188333333333333,11.291557746092135,97.54423999781437,2.1933437474505078
0,5,84.7,84.7,694.0,0.0,19.99566666666667,8.762971090522514,96.99898942854064,0.5366827822662675
0,6,81.83333333333333,81.83333333333333,670.3333333333334,42.71221527073177,18.655666666666665,2.922978674799619,97.63682456648736,0.6118286450748314
0,7,82.76666666666667,82.76666666666667,678.3333333333334,105.50987315570676,19.052333333333333,4.939366896003305,97.5073804980435,2.2474897065328405
0,8,87.53333333333335,87.53333333333335,717.3333333333334,53.90114408185907,17.210333333333335,4.145325117929032,96.89043568632333,2.0752048502308784
0,9,80.86666666666666,80.86666666666666,662.6666666666666,55.58177159225257,21.142,9.502304930910183,97.66798617970358,1.4412687790723384
0,10,92.33333333333333,92.33333333333333,756.6666666666666,55.58177159225257,14.758333333333333,0.8634085552815262,96.06689688094941,1.0869381675246257
0,42,79.0,79.0,647.0,,13.913,,0.0,
0,43,102.0,102.0,835.0,,13.804,,0.0,
0,44,91.9,91.9,753.0,,14.923,,0.0,
0,46,91.9,91.9,753.0,,14.317,,0.0,
0,47,97.6,97.6,800.0,,14.877,,0.0,
0,50,105.0,105.0,858.0,,13.808,,0.0,
0,56,83.3,83.3,682.0,,15.016,,0.0,
1,1,80.75,80.75,661.5,78.70832230456953,19.99975,12.025061119040796,43.197151964400994,50.55090679678166
1,2,80.025,80.025,655.75,52.18157401484423,25.6855,10.746853632575444,66.60539914926066,44.566344915002524
1,3,76.8,76.8,629.25,47.549097432723855,24.538,7.804372919502673,89.43453421810827,3.9403424748205853
1,4,84.7,84.7,694.0,9.797958971132712,18.78925,4.994131581166039,65.46960172489713,43.80767585642334
1,5,79.675,79.675,652.75,48.54808612774212,21.610999999999997,4.9610748163410445,45.404559270516714,52.500496085530635
1,6,73.9,73.9,606.0,6.928203230275509,27.07525,14.645015337991286,78.86907434265214,23.352348297838528
1,7,79.675,79.675,652.75,48.54808612774212,24.11275,8.52022289907958,66.98532535482654,44.75212298189706
1,8,78.95,78.95,647.0,54.270925303824804,17.7735,3.6527820904072557,45.547698982813486,52.698962663544336
1,9,82.55,82.55,676.25,35.5,21.2465,3.947452300746226,66.79398188274537,44.6971254784799
1,10,82.9,82.9,679.25,29.5,18.02075,4.614686726456448,43.7795684614526,50.96987133617835
1,44,73.2,73.2,600.0,,16.151,,0.0,
1,46,73.2,73.2,600.0,,15.663,,0.0,
1,47,76.1,76.1,623.0,,15.523,,0.0,
1,50,74.6,74.6,612.0,,15.726,,0.0,
1,56,74.6,74.6,612.0,,16.989,,0.0,
2,1,78.6,78.6,644.0,57.94250023370869,21.5505,7.142701286394852,43.72681033270028,50.65701334313841
2,2,78.6,78.6,643.75,62.824490978174005,22.30125,5.458295055845429,88.02817745974144,0.2351214150766489
2,3,76.8,76.8,629.25,53.187561202471635,23.9065,5.416673917943865,89.79980303115434,4.003434046638321
2,4,75.725,75.725,620.5,57.84173810205453,25.36,11.801933259710744,66.21861030485672,44.51937021458651
2,5,75.75,75.75,620.25,65.47964060174228,24.8295,8.34812635665433,68.27164838174983,45.67463334270699
2,6,77.52499999999999,77.52499999999999,635.0,31.75951301054011,26.834,3.0427006644317367,87.87327667021934,4.279525154608391
2,7,76.075,76.075,623.5,25.462390565956962,20.02075,5.5553043345977,66.03700158950357,44.182428444619624
2,8,81.1,81.1,664.75,38.84477656862846,18.70225,1.4719470948373106,45.40208083687269,52.46694744062938
2,9,72.15,72.15,590.75,50.347955933351116,20.904249999999998,2.684067234006382,67.46303763440861,45.05776955734014
2,10,73.55,73.55,602.75,20.155644370746366,21.59525,5.952120595496476,44.26426426426427,51.240630155720496
2,44,84.7,84.7,694.0,,15.502,,0.0,
2,46,84.7,84.7,694.0,,16.145,,0.0,
2,47,73.2,73.2,600.0,,15.031,,0.0,
2,50,73.2,73.2,600.0,,16.231,,0.0,
2,56,84.7,84.7,694.0,,16.457,,0.0,
3,1,75.0,75.0,614.5,63.25872798805449,20.56575,4.927915473774551,43.34496431403648,50.08823489707161
3,2,69.25,69.25,567.5,50.28916384272064,19.94225,2.078626690068871,88.02138966734653,3.5380079922651966
3,3,76.775,76.775,629.5,43.37049688440289,21.1235,6.835008973415226,87.30871329600059,6.883600591089897
3,4,76.775,76.775,629.5,43.37049688440287,19.75075,4.207567022639092,67.02245074384217,44.78056150307265
3,5,76.8,76.8,629.25,44.50749000636484,21.7095,5.604588507047893,65.19984330653794,43.623922619599014
3,6,78.225,78.225,641.0,49.32882862316246,17.8155,1.654539311510408,86.07389632756738,4.9247718871570125
3,7,77.525,77.525,635.25,44.99907406454789,23.97,10.635583920656796,68.42021321430005,45.6622248133382
3,8,74.65,74.65,611.5,68.01225379787579,18.078249999999997,3.8095024500145245,44.702218082319376,51.70745647932096
3,9,76.8,76.8,629.25,44.50749000636484,20.584,4.7729372507922205,66.89533345530072,44.68819297520522
3,10,78.25,78.25,641.0,68.24954212300621,17.98875,2.599494742573384,42.79182175351531,49.861067662779504
3,44,76.1,76.1,623.0,,15.045,,0.0,
3,46,74.6,74.6,612.0,,16.745,,0.0,
3,47,84.7,84.7,694.0,,15.624,,0.0,
3,50,84.7,84.7,694.0,,15.803,,0.0,
3,56,73.2,73.2,600.0,,15.871,,0.0,
4,1,77.5,77.5,635.25,41.77219968671348,21.75475,7.008474507099721,45.65274032211275,52.71631877641529
4,2,81.1,81.1,664.75,47.54909743272387,19.582250000000002,2.2672640450551853,88.57429466778153,5.074004806003319
4,3,76.8,76.8,629.25,44.507490006364854,22.43875,4.65883600448295,88.24930984335072,2.7641372556305606
4,4,76.8,76.8,629.0,70.95068710026703,21.531750000000002,1.1303230732848026,68.38513293885926,45.63751358905778
4,5,73.575,73.575,602.5,57.28001396647875,22.36475,4.732152883906716,66.11769646580518,44.1476833401519
4,6,77.15,77.15,632.25,44.34993423520115,21.71425,5.066037661065432,90.09230566508265,3.7716227165023493
4,7,79.675,79.675,652.75,55.757660161332694,20.85975,4.500478965250997,64.87547566969803,43.27509297605519
4,8,77.15,77.15,632.25,50.34795593335112,23.014499999999998,10.896335484923357,46.55888030888031,53.76198528607635
4,9,77.525,77.525,635.0,78.19207120929845,20.913,4.551930506206496,66.86540951769332,44.71566917635723
4,10,78.225,78.225,641.25,43.41562698691183,21.2225,10.976819530264677,58.42150288565931,44.32842590094912
4,44,84.7,84.7,694.0,,15.092,,0.0,
4,46,84.7,84.7,694.0,,15.434,,0.0,
4,47,84.7,84.7,694.0,,15.24,,0.0,
4,50,84.7,84.7,694.0,,15.356,,0.0,
4,56,77.5,77.5,635.0,,16.697,,0.0,
5,1,78.95,78.95,647.0,46.22409184253019,23.051000000000002,6.943554085144965,65.34274962234754,44.178942711026124
5,2,74.275,74.275,608.5,73.6048005680789,32.71175,20.896049170038502,88.84488495322114,5.582752248506707
5,3,81.45,81.45,667.5,38.691084244306204,23.222,7.5199896719787205,88.67957947768375,5.27790864012549
5,4,75.725,75.725,620.25,114.02740898573465,24.42925,8.832729188459629,68.70875665403173,45.86803603148323
5,5,76.8,76.8,629.25,49.52692870213806,27.0,12.172950861096362,79.14503499072006,20.156705830990656
5,6,77.175,77.175,632.0,83.65404951345752,22.84075,4.952388943732107,90.15598981755386,3.58241496848121
5,7,79.30000000000001,79.30000000000001,650.0,66.73829485385434,26.141,7.9812767149122195,69.11619677790564,46.19608229102796
5,8,72.475,72.475,594.0,38.99572626156186,21.07025,7.8590394398212995,65.53344328295879,44.04975247305741
5,9,72.475,72.475,594.0,15.491933384829668,22.594,4.156982158569685,84.9877145155969,9.187153459781442
5,10,71.775,71.775,588.0,82.32860985101108,18.396,2.0299784892127963,65.5183171250305,44.07338534906667
5,44,73.2,73.2,600.0,,18.058,,0.0,
5,46,64.6,64.6,529.0,,18.692,,0.0,
5,47,64.6,64.6,529.0,,18.047,,0.0,
5,50,63.2,63.2,517.0,,17.881,,0.0,
5,56,80.4,80.4,659.0,,16.629,,0.0,
6,1,78.6,78.6,644.0,72.15261603018976,22.079500000000003,4.540112516961079,64.40424899121967,43.10729865706431
6,2,83.625,83.625,685.0,11.489125293076057,26.70925,5.892082901374239,88.40605406379524,6.450013105383958
6,3,77.5,77.5,635.25,82.23290095819313,21.62,5.470895295409457,87.62313324860095,5.3082718919959735
6,4,80.375,80.375,658.75,49.969157153855065,20.169,5.563578524654793,65.13118795722932,43.685669005898966
6,5,78.225,78.225,641.0,36.56045222185669,34.997749999999996,13.958773689571252,87.36150975476713,11.000491521086895
6,6,76.425,76.425,626.25,69.42802027999934,18.3925,4.269151476972132,85.33920366496793,3.7351658154654572
6,7,82.525,82.525,676.5,43.37049688440289,18.94925,2.6609825722841554,64.53293000443284,43.16674771136403
6,8,82.9,82.9,679.25,37.924266637602884,18.0285,2.8709842098718226,64.64430051139435,43.793460335583525
6,9,80.75,80.75,661.5,58.66571968932681,16.596,3.667251468516079,87.1221067043729,7.580720738573738
6,10,82.9,82.9,679.25,29.49999999999999,23.98825,7.778820277951322,66.46794276735768,44.63460037805356
6,44,74.6,74.6,612.0,,17.411,,0.0,
6,46,86.1,86.1,706.0,,15.238,,0.0,
6,47,84.7,84.7,694.0,,15.457,,0.0,
6,50,77.5,77.5,635.0,,14.853,,0.0,
6,56,76.1,76.1,623.0,,16.019,,0.0,
7,1,77.85,77.85,638.0,85.32291603080616,27.12775,13.849866169630184,69.34994611382041,46.246739071411284
7,2,81.85,81.85,670.25,32.00390601161053,22.230249999999998,3.471049925214752,87.97342164350577,4.229340122788359
7,3,78.975,78.975,647.0,38.37533930360313,24.898,9.069402111863088,85.6724952307755,8.773589157993586
7,4,85.05,85.05,696.75,52.7596752580352,18.408,3.314666901314017,65.40620547479305,43.79646097704361
7,5,79.675,79.675,652.75,48.5480861277421,25.46675,3.0790457802161164,86.30409751624694,4.18397974554525
7,6,85.75,85.75,702.75,57.8583039272094,27.24025,9.920299268839292,90.90216093644841,2.5775550298347234
7,7,77.525,77.525,635.0,40.80032679607684,25.6765,14.726772773874572,67.36954368442434,45.05386224463026
7,8,78.95,78.95,647.0,47.84697830932831,20.42275,5.69782732714848,67.41012055074555,45.05193696457979
7,9,80.025,80.025,655.75,44.3950072267892,16.79675,1.3004846212085703,85.5878033617944,4.869574752116722
7,10,76.1,76.1,623.25,85.43369748914456,20.66075,7.661733371111265,65.47402513332717,43.95159904846403
7,44,73.2,73.2,600.0,,15.794,,0.0,
7,46,73.2,73.2,600.0,,14.756,,0.0,
7,47,73.2,73.2,600.0,,15.168,,0.0,
7,50,84.7,84.7,694.0,,15.329,,0.0,
7,56,84.7,84.7,694.0,,16.378,,0.0,
8,1,78.575,78.575,644.0,73.08442606556702,20.025,3.9228898361624522,45.03814275155739,52.06150890188612
8,2,73.55,73.55,603.0,6.0,23.94125,1.5803025817861587,89.212753194135,3.6870347201504368
8,3,86.775,86.775,711.5,95.51439682058408,22.22525,2.8015086858096057,88.91186241782962,5.647739202454453
8,4,80.75,80.75,661.5,47.42362280551752,21.51275,9.855325645727458,67.80002851423377,45.334169828723816
8,5,75.375,75.375,617.5,52.8551479675033,25.63025,7.559472132144324,87.50198722916375,2.3747583261395198
8,6,76.8,76.8,629.25,36.39940475703782,24.84225,7.201139695677808,84.79651615810631,7.75391549095296
8,7,86.475,86.475,708.5,46.400431032480725,22.57125,6.579238171450146,67.42711279593547,45.16864865062081
8,8,80.025,80.025,655.75,52.18157401484424,19.5455,5.087369228458523,66.0643353457524,44.25308325955928
8,9,82.175,82.175,673.25,89.38073990892372,17.698500000000003,0.9585508159021449,88.64058300196643,5.469584627364829
8,10,79.3,79.3,649.75,61.31000462132315,25.528,10.0822788098723,67.56801515257652,45.183017398209785
8,44,84.7,84.7,694.0,,16.237,,0.0,
8,46,84.7,84.7,694.0,,15.004,,0.0,
8,47,84.7,84.7,694.0,,15.542,,0.0,
8,50,84.7,84.7,694.0,,15.472,,0.0,
8,56,64.6,64.6,529.0,,19.185,,0.0,
9,1,76.425,76.425,626.5,80.46738469715541,23.677500000000002,6.351206788214872,68.24647893364441,45.6160198353296
9,2,72.125,72.125,591.0,51.4263227021597,24.86275,3.586021693092965,87.56610302247142,5.199841160138051
9,3,71.05,71.05,582.25,43.8662740610597,30.2785,19.470084976702083,87.97647585846407,4.888987070185048
9,4,75.375,75.375,617.5,77.41877463940298,28.343,13.868279225147822,69.2602009825062,46.199496056801856
9,5,78.6,78.6,643.75,38.71584516275819,22.9115,7.184178426700346,86.20905049813743,7.3066897972420985
9,6,72.125,72.125,591.0,42.387104957364876,26.4745,14.9099731388088,88.90179435010472,3.8065895666161227
9,7,72.5,72.5,593.75,44.50749000636485,20.65975,3.6059707315321714,65.88164147747703,44.06069528304091
9,8,75.35,75.35,617.5,35.00000000000001,17.7505,1.721871946458272,66.86195527679254,44.64293385613588
9,9,75.0,75.0,614.5,10.969655114602894,30.49875,20.552935433087573,88.68783708269794,5.589839119504996
9,10,74.625,74.625,611.75,63.00462945953523,20.29375,4.976934824769156,65.42000246006407,43.99762622368138
9,44,77.5,77.5,635.0,,17.24,,0.0,
9,46,63.2,63.2,517.0,,17.448,,0.0,
9,47,63.2,63.2,517.0,,18.368,,0.0,
9,50,63.2,63.2,517.0,,19.611,,0.0,
9,56,73.2,73.2,600.0,,15.283,,0.0,
10,1,78.6,78.6,644.0,51.04246598013591,19.56225,2.562945749848536,64.78541807353554,43.59987911006881
10,2,76.45,76.45,626.25,77.12489870333704,21.9915,3.989001086320567,87.60543946091046,5.0983434558001965
10,3,85.05,85.05,697.0,6.0,24.86525,8.03840238583928,87.50337557538128,5.999934143016873
10,4,78.95,78.95,647.0,54.270925303824804,22.0375,5.438413647379168,65.73666781576662,43.984649789531574
10,5,76.45,76.45,626.25,85.2540321627077,24.9,8.835867699326423,89.24197430481769,4.791000627166993
10,6,76.45,76.45,626.25,81.85505482253372,21.406750000000002,4.974781226345537,87.19383773474672,5.177061953743443
10,7,85.05,85.05,696.75,24.295061226512683,18.55125,2.397359571834535,76.06568542319513,26.48881032193508
10,8,81.1,81.1,664.5,59.0,17.9655,7.445633597395634,82.54697733696727,18.017395412783824
10,9,84.7,84.7,694.0,9.797958971132712,21.717,6.720710726304673,89.1870998216883,2.3576739470153734
10,10,77.525,77.525,635.0,78.19207120929843,25.21,7.049730254886826,88.3730864806191,4.958158591292005
10,44,63.2,63.2,517.0,,17.284,,0.0,
10,46,74.6,74.6,612.0,,16.735,,0.0,
10,47,73.2,73.2,600.0,,17.022,,0.0,
10,50,66.0,66.0,541.0,,23.001,,0.0,
10,56,74.6,74.6,612.0,,16.055,,0.0,
11,1,81.8,81.8,670.5,41.77319714841083,25.173499999999997,11.26322030622977,90.01652576967848,3.463864057131223
11,2,80.025,80.025,655.75,46.42107998169222,17.897750000000002,1.6934944887224561,88.00333348669024,4.371406052965289
11,3,75.0,75.0,614.75,58.64796103304302,23.189,5.096423451794407,87.69147385748445,4.167061649691417
11,4,77.475,77.475,635.5,47.00000000000001,20.1605,4.06860602663861,88.5360951392907,4.5135164913315435
11,5,80.75,80.75,661.75,39.88629672790728,20.99775,3.504091739191009,86.16701222715665,5.55176810767444
11,6,72.125,72.125,591.0,42.38710495736489,22.46675,3.83394291167722,86.67134962917564,7.023901821253764
11,7,79.675,79.675,652.75,31.30894440890654,21.692999999999998,3.6951908385539887,89.41845184646311,3.729072631103844
11,8,87.2,87.2,714.5,33.481338085566414,20.0445,6.9390822880262775,87.66855424415061,5.977261144049856
11,9,80.025,80.025,655.75,52.18157401484423,23.50275,4.4958926718357795,88.18914984493351,3.858171857622183
11,10,80.4,80.4,658.75,44.99907406454789,26.86,17.571685785186734,88.04275584836174,5.0100206998244285
11,44,73.2,73.2,600.0,,16.471,,0.0,
11,46,73.2,73.2,600.0,,16.022,,0.0,
11,47,76.1,76.1,623.0,,15.47,,0.0,
11,50,83.3,83.3,682.0,,15.839,,0.0,
12,1,77.875,77.875,638.0,40.05829086052807,21.2815,6.25289141117931,88.8300508000388,3.235988455087839
12,2,78.95,78.95,646.75,57.8352545310096,22.86625,1.7749706805090233,90.53416020089537,2.7478921917508985
12,3,83.275,83.275,682.25,16.500000000000014,19.65225,2.9499983474571643,87.87448297777766,3.7466630562768155
12,4,84.675,84.675,694.0,72.35099630735341,22.181,6.274252624815165,88.3343671146645,6.074763171389073
12,5,74.275,74.275,608.75,11.056672193748005,22.67575,4.8746700657582975,88.10908769540227,3.9274058262231715
12,6,84.35,84.35,691.0,6.0,22.3505,8.112586948686591,90.75533235590078,4.487886684380073
12,7,78.6,78.6,643.75,47.4438264336538,21.94825,3.975428645651518,88.4928718512725,4.766603278983221
12,8,72.475,72.475,594.0,72.2357252334328,23.934,1.624887893568868,90.01741490584975,1.99336814320351
12,9,74.275,74.275,608.75,11.05667219374799,21.773,2.1468670196358244,89.19563314771915,3.0150736843370582
12,10,74.275,74.275,608.75,11.05667219374799,24.08475,1.9587915279579895,87.03781113536556,8.294763449796692
13,1,79.65,79.65,653.0,40.2077936060494,21.091250000000002,0.7950791889281624,87.40147641843097,4.339060513451362
13,2,76.075,76.075,623.25,32.99873734958154,20.285,1.733752769764669,89.24534730509409,3.8565062025339523
13,3,77.5,77.5,635.25,78.70355773406945,24.92325,8.485973382588467,89.44367805254397,3.908335391635858
13,4,76.075,76.075,623.25,60.27368137642388,23.61175,5.238009824033043,89.68766134121513,2.01104707591267
13,5,81.1,81.1,664.25,20.303940504246953,21.95275,7.203945695473651,87.686352729613,6.964531905556477
13,6,77.15,77.15,632.25,50.34795593335112,22.39025,7.3052943073271654,88.99581360222545,3.5454470548022545
13,7,81.1,81.1,664.5,65.55659132891725,19.958,0.4206288942365554,88.71677094834888,3.8532568553435955
13,8,81.07499999999999,81.07499999999999,664.5,71.74724152653305,27.718249999999998,5.206622025523522,90.7171467247793,2.7275958407735064
13,9,84.7,84.7,694.0,0.0,20.939,2.9457650958621926,87.88085303721954,3.638887504308691
13,10,80.75,80.75,661.75,48.40368443276469,30.8445,9.82766888263268,91.72589307152481,1.6175107556472932
14,1,74.65,74.65,611.5,73.98423255442111,23.076999999999998,3.830622490753517,90.03166417455996,3.956644959652113
14,2,78.975,78.975,646.75,86.68477374948844,29.58425,12.057299680414905,90.28189380229169,3.174621909823777
14,3,79.35,79.35,649.75,24.295061226512672,24.899250000000002,5.547179305737286,88.64684799474827,4.987034586444497
14,4,76.1,76.1,623.25,97.74925404659957,20.47975,3.2629537104695,88.74398457813906,4.397452505522284
14,5,86.125,86.125,705.75,16.499999999999996,22.1705,5.379049141499516,90.48559048351171,4.681814976553441
14,6,74.65,74.65,611.5,68.01225379787577,21.5335,5.121450347964596,87.63649213889678,4.840048599118949
14,7,76.8,76.8,629.25,58.5,20.180500000000002,1.7392507007329336,89.41582121510929,2.898058076814856
14,8,76.45,76.45,626.25,85.2540321627077,22.567,3.651529633820143,88.27164479540802,3.6400310921663865
14,9,82.175,82.175,673.5,49.3254498205541,19.9105,4.675028520412113,88.18443349109181,4.995385838240203
14,10,77.525,77.525,635.0,86.77557259966656,27.0245,6.850582384002108,86.71331124943427,4.8332615172992766
15,1,81.725,81.725,670.5,135.5839223506976,20.92375,3.4776749297003966,87.3903867635926,5.371667572376317
15,2,77.5,77.5,635.25,90.43367735528619,31.014499999999998,4.097861027414178,88.29156923730537,6.183044644555479
15,3,90.45,90.45,741.0,66.46803743153546,23.37775,2.16431888824175,90.25880004490287,2.436145114927381
15,4,84.325,84.325,691.0,62.15035532212721,27.016750000000002,17.47465038992197,88.81095904234564,3.2827904905332654
15,5,76.425,76.425,626.25,78.35974731965386,19.5015,3.6578456774445804,86.56521145043384,5.568569498993175
15,6,81.125,81.125,664.5,51.31276644267001,20.29725,4.096686821892377,86.44411571460779,7.928030117131955
15,7,84.7,84.7,693.75,58.65932719241386,22.1705,5.076193619895388,88.94370553047116,3.194113807130802
15,8,88.625,88.625,726.25,79.55029855380808,25.059,9.218429186508223,89.13850248667072,4.7710805652583685
15,9,88.275,88.275,723.5,43.37049688440289,26.266000000000002,12.314291291016307,90.89159849265022,3.7015022855018995
15,10,76.8,76.8,629.25,88.57906073107797,23.64875,5.269808685648213,86.91943759620582,6.202392624740636
16,1,77.525,77.525,635.0,122.01366043740076,17.29525,3.250167726441207,86.16640027138325,6.80591257302751
16,2,71.425,71.425,585.0,46.611872593435535,24.40475,3.470742415776007,84.8386796717543,7.330092714983749
16,3,72.125,72.125,591.0,51.4263227021597,22.18775,1.9255716683624113,84.43631427271481,7.3969921189513155
16,4,77.875,77.875,638.0,94.39985875695649,24.12575,6.9236333127917735,89.76762203471571,2.9072166866939777
16,5,78.6,78.6,644.0,134.97901071401188,17.6325,1.1950647123343028,87.75131395075215,4.628801592506124
16,6,69.275,69.275,567.25,84.68913743804455,21.30925,1.6616253839739772,88.66567048266322,2.9105608170389266
16,7,77.525,77.525,635.0,122.01366043740076,21.974999999999998,6.15060441474386,89.54321927116521,3.387230477092785
16,8,84.275,84.275,691.0,127.29493312775651,21.1295,5.696715340147045,88.55228483825108,4.294342138673472
16,9,81.175,81.175,664.25,148.23489242864966,27.38925,18.313389734927103,87.69158155609452,4.582421195046456
16,10,81.725,81.725,670.5,135.5839223506976,21.2405,8.103179314318549,89.78785754578695,2.1088328753111916
17,1,78.95,78.95,647.0,54.270925303824825,27.268250000000002,9.093437427617786,92.05510372055979,1.60819647506119
17,2,78.6,78.6,644.0,51.04246598013591,19.1985,1.2572129228310267,87.88657401467457,3.0049029035210175
17,3,82.55,82.55,676.25,106.24931372327383,21.2675,2.313824323495629,86.63764304118752,7.137389314930047
17,4,79.3,79.3,650.0,57.94250023370871,18.930500000000002,3.4845813234878023,85.41352994554087,7.836804847761628
17,5,82.175,82.175,673.25,54.79887468430959,21.61175,2.9543764570548543,88.51528182313511,4.145635550885937
17,6,79.675,79.675,652.5,76.9610290991486,22.60625,4.67960221778162,89.37150703803579,4.386660060064382
17,7,78.975,78.975,647.0,38.37533930360313,28.54425,10.265586145791515,90.59924804242195,4.37047770238102
17,8,81.475,81.475,667.5,83.92258337301111,18.932499999999997,1.9562838069496291,89.60588537752093,2.2984680888337357
17,9,84.325,84.325,691.0,15.0996688705415,21.6245,7.037152004421486,87.51870480747371,3.8794784718838655
17,10,76.8,76.8,629.25,45.57320118958801,18.608,3.147971939730934,86.5114840423316,6.3917348502837115
18,1,87.225,87.225,714.25,36.20658319514101,24.465,6.999739090375679,88.87437496104178,5.621688879607991
18,2,81.475,81.475,667.25,80.69851299745244,20.3625,1.4095525294693099,89.40147313837308,3.632702468410423
18,3,75.725,75.725,620.5,27.86275889665869,23.377499999999998,8.402658170682258,89.59113639270713,4.126168113235626
18,4,75.35,75.35,617.5,6.3508529610858835,26.533,1.0478638588417228,89.94006197724565,2.598327491092084
18,5,81.175,81.175,664.25,145.67629640175966,18.733,1.1302427467879042,90.36954582466899,3.2714037431910885
18,6,81.85,81.85,670.25,110.36719017292532,21.1715,5.194547429757478,90.4019684185706,2.462733727883325
18,7,78.225,78.225,641.0,48.3459753581757,27.58475,10.737422079655186,87.59173183768844,6.290644876352928
18,8,77.875,77.875,638.25,42.17720553411126,19.5585,2.046358147213402,88.39867496306051,4.796645526777046
18,9,78.6,78.6,643.75,88.30015100024839,17.7885,2.5092975776765356,87.9578756195055,2.2643517498747623
18,10,82.875,82.875,679.5,93.27200365954762,35.3975,14.872174297436583,91.7827360645596,4.109464463574282
19,1,71.425,71.425,585.0,46.61187259343552,20.14675,0.7517740684540798,84.03227055288303,7.790672073864673
19,2,77.15,77.15,632.25,44.349934235201154,20.6695,3.8475029564641026,87.66825401166382,2.661731386199041
19,3,78.95,78.95,646.75,32.00390601161051,19.46975,3.787803882198759,87.85779056790882,3.499583228513695
19,4,84.7,84.7,694.0,9.797958971132712,32.207,17.12928527405624,89.8499454327259,5.338175476901037
19,5,74.625,74.625,611.75,63.00462945953521,22.527250000000002,4.1951055906456824,89.06077947397468,4.167195098849733
19,6,78.225,78.225,641.0,45.70193285482209,19.549500000000002,2.000631650254488,85.33341221511637,1.9773085574690399
19,7,79.675,79.675,652.75,90.67662322781986,22.44925,5.450316894456688,86.27107280048551,8.713498026663377
19,8,76.8,76.8,629.25,80.18883962248113,22.79525,9.8763693860649,89.854120208631,2.4326793244070326
19,9,75.375,75.375,617.5,68.36422066159072,18.43675,0.8626843281293579,87.60415540742679,4.735531997476931
19,10,81.825,81.825,670.5,48.01041553663123,21.62725,3.1387655083912644,86.00614823036928,5.592003854688071
20,1,77.875,77.875,638.25,42.17720553411127,25.6615,14.247473822868859,89.38617751064743,3.6322430353036586
20,2,82.9,82.9,679.25,63.30547632972468,33.838,16.23443975011149,90.8266326483461,4.880673935641169
20,3,77.85,77.85,638.0,92.69304181005172,18.977249999999998,5.710030436287827,88.54654659794906,3.5762229773289653
20,4,83.25,83.25,682.0,13.856406460551018,20.61125,3.078964152113501,87.07387155917705,4.5330024755758975
20,5,75.35,75.35,617.5,45.53020975132883,23.36875,4.853184615967814,88.82327061846391,4.900555637687075
20,6,74.3,74.3,608.75,60.22942248879141,27.3755,7.878355771775393,90.49219952180017,2.8284904595283398
20,7,79.675,79.675,652.75,41.24217097421843,24.32425,10.035779304568232,87.05871760398571,7.111082076981398
20,8,82.175,82.175,673.25,79.32790597681667,26.9105,9.655213393119112,89.92631913321947,3.1806491988392236
20,9,72.5,72.5,594.0,33.8329228218117,24.608,6.850399599050166,90.11622701182151,2.8659653164089343
20,10,76.425,76.425,626.25,30.64174712164219,21.56125,4.968197350817161,87.65813376863314,3.7236287598281246
21,1,77.525,77.525,635.0,63.129496539520524,20.44025,6.17128659600249,86.82693541315004,7.415293024243617
21,2,80.4,80.4,658.5,55.871877243087766,24.95175,6.193572010560624,88.63362136578813,3.492799828028218
21,3,77.5,77.5,635.0,59.81638571495272,23.69525,8.47405972660094,89.03582850761016,3.943877319005656
21,4,80.025,80.025,655.75,52.18157401484423,21.398500000000002,4.969369544184318,88.49021053156866,2.519844026939544
21,5,80.75,80.75,661.5,37.84617990409776,23.893749999999997,4.241359245572108,90.00868826112284,3.4841691368284757
21,6,89.75,89.75,735.0,94.92804292375004,20.51925,4.178309257343216,89.04538366746054,4.784261827988256
21,7,77.525,77.525,635.0,34.535006394478444,35.891,17.272775688927354,90.07586234225693,5.682725890543843
21,8,78.25,78.25,641.0,40.2077936060494,21.787,5.646651456099151,85.5051554946361,8.424944833738842
21,9,84.725,84.725,694.0,101.53160427505648,26.04275,7.693775465703862,90.07336866265892,5.620514322747303
21,10,73.575,73.575,602.75,45.41934242882285,22.648,2.879430730775327,89.68298519662693,3.45847121628039
22,1,79.675,79.675,652.75,48.54808612774212,20.464750000000002,3.2045618915331726,89.07264618545918,2.8501953329466483
22,2,79.3,79.3,650.0,57.94250023370871,21.13625,3.4589488167168176,87.14638850496041,1.4680089775208445
22,3,78.94999999999999,78.94999999999999,647.0,40.414518843273804,30.82675,11.573456020135042,91.27753651060583,4.261607496730859
22,4,77.5,77.5,635.25,39.508437917319206,21.15075,5.059821233666922,89.67608177658715,3.7197423934200917
22,5,78.95,78.95,647.0,55.14828495368948,22.961,3.7963941663987772,87.43807984630135,4.995674530848686
22,6,75.0,75.0,614.75,58.64796103304303,21.83775,3.0418410406638063,88.41261394371699,3.034904788345727
22,7,82.175,82.175,673.5,40.999999999999986,20.591,1.9537930630784137,85.15739986324205,6.084777650874374
22,8,78.6,78.6,644.0,95.36945702547192,22.63,4.550233473863366,87.65972711416751,7.06763463740406
22,9,77.875,77.875,638.0,53.49766350038104,24.365000000000002,4.862662302347004,88.9707754792972,4.255646949441271
22,10,85.775,85.775,702.75,53.62446580930511,25.124000000000002,9.921189512015854,89.25261901463438,5.965543060472933
23,1,74.3,74.3,608.5,109.96211468804457,25.38425,4.104911235337497,90.6499361758304,3.5261284680065805
23,2,73.575,73.575,602.75,53.055788248471686,26.11975,10.134917377561594,89.66510473779812,4.8921761011926215
23,3,81.1,81.1,664.5,59.808026217222704,25.93975,4.283757803222151,86.52950110074657,6.612299860133016
23,4,77.15,77.15,632.25,83.57182539588327,22.63525,4.3843005048316055,86.91371611702606,7.010177092427037
23,5,75.35,75.35,617.5,68.36422066159072,25.384,5.35442726473461,91.07005684149259,1.0967656194092124
23,6,77.525,77.525,635.0,80.01249902359005,28.3245,13.865075970461419,89.72627899660236,4.161599676435365
23,7,73.9,73.9,606.0,6.928203230275509,20.360999999999997,1.31644166853935,88.97547936982328,3.197431575759795
23,8,84.35,84.35,691.0,65.34523701081817,21.5955,5.986978230571191,89.68129557385554,2.7738063484161106
23,9,75.0,75.0,614.75,58.64796103304302,20.7725,1.992509723941141,85.25392319285376,5.924522798030692
23,10,73.925,73.925,605.75,72.42639942267827,28.66225,13.066458009601023,90.4508567169325,1.5099257250397502
24,1,74.625,74.625,611.75,16.499999999999996,21.76075,4.268839450014488,88.67997717172086,3.0058009318715575
24,2,80.75,80.75,661.75,44.34993423520115,28.441249999999997,8.410179798910367,91.00129426127596,1.531818198664363
24,3,78.225,78.225,641.0,59.4138031100518,25.512,2.3755691247923454,89.51594022821216,2.874928053894691
24,4,76.425,76.425,626.5,45.35416188179426,24.90825,9.10385622964247,89.43601731325899,3.082614399367892
24,5,82.55,82.55,676.25,35.5,19.07425,2.648207742983922,87.19888414806607,3.5659304045304445
24,6,79.65,79.65,653.0,54.71136384091822,17.275,3.812349669167296,85.87035248050381,8.19641619300242
24,7,76.45,76.45,626.25,47.4438264336538,18.2845,1.2646560797307709,88.13215167101825,3.3284608911636018
24,8,75.725,75.725,620.25,62.5426521130447,22.49325,4.94516311662214,87.93631863404556,4.0950088005943694
24,9,81.1,81.1,664.5,93.01075206662937,31.72675,9.84923636210781,91.98131677432066,1.873519473102275
24,10,79.65,79.65,653.0,61.19912853410031,24.222250000000003,3.7614711107047807,88.95255458743392,3.414821563232195
25,1,84.325,84.325,690.75,64.02798867162183,24.175250000000002,6.480478911057937,90.54465232484282,3.9445781431120035
25,2,74.65,74.65,611.5,68.01225379787576,23.69675,6.5382903664999965,66.75351137866821,44.597390795935446
25,3,76.075,76.075,623.5,47.00000000000001,23.967750000000002,5.359908666821354,88.49272423252373,3.840772748224378
25,4,80.025,80.025,655.75,52.18157401484423,23.527,6.8437733743893086,87.85980778051682,2.93725879750573
25,5,75.35,75.35,617.5,52.239831546435916,22.86025,9.58237449261229,90.93673671773638,2.675072124597942
25,6,74.975,74.975,614.75,14.637281168304444,23.29625,9.886146447596927,90.1476001565942,3.4176475070870347
25,7,77.5,77.5,635.25,41.77219968671348,17.5605,2.7843070352722714,88.95780004862421,3.190501072815097
25,8,84.675,84.675,694.0,72.35099630735341,21.018250000000002,3.6926845135574022,89.73395644001653,4.392239652093663
25,9,80.725,80.725,661.75,45.41934242882284,23.36025,4.636664560867003,86.61520485498286,6.798637661466651
25,10,82.525,82.525,676.5,43.37049688440289,26.31475,8.651163828256484,89.78729291677467,4.013063517454953
26,1,74.275,74.275,608.75,20.05617112013158,23.20825,4.667471433585142,88.23253444625864,3.5714418834784074
26,2,83.25,83.25,682.25,74.85263299755503,19.12575,0.5635124222233265,87.56441318187764,7.615194367328229
26,3,77.15,77.15,632.25,42.224597886382135,18.9795,3.1092054183236804,85.31136174213806,6.424809898861833
26,4,83.275,83.275,682.25,23.500000000000007,25.439500000000002,4.22297797768352,89.2039174749464,5.98082359143404
26,5,74.27499999999999,74.27499999999999,608.5,22.278539748675943,24.48725,4.8699133719194645,87.86407317105578,3.574106864711814
26,6,87.2,87.2,714.5,41.0,25.04225,4.532975283041665,90.22125170584499,4.663727951884827
26,7,76.45,76.45,626.25,68.73317976057851,21.62525,3.3872131489864468,89.33526060971866,4.491089349166745
26,8,72.125,72.125,591.0,35.05234181430203,23.0465,2.6338547795958696,86.03927131632331,5.63168066992949
26,9,73.55,73.55,603.0,6.0,24.31875,6.7034070131041075,85.97788974789187,6.475847235063687
26,10,75.0,75.0,614.75,58.64796103304302,24.935,6.81955780580139,86.32038486909242,5.738690414259988
27,1,73.925,73.925,605.75,11.49999999999999,21.3125,2.3356113403846392,87.18245311775134,6.028823195994409
27,2,72.125,72.125,590.75,26.196373794859472,22.215,2.398808871085815,87.75714785641003,3.389850532635362
27,3,77.875,77.875,638.0,37.69173207305106,24.58925,5.576832157835367,90.55792101106545,2.5894466220229124
27,4,74.3,74.3,608.75,53.624465809305114,22.981749999999998,4.425915752700226,87.31561014525832,2.3468725113103948
27,5,77.525,77.525,635.25,44.99907406454788,23.612000000000002,4.606484921643979,87.52293836083211,8.916526841935974
27,6,70.325,70.325,576.25,42.24038352098617,25.67875,4.881372441912897,88.9348050935337,3.7704784552123796
27,7,77.875,77.875,638.0,55.19057890618651,23.387999999999998,4.601920323806863,89.3439810876381,4.148657496121631
27,8,77.175,77.175,632.0,65.58455102639135,22.966749999999998,3.179912092600465,89.08477915599151,1.3901911656694694
27,9,73.925,73.925,605.75,62.65447576457195,26.2335,14.080528174279069,88.064873139094,4.1631718196020016
27,10,76.075,76.075,623.25,88.10741550327455,28.1185,8.410782187169035,88.75524070049258,7.018713129521293
28,1,73.925,73.925,605.75,77.44406583679172,19.458750000000002,2.017890049036369,87.865132177443,4.96826345396439
28,2,82.9,82.9,679.5,65.4344455670457,22.232,4.507859137107105,90.49385436787603,4.438951661836603
28,3,78.225,78.225,641.0,48.3459753581757,23.06475,4.175863453626488,87.79278346232773,5.224783970257167
28,4,78.6,78.6,643.75,85.2540321627077,18.67475,3.2309834803044106,86.62376327187359,3.9409280127457498
28,5,77.14999999999999,77.14999999999999,632.25,51.29246208427381,19.674,1.680732181719224,88.03543193795512,4.222161588134128
28,6,81.1,81.1,664.5,34.06366588218792,19.41075,2.765244338209555,87.30273178483873,4.3201263058033215
28,7,75.375,75.375,617.25,80.7852090422498,21.143250000000002,1.8550350176389314,86.49717063424207,5.869935908564912
28,8,76.075,76.075,623.5,71.39794581545512,26.003999999999998,11.94160237712399,89.42101899748779,4.488153949246215
28,9,81.825,81.825,670.5,47.00000000000001,24.41475,7.57948456360985,88.6922885905032,6.185734815604054
28,10,72.475,72.475,594.0,52.46586191674227,23.3315,4.556949601067217,89.06982402253433,2.138220617803931
29,1,78.6,78.6,644.0,36.39597047293376,23.377,7.8266118254751,90.12163746048763,3.062225173900313
29,2,76.775,76.775,629.5,43.37049688440288,20.82225,1.2492967021488548,89.03326845690474,3.4742975207660898
29,3,76.8,76.8,629.25,80.18883962248115,20.596,1.1241977880545153,86.16995284932975,3.8829338088637497
29,4,66.75,66.75,547.0,80.31189202104504,22.3575,7.8682016793335094,90.32895968199003,3.4563965773407923
29,5,74.275,74.275,608.75,17.50000000000001,18.9525,1.4972589399744236,89.0728350532699,2.9588592485627023
29,6,75.35,75.35,617.5,14.97776129244064,22.63225,5.33379329526995,88.28609155852897,4.878419778234955
29,7,72.85,72.85,596.75,94.81341325642346,30.0015,10.20965159379431,90.51592171260236,4.179011540110026
29,8,71.775,71.775,588.0,48.25626038833372,21.63375,3.4251992034527468,89.29247448991796,1.2123082941870063
29,9,71.425,71.425,585.0,85.3580693314932,29.569,7.320434732081606,88.92251589654212,4.783521173940393
29,10,75.375,75.375,617.5,43.37049688440287,23.88225,4.018263337562633,88.13281016644703,4.969103685862849
30,1,78.95,78.95,646.75,42.905904799533914,19.7325,5.375927237850849,87.67369545526671,4.3918326530764
30,2,72.875,72.875,596.75,111.27256325497915,19.7265,3.1821193671304444,86.9394799425545,5.464922704515292
30,3,68.9,68.9,564.5,34.875970715283806,22.73925,3.378249682404583,87.5392076448369,2.495704673758635
30,4,79.675,79.675,652.75,41.242170974218446,21.96325,4.420828005023496,89.32122518264441,5.581629953764577
30,5,80.75,80.75,661.75,53.0557882484717,20.29975,2.0109706404288117,86.01681480651027,4.148073882111577
30,6,77.525,77.525,635.0,88.51741824823706,19.65275,1.014773004173842,87.23552804198704,3.6209068154916535
30,7,76.8,76.8,629.25,110.9996246239899,25.215249999999997,10.180425052521135,88.43389117632144,1.29966126450962
30,8,76.075,76.075,623.5,46.99999999999999,20.47825,2.623513340922816,88.2617118550474,4.195732267933327
30,9,81.1,81.1,664.5,41.573228565187655,20.8775,2.599078105790589,84.93709855877646,6.9487464901758695
30,10,86.85,86.85,711.75,64.1060319574791,22.6795,6.615937449321399,85.5819715305625,7.668399585872354
31,1,83.6,83.6,685.0,78.83315715272774,19.189999999999998,5.115161646191318,88.48568646771412,4.490470747212257
31,2,81.44999999999999,81.44999999999999,667.5,58.66571968932682,23.18775,5.761754615566338,88.89560072511793,3.6273488192527212
31,3,77.525,77.525,635.25,44.99907406454789,30.220750000000002,12.545653227977677,91.66030609636435,2.0623785093672744
31,4,76.45,76.45,626.25,85.2540321627077,21.09125,2.066213666750529,87.81512066514749,3.9289293997165986
31,5,80.375,80.375,658.5,99.93831430771016,20.42625,4.729003727002127,88.99369311124633,5.22492986068521
31,6,78.225,78.225,641.0,98.36327227849497,26.7625,14.212981448896173,90.28922542585738,3.9785804052310185
31,7,80.75,80.75,661.5,44.72508617468875,20.1555,1.770962356084021,87.92727495508018,4.357503432799306
31,8,80.4,80.4,658.5,40.99186911246343,22.436249999999998,7.167675000770239,88.31579511235165,3.749786689823316
31,9,72.15,72.15,591.0,58.28092884183183,21.981749999999998,3.7269842477978545,85.77503049864305,7.033549747218338
31,10,77.875,77.875,638.0,76.61592523751182,23.0295,8.03700709219545,88.78308694083867,3.2608355219252543
32,1,77.875,77.875,638.0,40.05829086052807,23.03275,5.863188346227105,89.85498013049293,4.7633686027528634
32,2,84.35,84.35,691.0,6.0,21.689500000000002,3.629299702881168,85.79099506339489,8.413988313953526
32,3,85.4,85.4,700.0,6.928203230275509,21.311,6.785827043674682,86.25013381128915,6.093918829852572
32,4,84.7,84.7,694.0,0.0,18.275750000000002,1.6578392312485142,86.21757785827376,4.691187149355846
32,5,73.2,73.2,599.75,19.189841062395487,20.18825,2.455832021264212,87.3466227804023,3.736796222229184
32,6,82.175,82.175,673.5,41.00000000000001,27.166999999999998,9.89487089354884,88.43922426865048,5.397018739975321
32,7,79.325,79.325,649.75,58.982341990350534,24.2265,10.859479069765118,88.47861721695028,4.859322975138313
32,8,82.55,82.55,676.25,35.49999999999999,24.218,6.282615219795018,89.59223367525486,4.68844336844842
32,9,78.225,78.225,641.25,38.84477656862846,26.523,5.5717624381040025,90.29931498960462,2.298737137062315
32,10,78.25,78.25,641.0,40.2077936060494,20.602,4.652821652861125,88.02647714227793,4.361606880238065
33,1,77.5,77.5,635.25,41.77219968671348,28.174,11.560976371685339,90.31726483184016,3.2273077154869125
33,2,72.5,72.5,593.75,68.39286025114998,19.24225,2.718946287933372,84.8368094567994,7.735115333706203
33,3,79.675,79.675,652.75,48.54808612774214,24.228,5.749258850785319,89.60426447295761,3.4605034275010342
33,4,82.525,82.525,676.5,43.37049688440287,21.24575,3.947457610074279,90.36211768562117,1.9296844548733674
33,5,77.875,77.875,638.0,40.05829086052806,28.099999999999998,10.822048512181047,92.06674893529906,1.2956118807575354
33,6,78.225,78.225,641.0,61.97849089267448,21.2985,1.6277578648763045,87.32246178426753,4.481212190272025
33,7,82.55,82.55,676.25,54.603876541261535,22.819,4.496102089588269,88.15918125006934,5.690707302515082
33,8,81.8,81.8,670.5,41.77319714841086,21.08475,4.580401756396484,87.11194011143348,3.886727546876411
33,9,79.675,79.675,652.75,43.41562698691183,30.76325,12.836116504483224,89.40372306735195,4.734056778991675
33,10,84.675,84.675,694.0,66.95271963607354,19.847,2.1477987180677176,89.12832917049762,4.724484519618336
34,1,79.64999999999999,79.64999999999999,653.0,61.978490892674465,21.7905,3.424387877173573,85.14148398340339,6.265515451973768
34,2,91.45,91.45,749.75,81.47136511273966,28.1375,11.20574205485741,92.2475182352247,2.0755427440486436
34,3,82.175,82.175,673.25,70.57560957346857,19.1055,2.7497497461890363,86.80628123598592,4.46785997750569
34,4,79.675,79.675,652.75,41.242170974218446,23.02525,5.261721478439036,89.83930545916998,2.899443209030061
34,5,90.375,90.375,741.0,86.18584570566098,17.64225,1.189368284706913,85.15342339877492,5.232932803805844
34,6,85.425,85.425,699.75,56.611983419296195,22.6175,5.0617035669821675,89.00155907747899,3.4954122636661684
34,7,76.45,76.45,626.25,69.65330812914296,21.9715,2.4518717340024128,88.61906760337365,4.593407573156988
34,8,79.675,79.675,652.75,48.54808612774212,22.039,5.65952383156039,89.1851085951339,5.039664275599023
34,9,84.625,84.625,694.0,121.88519188154072,20.522,4.102543682481233,86.42233820282866,6.254593928871156
34,10,79.3,79.3,649.75,38.76746918057287,23.43675,6.573875233325723,89.33630251964678,4.463827390424489
35,1,84.325,84.325,691.0,67.93133788367977,18.38625,2.2297529571681265,89.11685633920104,2.9637589620659286
35,2,82.175,82.175,677.75,90.96656895072313,24.54175,8.297812055998055,87.39014147773472,3.841528504221702
35,3,80.375,80.375,658.75,62.755477848551195,20.63425,3.1173450643135423,88.7846163817897,4.218797661223337
35,4,72.125,72.125,603.75,22.867371223353743,29.2225,15.03329055795836,90.15468832391335,5.033482302377586
35,5,77.5,77.5,635.25,54.79279149669234,21.085,5.165985223878726,88.24934308472395,5.1931521239082405
35,6,83.625,83.625,685.0,92.52387079379389,26.426,14.333453480116601,89.95971295788874,2.583602305870078
35,7,84.35,84.35,691.0,53.18521097698745,20.73375,4.402512265741005,90.32327249393501,1.7158794341359895
35,8,74.65,74.65,611.5,68.01225379787577,19.80025,4.1631743798052305,86.74771208775876,4.572786632659719
35,9,77.875,77.875,638.0,53.49766350038103,28.46775,9.970903214687556,90.0744631663579,2.47119975794754
35,10,77.875,77.875,638.25,50.30821669137822,27.3155,15.527675131841212,87.41716225546739,4.412275893439265
36,1,74.625,74.625,611.75,67.36158648171325,25.207250000000002,9.224513153368402,89.07303897977296,5.682325325967734
36,2,79.89999999999999,79.89999999999999,654.6666666666666,68.12733176437584,21.12633333333333,1.6464696575805267,85.14541356687226,0.31918499464565186
36,3,84.325,84.325,691.25,64.7424384259145,22.93625,5.542983996308607,90.40781260656041,4.650657595707668
36,4,88.03333333333335,88.03333333333335,721.3333333333334,37.43438704364387,19.022000000000002,1.844183016948154,85.45148463000596,1.4548284159267701
36,5,82.175,82.175,673.25,79.32790597681668,25.591749999999998,5.350813793246782,90.66795918881922,3.523382372682084
36,6,67.825,67.825,610.0,133.77842377105011,25.73425,5.750400123759507,87.26835475841094,5.213734763372752
36,7,81.825,81.825,670.5,55.29014378711634,19.9235,2.0604338539896565,88.23270035302963,4.600090016708196
36,8,67.475,67.475,590.25,114.90394539208245,28.46875,13.663058622309528,85.52887490777948,7.0221760247058524
36,9,83.975,83.975,688.0,72.01851613763412,26.59775,13.636454191492255,86.59705572802342,7.744619837859457
36,10,77.5,77.5,635.0,30.805843601498726,22.086000000000002,1.1709026432628824,86.44243414164258,0.8217022919856002
37,1,84.7,84.7,693.6666666666666,70.50059101407116,17.943,4.195397597367858,84.96042685549334,2.9526333383759598
37,2,85.16666666666667,85.16666666666667,697.6666666666666,86.37322115872104,23.291666666666668,8.17963240820352,87.42118789957546,3.4706200125081117
37,3,84.66666666666667,84.66666666666667,694.0,88.61151166750288,22.283666666666665,9.600655255415298,84.84402536559496,6.312881849859976
37,4,78.46666666666665,78.46666666666665,643.0,44.50842616853577,23.278666666666666,2.7029717596255662,90.14377954179065,1.7337711796005466
37,5,91.36666666666667,91.36666666666667,748.6666666666666,47.34272207354932,18.50166666666667,3.559703124325586,83.55073552059726,4.340128434774177
37,6,81.83333333333333,81.83333333333333,670.3333333333334,61.986557682559955,22.419666666666668,2.5946734540849894,85.29347190936618,2.86042951680076
37,7,69.83333333333333,69.83333333333333,572.3333333333334,29.67041174863157,25.54733333333333,2.6245613601768465,86.61249537618794,4.848560907353598
37,8,80.36666666666667,80.36666666666667,658.6666666666666,101.61364737737412,28.975666666666665,14.301789550029511,88.02529680132074,6.567996580997305
37,9,88.5,88.5,725.3333333333334,44.286943147312975,20.162000000000003,7.098498996266746,85.61658776571058,5.978954183725341
37,10,88.5,88.5,725.3333333333334,44.286943147313,23.618,5.749942260579666,86.01027290950672,4.043970180343706
38,1,71.3,71.3,584.0,60.60528029800704,17.650666666666666,3.131159582859573,86.60527177136494,1.0286533360594927
38,2,78.93333333333332,78.93333333333332,647.0,102.19099764656376,17.349,0.6548442562930511,82.3654963457595,5.914086904773629
38,3,78.46666666666665,78.46666666666665,643.0,44.50842616853577,19.000666666666664,2.9778096536436545,85.40265350120735,1.4645700161074715
38,4,78.0,78.0,639.0,49.0,22.208,5.738688787519322,84.53832966424845,2.0636363074119717
38,5,81.33333333333333,81.33333333333333,666.6666666666666,48.839874419712956,17.712333333333333,0.5153419576682402,85.11938720838218,1.6274715476343034
38,6,85.63333333333333,85.63333333333333,701.6666666666666,36.11555528208493,22.099666666666668,6.558455941251213,88.15031944687185,3.7710809304876904
38,7,84.7,84.7,694.0,12.0,29.244,11.077105172381456,89.27586614115113,5.517447701525915
38,8,87.06666666666666,87.06666666666666,713.6666666666666,24.41993720985648,21.252,4.967316780717734,83.46200980392156,7.340990594857285
38,9,77.5,77.5,635.3333333333334,51.15988011453246,34.35133333333333,21.596947986540442,88.95805087533883,4.074422179052475
38,10,81.33333333333333,81.33333333333333,666.6666666666666,47.3427220735493,21.84466666666667,4.073303368684112,84.38578770157717,8.952516479856074
39,1,95.63333333333333,95.63333333333333,784.0,88.06815542521599,16.334999999999997,2.6403584983861568,87.90777097813346,1.9002533198150686
39,2,89.10000000000001,89.10000000000001,729.3333333333334,138.4244679720075,28.716333333333335,7.8726234720919654,89.7645138266019,3.9826463440595257
39,3,84.63333333333334,84.63333333333334,693.6666666666666,176.50023607160796,20.935333333333332,4.055929157829723,87.78991483798724,1.634580301567601
39,4,74.63333333333333,74.63333333333333,611.6666666666666,82.50050504895916,27.547666666666668,12.492795737277278,88.3647238397504,2.671544854101068
39,5,84.63333333333333,84.63333333333333,693.6666666666666,170.7991022614971,17.113666666666667,0.882316458722906,85.95201744820065,2.5613286638499653
39,6,84.76666666666667,84.76666666666667,693.6666666666666,164.5002532926115,22.552333333333337,6.224251949699121,85.43674603675868,5.082007883799331
39,7,75.13333333333334,75.13333333333334,615.6666666666666,71.79368588764152,26.008666666666667,10.337224305070164,87.09575039401652,2.3482271775359123
39,8,79.89999999999999,79.89999999999999,654.6666666666666,48.83987441971298,18.398,2.864019727585689,85.46037891015912,0.8159610203046092
39,9,86.43333333333334,86.43333333333334,709.6666666666666,106.36885509082691,19.986,2.215593148572183,81.816060587141,3.364407263246937
39,10,78.0,78.0,639.0,105.82532778120746,21.256666666666664,5.446609067422896,87.73066322086781,1.8020760662679076
40,1,77.5,77.5,635.3333333333334,51.15988011453244,22.238666666666663,4.641656636733629,88.43795864194612,2.8833881606720992
40,2,80.36666666666667,80.36666666666667,658.6666666666666,101.61364737737415,23.549666666666667,7.5010212860205465,87.00412966273184,2.0010189803296057
40,3,83.26666666666667,83.26666666666667,682.3333333333334,31.18225991382495,18.125,1.567172932384935,81.8993993993994,8.770790035049295
40,4,83.73333333333333,83.73333333333333,686.0,18.33030277982336,19.681,2.8275224137042656,85.6005513957552,2.540297803350796
40,5,79.89999999999999,79.89999999999999,655.0,41.14608122288197,28.221,9.498754602578172,89.02154430486864,4.76463852864828
40,6,80.36666666666666,80.36666666666666,658.6666666666666,71.8424201522564,21.032333333333334,3.07441707211844,84.87870041852797,2.9592122983957174
40,7,84.7,84.7,694.0,0.0,18.111666666666668,1.0987558115128808,80.86699138667086,4.59651916661983
40,8,77.5,77.5,635.3333333333334,51.15988011453244,23.233666666666664,7.239548627734557,88.40371482845221,2.9970497646334597
40,9,83.26666666666667,83.26666666666667,682.3333333333334,77.16432681837723,29.073666666666668,19.216231324932924,88.05893845552693,2.702571890762925
40,10,81.83333333333333,81.83333333333333,670.6666666666666,20.20725942163692,25.126,6.4131433010654,86.40243459092238,4.265414444086014
41,1,78.0,78.0,639.0,95.26279441628824,21.475666666666665,1.6290811315994473,86.78173189915003,2.6907911577989827
41,2,75.13333333333333,75.13333333333333,615.3333333333334,13.27905619136141,22.381,2.8949074251174247,85.64606935935956,1.102599766730873
41,3,74.63333333333333,74.63333333333333,611.6666666666666,11.503622617824917,19.37933333333333,3.14128275284689,86.77914214619557,0.5068568554593555
41,4,79.43333333333334,79.43333333333334,650.6666666666666,38.00438571182719,26.789,12.520741831057775,86.5651370176907,5.884271876148652
41,5,76.56666666666666,76.56666666666666,627.3333333333334,17.897858344878383,26.517,5.106044359384278,87.95571545702599,4.23152748773842
41,6,72.73333333333333,72.73333333333333,595.6666666666666,29.73774257292127,24.156333333333336,2.078625106490666,87.72512763529899,1.8111049035677513
41,7,81.8,81.8,670.6666666666666,51.15988011453246,19.240333333333332,3.321184326913117,87.19761132871476,2.750073111926619
41,8,84.7,84.7,694.0,12.0,19.890666666666664,2.4146151522206054,86.15315636254833,2.669507274989407
41,9,70.83333333333333,70.83333333333333,580.3333333333334,124.66889481074793,23.046666666666667,4.6050620336031685,87.64725361013275,2.587422923319799
41,10,74.63333333333333,74.63333333333333,611.6666666666666,89.07487487127521,25.597333333333335,9.835233923671229,86.6309517245182,1.1156946016103675
42,1,80.83333333333333,80.83333333333333,662.6666666666666,98.33276835995889,21.986666666666668,2.017104938602187,87.96484474937478,4.0406718886393165
42,2,78.0,78.0,639.0,49.0,19.380666666666666,3.3260911492821923,87.74223658304383,0.8459234255719589
42,3,79.43333333333334,79.43333333333334,650.6666666666666,80.16441438277545,21.011,3.1093015292827424,88.85164009074498,2.6283535782623484
42,4,71.76666666666667,71.76666666666667,588.0,51.39066063011839,26.289666666666665,8.539582093599975,86.36836898776072,0.6612270262591511
42,5,84.7,84.7,694.0,0.0,23.491666666666664,8.032349178996974,86.50585187170553,3.601696463428258
42,6,84.7,84.7,693.6666666666666,61.986557682559976,20.096999999999998,4.463516886940163,87.65100804316891,5.438361221877928
42,7,69.36666666666666,69.36666666666666,568.3333333333334,24.419937209856503,23.314666666666668,3.7727074274761008,87.41283255086073,0.7382009697077326
42,8,74.13333333333333,74.13333333333333,608.0,6.928203230275509,22.187,3.366004604869105,87.6741352070854,1.0292470269897716
42,9,89.5,89.5,733.0,67.54998149518622,23.099999999999998,11.41434058542148,84.77358911796065,9.53069893380658
42,10,83.73333333333333,83.73333333333333,686.3333333333334,78.37303958207399,20.601,3.6606896891159715,86.85613980846988,0.3892295015092069
43,1,74.13333333333333,74.13333333333333,607.6666666666666,64.60908088909277,21.02,4.901302581967368,82.46109554933084,3.269957658954786
43,2,85.76666666666667,85.76666666666667,701.6666666666666,156.5960833907839,19.0,0.8309681100980939,86.53967436222926,1.7560293530190039
43,3,86.7,86.7,713.0,146.50255970460037,29.229666666666663,16.747401480030664,88.76693407786719,4.708444313447304
43,4,81.33333333333333,81.33333333333333,666.6666666666666,58.04595880277398,33.11933333333334,1.4685534833070721,90.93647440421633,2.1458814791284007
43,5,85.10000000000001,85.10000000000001,697.6666666666666,149.68745215726446,24.745666666666665,6.69702391613867,87.69700175282826,3.133240079791812
43,6,85.66666666666667,85.66666666666667,701.6666666666666,82.7667405020479,18.430666666666667,2.002794630842944,86.63264471463083,2.7449479396733705
43,7,79.43333333333334,79.43333333333334,650.6666666666666,76.00877142365435,21.332,5.711741678332451,88.1238334960018,2.7423841331729526
43,8,84.2,84.2,690.0,83.16249154516716,18.767333333333333,2.067462534928586,86.17829966063653,3.058393644560802
43,9,76.86666666666666,76.86666666666666,657.6666666666666,147.88621752324772,27.728666666666665,17.439958037029026,86.40813079982325,2.920091223412237
43,10,78.46666666666665,78.46666666666665,643.0,44.50842616853577,21.194333333333333,3.8386320914270167,85.7127592392369,2.390635056777773
44,1,81.33333333333333,81.33333333333333,666.3333333333334,95.66782809980234,19.895,3.893447957787543,86.91235525089213,2.7026616080468764
44,2,84.23333333333333,84.23333333333333,690.0,100.05998201079191,21.286333333333335,4.659577913645542,90.30832676531186,0.8490181157621733
44,3,78.95,78.95,647.0,66.46803743153546,22.3975,1.6482659069458407,89.23914200553546,1.6729240165926225
44,4,66.96666666666665,66.96666666666665,762.6666666666666,150.00444437860276,23.135333333333335,6.224960187289018,56.34677493564235,48.92100107991532
44,5,77.5,77.5,635.3333333333334,51.15988011453246,23.025666666666666,5.199087451979756,84.98891474783399,0.5842753640407581
44,6,74.16666666666667,74.16666666666667,607.6666666666666,47.961790347456116,22.093333333333334,3.1004229281395372,88.58800816547732,0.776698069863159
44,7,59.800000000000004,59.800000000000004,551.0,227.21575649589093,26.569333333333333,14.478727338179047,89.7411417218877,6.2368925435451255
44,8,57.43333333333334,57.43333333333334,525.0,171.03508412018863,23.029,5.784009941208607,83.47682246021482,5.4985067461120485
44,9,76.8,76.8,629.0,8.48528137423857,43.1075,8.146577226050216,92.6232124435021,0.29058244232540803
44,10,76.06666666666666,76.06666666666666,623.3333333333334,53.90114408185911,22.790666666666667,8.558072232304033,88.47563765055448,3.5891671875008155
45,1,72.73333333333333,72.73333333333333,595.6666666666666,47.34272207354932,25.523,4.958944746616964,84.78312014664819,6.197737188183083
45,2,68.43333333333334,68.43333333333334,560.6666666666666,86.9386757049665,23.74666666666667,5.25578408359146,87.14180669599777,1.666460533998495
45,3,73.95,73.95,605.5,125.15790027001891,22.1785,4.6817539982361325,88.00667711908076,1.7470864422729446
45,4,79.65,79.65,653.0,74.95331880577403,21.0645,5.864036536380038,86.38149712507285,1.7958173048837955
45,5,74.63333333333334,74.63333333333334,611.6666666666666,77.16432681837723,21.33366666666667,3.605219734403624,84.36433817812618,5.24899855504713
45,6,73.66666666666667,73.66666666666667,603.6666666666666,24.58319208998971,20.808666666666667,3.6505190498521345,86.22158197042684,0.3302028480382057
45,7,86.15,86.15,705.5,116.67261889578035,25.59,8.970356626132542,87.53091060985798,3.7812786185255622
45,8,84.0,84.0,688.0,8.48528137423857,34.0905,19.49988370478142,90.48612164416805,1.4318027497103536
45,9,80.4,80.4,658.5,50.204581464244875,31.3735,8.398307240152622,85.51298466791425,3.0160974756806205
45,10,84.60000000000001,84.60000000000001,694.0,152.53851972534676,24.328999999999997,6.4721350418544255,86.30519325251574,2.562766046258583
46,1,83.73333333333333,83.73333333333333,686.0,76.07890640644094,22.96466666666667,4.329712962002601,88.55744200428586,1.642443172938764
46,2,78.96666666666667,78.96666666666667,647.0,47.0,21.818,6.2481776543245,82.58445710299931,5.39291532653105
46,3,79.65,79.65,653.0,57.982756057296896,25.982499999999998,11.421895836506302,87.98161398424057,3.3181054554184386
46,4,79.65,79.65,653.0,57.982756057296896,22.598999999999997,3.4223968209428914,83.920144272905,0.1823423068858986
46,5,78.46666666666665,78.46666666666665,643.0,55.758407437802596,26.483666666666668,9.57862956446972,87.00336274866204,8.563707788791536
46,6,80.36666666666666,80.36666666666666,658.6666666666666,42.15843134336635,30.693,3.9802913209964927,90.40022044678638,2.296141985734749
46,7,73.2,73.2,600.0,0.0,25.622,6.363961030678928,87.26573897430143,0.06744930580278342
46,8,85.4,85.4,700.0,8.48528137423857,22.124000000000002,6.194255403194156,84.321894076885,2.210802425917349
46,9,80.35,80.35,659.0,66.46803743153546,22.131999999999998,3.2300637764601516,82.91963330075853,1.6479085858728826
46,10,70.83333333333333,70.83333333333333,580.0,55.758407437802596,24.439666666666668,6.425526152256587,87.97529314531211,0.9800883488524854
47,1,73.66666666666667,73.66666666666667,604.0,6.928203230275509,24.231666666666666,4.8862906517452815,86.5796707958595,2.2396874674386633
47,2,82.3,82.3,674.3333333333334,118.74482444861894,25.587999999999997,7.0740844637309745,89.79135362771565,3.9104639196408075
47,3,81.8,81.8,670.5,183.1406563273158,22.1845,3.7172603486976787,84.99025061650514,1.4537924015333936
47,4,73.25,73.25,599.5,116.67261889578035,21.79,2.1849599538664304,89.26103928337733,0.5660811073467055
47,5,77.03333333333333,77.03333333333333,631.3333333333334,64.94099886307056,23.494,4.4271831902463665,85.84649796652552,0.2960939912734935
47,6,82.8,82.8,678.0,88.06815542521599,23.644666666666666,4.703276765546902,86.06460117159672,2.431429871265287
47,7,76.8,76.8,629.0,8.48528137423857,24.0615,3.4231039277240773,84.76530843787481,0.5650161157978688
47,8,70.3,70.3,576.5,50.204581464244875,25.560499999999998,1.7925156903078967,87.38032731214815,2.467757688871183
47,9,78.25,78.25,641.0,74.95331880577403,19.262999999999998,0.54447222151364,87.3337350836618,0.7443673782646177
47,10,75.13333333333333,75.13333333333333,615.3333333333334,24.419937209856503,20.857333333333333,4.252395246603182,82.88353729139119,3.973426438749236
48,1,70.83333333333333,70.83333333333333,580.0,55.758407437802596,23.179333333333332,6.547100146884369,86.78708111465532,2.4930932447814844
48,2,81.33333333333333,81.33333333333333,666.6666666666666,47.34272207354932,21.856666666666666,6.153455966636417,85.53916841066795,1.0074975007869826
48,3,78.95,78.95,647.0,66.46803743153546,21.7685,4.981567273459229,87.1335908100614,0.01750610965503559
48,4,80.35,80.35,659.0,66.46803743153546,18.906,0.5784133470105981,85.17688556904244,2.805245701065827
48,5,74.63333333333334,74.63333333333334,611.3333333333334,143.109515173986,25.051,5.612665765926204,87.0273631840796,3.23495483719528
48,6,78.46666666666665,78.46666666666665,643.0,44.50842616853577,25.628666666666664,6.284000106089536,88.14131229225428,2.033174932638594
48,7,79.65,79.65,653.0,57.982756057296896,26.2995,10.287696559483079,86.66404226428872,2.3713036774806286
48,8,73.9,73.9,606.0,8.48528137423857,20.509,3.4520953057527235,87.25247524752476,0.1750264309867662
48,9,76.1,76.1,623.0,132.93607486307093,22.984,2.525785422398346,87.62972068207972,4.345536966293945
48,10,80.36666666666666,80.36666666666666,658.6666666666666,53.90114408185911,22.816999999999997,5.403464166624961,86.10888787088614,5.316657355885439
49,1,85.16666666666667,85.16666666666667,698.0,6.928203230275509,20.907666666666668,7.0052751789871435,86.27540866016045,3.202075125469986
49,2,73.66666666666667,73.66666666666667,604.0,6.928203230275509,22.006,4.011702381782577,85.530571955051,0.5309289089774433
49,3,78.25,78.25,641.0,57.982756057296896,19.6235,0.8209509729575827,87.80521602147087,3.1282342940849968
49,4,78.95,78.95,647.0,66.46803743153546,18.7175,1.6525085476329626,84.92063492063492,2.244783432338238
49,5,84.2,84.2,690.0,88.06815542521599,19.763333333333335,1.7384712633038628,86.5029065578686,2.3912120317501095
49,6,78.0,78.0,639.0,49.0,21.22,6.7790101784847625,85.45050303789405,2.6542931664622538
49,7,78.25,78.25,641.0,57.982756057296896,18.2965,0.3669884194358208,84.96007640878702,0.6035058449553928
49,8,78.95,78.95,647.0,66.46803743153546,23.924500000000002,6.33496965265028,87.03685617353759,5.171177226247057
49,9,83.94999999999999,83.94999999999999,688.0,25.45584412271571,30.6555,10.687918997634666,90.93240093240092,0.9559951820237548
49,10,72.73333333333333,72.73333333333333,596.0,37.64306044943742,25.083666666666662,11.637952841171565,85.8766731311668,7.158435828722521
50,1,76.53333333333333,76.53333333333333,627.3333333333334,37.4343870436439,18.653333333333332,1.3708611648643831,85.98414621091861,1.0011381230673546
50,2,70.33333333333333,70.33333333333333,576.3333333333334,31.18225991382495,27.233333333333334,3.210692344858556,86.48632586175059,6.660361433450088
50,3,63.9,63.9,523.0,8.48528137423857,34.7335,5.603821240903387,90.30280767596658,3.5794714643870083
50,4,74.65,74.65,611.5,16.263455967290593,18.5045,0.8421641763931799,89.14235517326459,2.4097230761740684
50,5,70.83333333333333,70.83333333333333,580.0,55.758407437802596,24.558333333333334,8.753255756193427,89.17207402716103,1.5985301932524538
50,6,67.0,67.0,548.6666666666666,44.85903847981288,20.465666666666667,3.276695337277077,86.93481696663294,2.3816505255676472
50,7,68.9,68.9,564.5,67.17514421272202,20.3155,0.8732768747653857,87.45114230663364,0.23745397001034493
50,8,80.4,80.4,658.5,50.204581464244875,20.427,1.07904494809067,87.25306300595454,0.12161216710802462
50,9,68.9,68.9,564.5,67.17514421272202,29.258000000000003,5.0657129804204315,88.44084205786334,3.107671815549109
50,10,76.56666666666666,76.56666666666666,627.3333333333334,29.73774257292127,30.885,13.664167592649033,87.91274719422233,3.965057334784175
51,1,78.5,78.5,642.6666666666666,34.06366588218791,21.411,4.426389386396094,88.83906449964515,3.024652979219927
51,2,81.36666666666666,81.36666666666666,666.3333333333334,60.05275458572515,19.171333333333333,3.170896771156911,86.12977266638468,1.3494496028683869
51,3,84.0,84.0,688.0,8.48528137423857,21.695999999999998,2.798728639936358,87.17935802042706,0.6387567553570721
51,4,69.6,69.6,570.5,58.68986283848344,20.0245,0.8732768747653857,86.00066892428612,0.8011452723841069
51,5,80.86666666666667,80.86666666666667,662.6666666666666,54.270925303824825,23.681,8.001694757987211,88.02877550801384,2.8779524304674515
51,6,83.73333333333333,83.73333333333333,686.0,59.405386961116584,19.188,5.678750478758509,84.83050330746677,0.2107399016062825
51,7,78.95,78.95,647.0,66.46803743153546,22.243000000000002,4.245469114244031,88.40629800307221,3.47036277402613
51,8,73.9,73.9,606.0,8.48528137423857,19.266,0.3337544007200501,85.51299438592065,1.2366451465588346
51,9,77.5,77.5,635.0,83.43860018001261,29.421,7.052683035554627,89.46330289216507,1.289622794277275
51,10,77.96666666666665,77.96666666666665,639.3333333333334,47.34272207354932,26.037666666666667,6.90978699623464,86.5559363892351,1.958715026212664
52,1,71.3,71.3,584.0,41.14608122288197,20.453999999999997,2.768539145470043,86.58616166351749,0.7856413165150803
52,2,82.8,82.8,678.3333333333334,17.78576209593879,25.202333333333332,10.679632453101247,89.12931754948268,4.499778418225216
52,3,80.4,80.4,658.5,50.204581464244875,32.21,9.80191420080792,91.30234294107731,0.8395924626239203
52,4,78.95,78.95,647.0,66.46803743153546,26.8305,8.517101179391966,91.56980016887137,0.9940890436326533
52,5,76.56666666666666,76.56666666666666,627.3333333333334,76.59199261889803,18.685,5.7271126233033,82.9137824665227,6.163064912358483
52,6,79.43333333333334,79.43333333333334,651.0,35.679125549822544,26.272333333333332,10.406276006974508,90.719345928744,2.5376543294847074
52,7,73.19999999999999,73.19999999999999,600.0,16.97056274847714,22.6655,2.672156526103962,87.02737225100154,1.0573917456118747
52,8,71.75,71.75,588.0,16.97056274847714,20.6525,4.81751850022395,86.72821969696969,3.7698969489396457
52,9,81.1,81.1,664.5,41.71930009000631,23.852,3.9880822458921283,84.4457449218455,1.6461603914506735
52,10,78.0,78.0,639.0,60.60528029800704,26.55033333333333,5.355936363824101,84.67609202483631,7.991113066158724
53,1,77.03333333333333,77.03333333333333,631.3333333333334,113.24457308557146,20.769333333333332,2.411711494630593,87.6703640730845,1.9355754802002296
53,2,70.33333333333333,70.33333333333333,579.0,113.52973178863765,23.828666666666667,8.696928787413023,86.51121519338574,1.9073474358157312
53,3,65.3,65.3,568.5,177.48380207782344,26.5175,2.6198306242961586,85.06262554649652,0.2698753282798681
53,4,58.150000000000006,58.150000000000006,541.0,49.49747468305833,29.3685,6.911968786098501,86.0927114039651,3.0072780162826565
53,5,79.39999999999999,79.39999999999999,650.6666666666666,33.486315612998304,25.751,9.045291205925878,88.01250543758867,3.9308697843406954
53,6,58.366666666666674,58.366666666666674,532.0,166.6823325970692,31.540333333333333,12.061868940314906,88.53276425576529,5.393533619922044
53,7,58.150000000000006,58.150000000000006,528.5,101.1162697096763,31.2365,10.164659979556621,90.62027917094687,4.676586935818934
53,8,77.55,77.55,635.0,16.97056274847714,19.7965,4.493663594440508,87.7686372516934,3.181289769076366
53,9,84.7,84.7,694.0,0.0,27.1925,13.585642586937139,86.1066818058401,6.508181980323347
53,10,78.0,78.0,639.0,41.14608122288197,25.563333333333333,8.955309393501338,86.46241177063702,3.332211540134797
54,1,78.0,78.0,639.0,95.26279441628824,28.688666666666666,13.431431283870431,89.39324929019125,2.3364858017040597
54,2,75.35,75.35,617.5,24.748737341529164,20.2235,4.3366858890170965,89.33052448960625,3.7919447263976984
54,3,71.8,71.8,588.0,,20.782,,79.75708502024291,
54,4,84.7,84.7,694.0,,17.999,,83.92370572207084,
54,5,78.0,78.0,639.0,53.113086899558006,25.897333333333336,12.96042732063003,85.93581989247313,6.261290557371555
54,6,77.55,77.55,635.0,66.46803743153546,33.4165,15.02672620699532,90.67629954170076,3.3741741399134035
54,7,86.1,86.1,706.0,,19.247,,86.20689655172413,
54,8,73.19999999999999,73.19999999999999,600.0,16.97056274847714,19.9015,1.4488617946512354,86.94676555579474,1.2555166294135067
54,9,60.3,60.3,494.0,83.43860018001261,34.5505,14.323862066495895,84.88131098581397,3.070300935792358
54,10,70.33333333333333,70.33333333333333,576.3333333333334,51.73329037798903,24.589,6.923327812547949,87.51989420881573,1.892244797293875
55,1,74.65,74.65,611.5,133.64318164425748,24.0195,1.3625947673464769,85.64307078763709,3.6659573900000497
55,2,74.65,74.65,611.5,16.263455967290593,35.8815,20.547815954499885,89.49444232203605,4.903142147702597
55,3,73.2,73.2,600.0,,24.282,,87.1859296482412,
55,4,86.1,86.1,706.0,,16.063,,86.33257403189066,
55,5,73.94999999999999,73.94999999999999,605.5,24.748737341529164,28.2635,15.953036090349695,87.04877786425213,0.3413770138793475
55,6,78.94999999999999,78.94999999999999,646.5,33.23401871576773,23.666,2.766201728001773,86.34323456429718,2.3558184616235343
55,7,74.6,74.6,612.0,,18.009,,86.13333333333333,
55,8,84.7,84.7,694.0,,17.636,,86.18266978922716,
55,9,73.2,73.2,600.0,,35.069,,88.46153846153845,
55,10,78.95,78.95,647.0,66.46803743153546,21.655,5.719079646236797,86.38073253308711,0.718641610180976
56,1,50.199999999999996,50.199999999999996,583.5,40.30508652763321,42.056,30.402763163896797,92.13444924406048,4.7596075239046955
56,2,59.599999999999994,59.599999999999994,570.5,58.68986283848344,28.215,0.4794183976444773,45.25,63.99316369738255
56,3,63.2,63.2,517.0,,26.919,,88.35978835978835,
56,4,66.0,66.0,541.0,,24.329,,87.29281767955801,
56,5,59.599999999999994,59.599999999999994,498.0,43.840620433565945,28.598,5.887371060159199,86.65877367896312,0.8900521547836692
56,6,53.099999999999994,53.099999999999994,522.0,39.59797974644666,27.0835,3.6748339418264884,83.4861828120255,1.1080081964538673
56,7,73.2,73.2,600.0,,19.085,,88.0,
56,8,73.2,73.2,600.0,,18.491,,86.43617021276596,
56,9,57.4,57.4,478.0,,32.081,,82.75862068965517,
56,10,63.15,63.15,637.0,97.58073580374356,21.6335,7.34047549549755,87.86180667743673,3.4579501651321207
57,1,73.2,73.2,600.0,,20.449,,86.4,
57,4,81.8,81.8,670.0,,45.259,,92.6261319534282,
57,7,84.7,84.7,694.0,,43.778,,92.35751295336787,
57,8,86.1,86.1,706.0,,22.433,,90.2439024390244,
57,10,66.0,66.0,541.0,,32.074,,87.5,
58,1,84.7,84.7,694.0,,18.864,,84.67532467532467,
58,4,74.6,74.6,612.0,,34.543,,88.41870824053451,
58,7,76.1,76.1,623.0,,23.421,,86.75,
58,8,76.1,76.1,623.0,,20.379,,88.50325379609545,
58,10,81.8,81.8,670.0,,20.749,,87.33333333333333,
