Time_ms,UE_ID,UL_SNR_dB,UL_SE_bit_per_s_Hz
0,54141,63.50,20.778
0,14002,53.50,17.506
0,55839,56.50,18.487
0,47098,51.50,16.851
0,59499,53.50,17.506
0,12524,56.50,18.487
3,14608,63.50,20.778
3,54487,63.50,20.778
3,2959,34.00,11.126
3,14350,63.50,20.778
3,37624,63.50,20.778
3,18432,63.50,20.778
3,55143,63.50,20.778
3,55862,63.50,20.778
3,62817,52.00,17.015
3,5257,63.50,20.778
1001,54141,63.50,20.778
1001,14002,53.50,17.506
1001,55839,56.50,18.487
1001,47098,51.50,16.851
1001,59499,53.50,17.506
1001,12524,56.50,18.487
1003,14608,63.50,20.778
1003,54487,63.50,20.778
1003,2959,34.00,11.126
1003,14350,63.50,20.778
1003,37624,63.50,20.778
1003,18432,63.50,20.778
1003,55143,63.50,20.778
1003,55862,63.50,20.778
1003,62817,52.00,17.015
1003,5257,63.50,20.778
2002,54141,63.50,20.778
2002,14002,53.50,17.506
2002,55839,56.50,18.487
2002,47098,51.50,16.851
2002,59499,53.50,17.506
2002,12524,56.50,18.487
2013,14608,63.50,20.778
2013,54487,63.50,20.778
2013,2959,34.00,11.126
2013,14350,63.50,20.778
2013,37624,63.50,20.778
2013,18432,63.50,20.778
2013,55143,63.50,20.778
2013,55862,63.50,20.778
2013,62817,52.00,17.015
2013,5257,63.50,20.778
3002,54141,63.50,20.778
3002,14002,63.50,20.778
3002,55839,59.50,19.469
3002,47098,51.50,16.851
3002,59499,53.50,17.506
3002,12524,56.50,18.487
3023,14608,63.50,20.778
3023,54487,63.50,20.778
3023,2959,34.00,11.126
3023,14350,63.50,20.778
3023,37624,63.50,20.778
3023,18432,63.50,20.778
3023,55143,63.50,20.778
3023,55862,63.50,20.778
3023,62817,52.00,17.015
3023,5257,63.50,20.778
4013,54141,63.50,20.778
4013,14002,63.50,20.778
4013,55839,59.50,19.469
4013,47098,55.50,18.160
4013,59499,53.50,17.506
4013,12524,56.50,18.487
4023,14608,63.50,20.778
4023,54487,63.50,20.778
4023,2959,34.00,11.126
4023,14350,63.50,20.778
4023,37624,63.50,20.778
4023,18432,63.50,20.778
4023,55143,63.50,20.778
4023,55862,63.50,20.778
4023,62817,52.00,17.015
4023,5257,63.50,20.778
5023,54141,63.50,20.778
5023,14002,53.00,17.342
5023,55839,56.00,18.324
5023,47098,51.00,16.688
5023,59499,53.50,17.506
5023,12524,56.50,18.487
5023,14608,63.50,20.778
5023,54487,63.50,20.778
5023,2959,34.00,11.126
5023,14350,63.50,20.778
5023,37624,63.50,20.778
5023,18432,63.50,20.778
5023,55143,63.50,20.778
5023,55862,63.50,20.778
5023,62817,52.00,17.015
5023,5257,63.50,20.778
6030,54141,63.50,20.778
6030,14002,53.00,17.342
6030,55839,56.00,18.324
6030,47098,51.00,16.688
6030,59499,53.50,17.506
6030,12524,56.50,18.487
6032,14608,63.50,20.778
6032,54487,63.50,20.778
6032,2959,34.00,11.126
6032,14350,63.50,20.778
6032,37624,63.50,20.778
6032,18432,63.50,20.778
6032,55143,63.50,20.778
6032,55862,63.50,20.778
6032,62817,52.00,17.015
6032,5257,63.50,20.778
7031,54141,63.50,20.778
7031,14002,53.00,17.342
7031,55839,56.00,18.324
7031,47098,51.00,16.688
7031,59499,53.50,17.506
7031,12524,56.50,18.487
7033,14608,63.50,20.778
7033,54487,63.50,20.778
7033,2959,34.00,11.126
7033,14350,63.50,20.778
7033,37624,63.50,20.778
7033,18432,63.50,20.778
7033,55143,63.50,20.778
7033,55862,63.50,20.778
7033,62817,52.00,17.015
7033,5257,63.50,20.778
8031,54141,63.50,20.778
8031,14002,53.00,17.342
8031,55839,56.00,18.324
8031,47098,51.00,16.688
8031,59499,53.50,17.506
8031,12524,56.50,18.487
8043,14608,63.50,20.778
8043,54487,63.50,20.778
8043,2959,34.00,11.126
8043,14350,63.50,20.778
8043,37624,63.50,20.778
8043,18432,63.50,20.778
8043,55143,63.50,20.778
8043,55862,63.50,20.778
8043,62817,52.00,17.015
8043,5257,63.50,20.778
9041,54141,63.50,20.778
9041,14002,53.00,17.342
9041,55839,56.00,18.324
9041,47098,51.00,16.688
9041,59499,53.50,17.506
9041,12524,56.50,18.487
9053,14608,63.50,20.778
9053,54487,63.50,20.778
9053,2959,34.00,11.126
9053,14350,63.50,20.778
9053,37624,63.50,20.778
9053,18432,63.50,20.778
9053,55143,63.50,20.778
9053,55862,63.50,20.778
9053,62817,52.00,17.015
9053,5257,63.50,20.778
10041,54141,63.50,20.778
10041,14002,59.00,19.305
10041,55839,60.00,19.633
10041,47098,51.00,16.688
10041,59499,53.50,17.506
10041,12524,56.50,18.487
10063,14608,63.50,20.778
10063,54487,63.50,20.778
10063,2959,34.00,11.126
10063,14350,63.50,20.778
10063,37624,63.50,20.778
10063,18432,63.50,20.778
10063,55143,63.50,20.778
10063,55862,63.50,20.778
10063,62817,52.00,17.015
10063,5257,63.50,20.778
11041,54141,63.50,20.778
11041,14002,59.00,19.305
11041,55839,60.00,19.633
11041,47098,55.50,18.160
11041,59499,53.50,17.506
11041,12524,56.50,18.487
11073,14608,63.50,20.778
11073,54487,63.50,20.778
11073,2959,34.00,11.126
11073,14350,63.50,20.778
11073,37624,63.50,20.778
11073,18432,63.50,20.778
11073,55143,63.50,20.778
11073,55862,63.50,20.778
11073,62817,52.00,17.015
11073,5257,63.50,20.778
12051,54141,63.50,20.778
12051,14002,53.50,17.506
12051,55839,56.50,18.487
12051,47098,51.50,16.851
12051,59499,53.50,17.506
12051,12524,56.50,18.487
12083,14608,63.50,20.778
12083,54487,63.50,20.778
12083,2959,34.00,11.126
12083,14350,63.50,20.778
12083,37624,63.50,20.778
12083,18432,63.50,20.778
12083,55143,63.50,20.778
12083,55862,63.50,20.778
12083,62817,52.00,17.015
12083,5257,63.50,20.778
13061,54141,63.50,20.778
13061,14002,53.50,17.506
13061,55839,56.50,18.487
13061,47098,51.50,16.851
13061,59499,53.50,17.506
13061,12524,56.50,18.487
13083,14608,63.50,20.778
13083,54487,63.50,20.778
13083,2959,34.00,11.126
13083,14350,63.50,20.778
13083,37624,63.50,20.778
13083,18432,63.50,20.778
13083,55143,63.50,20.778
13083,55862,63.50,20.778
13083,62817,52.00,17.015
13083,5257,63.50,20.778
14061,54141,63.50,20.778
14061,14002,53.50,17.506
14061,55839,56.50,18.487
14061,47098,51.50,16.851
14061,59499,53.50,17.506
14061,12524,56.50,18.487
14094,14608,63.50,20.778
14094,54487,63.50,20.778
14094,2959,34.00,11.126
14094,14350,63.50,20.778
14094,37624,63.50,20.778
14094,18432,63.50,20.778
14094,55143,63.50,20.778
14094,55862,63.50,20.778
14094,62817,52.00,17.015
14094,5257,63.50,20.778
15062,54141,63.50,20.778
15062,14002,53.50,17.506
15062,55839,56.50,18.487
15062,47098,51.50,16.851
15062,59499,53.50,17.506
15062,12524,56.50,18.487
15103,14608,63.50,20.778
15103,54487,63.50,20.778
15103,2959,34.00,11.126
15103,14350,63.50,20.778
15103,37624,63.50,20.778
15103,18432,63.50,20.778
15103,55143,63.50,20.778
15103,55862,63.50,20.778
15103,62817,52.00,17.015
15103,5257,63.50,20.778
16072,54141,63.50,20.778
16072,14002,53.50,17.506
16072,55839,56.50,18.487
16072,47098,51.50,16.851
16072,59499,53.50,17.506
16072,12524,56.50,18.487
16113,14608,63.50,20.778
16113,54487,63.50,20.778
16113,2959,34.00,11.126
16113,14350,63.50,20.778
16113,37624,63.50,20.778
16113,18432,63.50,20.778
16113,55143,63.50,20.778
16113,55862,63.50,20.778
16113,62817,52.00,17.015
16113,5257,63.50,20.778
17081,54141,63.50,20.778
17081,14002,53.00,17.342
17081,55839,53.50,17.506
17081,47098,51.50,16.851
17081,59499,53.50,17.506
17081,12524,56.50,18.487
17122,14608,63.50,20.778
17122,54487,63.50,20.778
17122,2959,34.00,11.126
17122,14350,63.50,20.778
17122,37624,63.50,20.778
17122,18432,63.50,20.778
17122,55143,63.50,20.778
17122,55862,63.50,20.778
17122,62817,52.00,17.015
17122,5257,63.50,20.778
18082,54141,63.50,20.778
18082,14002,53.00,17.342
18082,55839,53.50,17.506
18082,47098,51.50,16.851
18082,59499,53.50,17.506
18082,12524,56.50,18.487
18124,14608,63.50,20.778
18124,54487,63.50,20.778
18124,2959,34.00,11.126
18124,14350,63.50,20.778
18124,37624,63.50,20.778
18124,18432,63.50,20.778
18124,55143,63.50,20.778
18124,55862,63.50,20.778
18124,62817,52.00,17.015
18124,5257,63.50,20.778
19091,54141,63.50,20.778
19091,14002,53.50,17.506
19091,55839,56.50,18.487
19091,47098,51.50,16.851
19091,59499,53.50,17.506
19091,12524,56.50,18.487
19124,14608,63.50,20.778
19124,54487,63.50,20.778
19124,2959,34.00,11.126
19124,14350,63.50,20.778
19124,37624,63.50,20.778
19124,18432,63.50,20.778
19124,55143,63.50,20.778
19124,55862,63.50,20.778
19124,62817,52.00,17.015
19124,5257,63.50,20.778
20091,54141,63.50,20.778
20091,14002,53.50,17.506
20091,55839,56.50,18.487
20091,47098,51.50,16.851
20091,59499,53.50,17.506
20091,12524,56.50,18.487
20133,14608,63.50,20.778
20133,54487,63.50,20.778
20133,2959,34.00,11.126
20133,14350,63.50,20.778
20133,37624,63.50,20.778
20133,18432,63.50,20.778
20133,55143,63.50,20.778
20133,55862,63.50,20.778
20133,62817,52.00,17.015
20133,5257,63.50,20.778
21093,54141,63.50,20.778
21093,14002,53.50,17.506
21093,55839,56.50,18.487
21093,47098,51.50,16.851
21093,59499,53.50,17.506
21093,12524,56.50,18.487
21143,14608,63.50,20.778
21143,54487,63.50,20.778
21143,2959,34.00,11.126
21143,14350,63.50,20.778
21143,37624,63.50,20.778
21143,18432,63.50,20.778
21143,55143,63.50,20.778
21143,55862,63.50,20.778
21143,62817,52.00,17.015
21143,5257,63.50,20.778
22101,54141,63.50,20.778
22101,14002,53.50,17.506
22101,55839,56.50,18.487
22101,47098,51.50,16.851
22101,59499,53.50,17.506
22101,12524,56.50,18.487
22143,14608,63.50,20.778
22143,54487,63.50,20.778
22143,2959,34.00,11.126
22143,14350,63.50,20.778
22143,37624,63.50,20.778
22143,18432,63.50,20.778
22143,55143,63.50,20.778
22143,55862,63.50,20.778
22143,62817,52.00,17.015
22143,5257,63.50,20.778
23101,54141,63.50,20.778
23101,14002,53.50,17.506
23101,55839,56.50,18.487
23101,47098,51.50,16.851
23101,59499,53.50,17.506
23101,12524,56.50,18.487
23153,14608,63.50,20.778
23153,54487,63.50,20.778
23153,2959,34.00,11.126
23153,14350,63.50,20.778
23153,37624,63.50,20.778
23153,18432,63.50,20.778
23153,55143,63.50,20.778
23153,55862,63.50,20.778
23153,62817,52.00,17.015
23153,5257,63.50,20.778
24111,54141,63.50,20.778
24111,14002,53.50,17.506
24111,55839,56.50,18.487
24111,47098,51.50,16.851
24111,59499,53.50,17.506
24111,12524,56.50,18.487
24153,14608,63.50,20.778
24153,54487,63.50,20.778
24153,2959,34.00,11.126
24153,14350,63.50,20.778
24153,37624,63.50,20.778
24153,18432,63.50,20.778
24153,55143,63.50,20.778
24153,55862,63.50,20.778
24153,62817,52.00,17.015
24153,5257,63.50,20.778
25111,54141,63.50,20.778
25111,14002,59.00,19.305
25111,55839,60.00,19.633
25111,47098,51.50,16.851
25111,59499,53.50,17.506
25111,12524,56.50,18.487
25153,14608,63.50,20.778
25153,54487,63.50,20.778
25153,2959,34.00,11.126
25153,14350,63.50,20.778
25153,37624,63.50,20.778
25153,18432,63.50,20.778
25153,55143,63.50,20.778
25153,55862,63.50,20.778
25153,62817,52.00,17.015
25153,5257,63.50,20.778
26112,54141,63.50,20.778
26112,14002,59.00,19.305
26112,55839,60.00,19.633
26112,47098,55.50,18.160
26112,59499,53.50,17.506
26112,12524,56.50,18.487
26164,14608,63.50,20.778
26164,54487,63.50,20.778
26164,2959,34.00,11.126
26164,14350,63.50,20.778
26164,37624,63.50,20.778
26164,18432,63.50,20.778
26164,55143,63.50,20.778
26164,55862,63.50,20.778
26164,62817,52.00,17.015
26164,5257,63.50,20.778
27121,54141,63.50,20.778
27121,14002,53.00,17.342
27121,55839,56.00,18.324
27121,47098,51.00,16.688
27121,59499,53.50,17.506
27121,12524,56.50,18.487
27173,14608,63.50,20.778
27173,54487,63.50,20.778
27173,2959,34.00,11.126
27173,14350,63.50,20.778
27173,37624,63.50,20.778
27173,18432,63.50,20.778
27173,55143,63.50,20.778
27173,55862,63.50,20.778
27173,62817,52.00,17.015
27173,5257,63.50,20.778
28122,54141,63.50,20.778
28122,14002,53.00,17.342
28122,55839,56.00,18.324
28122,47098,51.00,16.688
28122,59499,53.50,17.506
28122,12524,56.50,18.487
28183,14608,63.50,20.778
28183,54487,63.50,20.778
28183,2959,34.00,11.126
28183,14350,63.50,20.778
28183,37624,63.50,20.778
28183,18432,63.50,20.778
28183,55143,63.50,20.778
28183,55862,63.50,20.778
28183,62817,52.00,17.015
28183,5257,63.50,20.778
29131,54141,63.50,20.778
29131,14002,53.00,17.342
29131,55839,63.50,20.778
29131,47098,63.50,20.778
29131,59499,63.50,20.778
29131,12524,56.50,18.487
29193,14608,63.50,20.778
29193,54487,63.50,20.778
29193,2959,34.00,11.126
29193,14350,63.50,20.778
29193,37624,63.50,20.778
29193,18432,63.50,20.778
29193,55143,63.50,20.778
29193,55862,63.50,20.778
29193,62817,52.00,17.015
29193,5257,63.50,20.778
30131,54141,63.50,20.778
30131,14002,53.00,17.342
30131,55839,63.50,20.778
30131,47098,63.50,20.778
30131,59499,63.50,20.778
30131,12524,56.50,18.487
30194,14608,63.50,20.778
30194,54487,63.50,20.778
30194,2959,34.00,11.126
30194,14350,63.50,20.778
30194,37624,63.50,20.778
30194,18432,63.50,20.778
30194,55143,63.50,20.778
30194,55862,63.50,20.778
30194,62817,52.00,17.015
30194,5257,63.50,20.778
31131,54141,63.50,20.778
31131,14002,53.00,17.342
31131,55839,63.50,20.778
31131,47098,63.50,20.778
31131,59499,63.50,20.778
31131,12524,56.50,18.487
31194,14608,63.50,20.778
31194,54487,63.50,20.778
31194,2959,34.00,11.126
31194,14350,63.50,20.778
31194,37624,63.50,20.778
31194,18432,63.50,20.778
31194,55143,63.50,20.778
31194,55862,63.50,20.778
31194,62817,52.00,17.015
31194,5257,63.50,20.778
32141,54141,63.50,20.778
32141,14002,59.00,19.305
32141,55839,60.00,19.633
32141,47098,63.50,20.778
32141,59499,53.50,17.506
32141,12524,56.50,18.487
32203,14608,63.50,20.778
32203,54487,63.50,20.778
32203,2959,34.00,11.126
32203,14350,63.50,20.778
32203,37624,63.50,20.778
32203,18432,63.50,20.778
32203,55143,63.50,20.778
32203,55862,63.50,20.778
32203,62817,52.00,17.015
32203,5257,63.50,20.778
33151,54141,63.50,20.778
33151,14002,59.00,19.305
33151,55839,60.00,19.633
33151,47098,55.50,18.160
33151,59499,53.50,17.506
33151,12524,56.50,18.487
33213,14608,63.50,20.778
33213,54487,63.50,20.778
33213,2959,34.00,11.126
33213,14350,63.50,20.778
33213,37624,63.50,20.778
33213,18432,63.50,20.778
33213,55143,63.50,20.778
33213,55862,63.50,20.778
33213,62817,52.00,17.015
33213,5257,63.50,20.778
34161,54141,63.50,20.778
34161,14002,53.50,17.506
34161,55839,56.00,18.324
34161,47098,51.50,16.851
34161,59499,53.50,17.506
34161,12524,56.50,18.487
34213,14608,63.50,20.778
34213,54487,63.50,20.778
34213,2959,34.00,11.126
34213,14350,63.50,20.778
34213,37624,63.50,20.778
34213,18432,63.50,20.778
34213,55143,63.50,20.778
34213,55862,63.50,20.778
34213,62817,52.00,17.015
34213,5257,63.50,20.778
35161,54141,63.50,20.778
35161,14002,53.50,17.506
35161,55839,56.00,18.324
35161,47098,51.50,16.851
35161,59499,53.50,17.506
35161,12524,56.50,18.487
35224,14608,63.50,20.778
35224,54487,63.50,20.778
35224,2959,34.00,11.126
35224,14350,63.50,20.778
35224,37624,63.50,20.778
35224,18432,63.50,20.778
35224,55143,63.50,20.778
35224,55862,63.50,20.778
35224,62817,52.00,17.015
35224,5257,63.50,20.778
36161,54141,63.50,20.778
36161,14002,53.50,17.506
36161,55839,56.00,18.324
36161,47098,51.50,16.851
36161,59499,53.50,17.506
36161,12524,56.50,18.487
36233,14608,63.50,20.778
36233,54487,63.50,20.778
36233,2959,34.00,11.126
36233,14350,63.50,20.778
36233,37624,63.50,20.778
36233,18432,63.50,20.778
36233,55143,63.50,20.778
36233,55862,63.50,20.778
36233,62817,52.00,17.015
36233,5257,63.50,20.778
37171,54141,63.50,20.778
37171,14002,53.50,17.506
37171,55839,56.00,18.324
37171,47098,51.50,16.851
37171,59499,53.50,17.506
37171,12524,56.50,18.487
37233,14608,63.50,20.778
37233,54487,63.50,20.778
37233,2959,34.00,11.126
37233,14350,63.50,20.778
37233,37624,63.50,20.778
37233,18432,63.50,20.778
37233,55143,63.50,20.778
37233,55862,63.50,20.778
37233,62817,52.00,17.015
37233,5257,63.50,20.778
38181,54141,63.50,20.778
38181,14002,53.50,17.506
38181,55839,56.00,18.324
38181,47098,51.50,16.851
38181,59499,53.50,17.506
38181,12524,56.50,18.487
38233,14608,63.50,20.778
38233,54487,63.50,20.778
38233,2959,34.00,11.126
38233,14350,63.50,20.778
38233,37624,63.50,20.778
38233,18432,63.50,20.778
38233,55143,63.50,20.778
38233,55862,63.50,20.778
38233,62817,52.00,17.015
38233,5257,63.50,20.778
39181,54141,63.50,20.778
39181,14002,59.00,19.305
39181,55839,60.00,19.633
39181,47098,51.50,16.851
39181,59499,53.50,17.506
39181,12524,56.50,18.487
39243,14608,63.50,20.778
39243,54487,63.50,20.778
39243,2959,34.00,11.126
39243,14350,63.50,20.778
39243,37624,63.50,20.778
39243,18432,63.50,20.778
39243,55143,63.50,20.778
39243,55862,63.50,20.778
39243,62817,52.00,17.015
39243,5257,63.50,20.778
40191,54141,63.50,20.778
40191,14002,59.00,19.305
40191,55839,60.00,19.633
40191,47098,55.50,18.160
40191,59499,53.50,17.506
40191,12524,56.50,18.487
40244,14608,63.50,20.778
40244,54487,63.50,20.778
40244,2959,34.00,11.126
40244,14350,63.50,20.778
40244,37624,63.50,20.778
40244,18432,63.50,20.778
40244,55143,63.50,20.778
40244,55862,63.50,20.778
40244,62817,52.00,17.015
40244,5257,63.50,20.778
41192,54141,63.50,20.778
41192,14002,53.50,17.506
41192,55839,56.00,18.324
41192,47098,51.50,16.851
41192,59499,53.50,17.506
41192,12524,56.50,18.487
41253,14608,63.50,20.778
41253,54487,63.50,20.778
41253,2959,34.00,11.126
41253,14350,63.50,20.778
41253,37624,63.50,20.778
41253,18432,63.50,20.778
41253,55143,63.50,20.778
41253,55862,63.50,20.778
41253,62817,52.00,17.015
41253,5257,63.50,20.778
42201,54141,63.50,20.778
42201,14002,53.50,17.506
42201,55839,56.00,18.324
42201,47098,51.50,16.851
42201,59499,53.50,17.506
42201,12524,56.50,18.487
42253,14608,63.50,20.778
42253,54487,63.50,20.778
42253,2959,34.00,11.126
42253,14350,63.50,20.778
42253,37624,63.50,20.778
42253,18432,63.50,20.778
42253,55143,63.50,20.778
42253,55862,63.50,20.778
42253,62817,52.00,17.015
42253,5257,63.50,20.778
43201,54141,63.50,20.778
43201,14002,53.50,17.506
43201,55839,56.00,18.324
43201,47098,51.50,16.851
43201,59499,53.50,17.506
43201,12524,56.50,18.487
43263,14608,63.50,20.778
43263,54487,63.50,20.778
43263,2959,34.00,11.126
43263,14350,63.50,20.778
43263,37624,63.50,20.778
43263,18432,63.50,20.778
43263,55143,63.50,20.778
43263,55862,63.50,20.778
43263,62817,52.00,17.015
43263,5257,63.50,20.778
44201,54141,63.50,20.778
44201,14002,53.50,17.506
44201,55839,56.00,18.324
44201,47098,51.50,16.851
44201,59499,53.50,17.506
44201,12524,56.50,18.487
44263,14608,63.50,20.778
44263,54487,63.50,20.778
44263,2959,34.00,11.126
44263,14350,63.50,20.778
44263,37624,63.50,20.778
44263,18432,63.50,20.778
44263,55143,63.50,20.778
44263,55862,63.50,20.778
44263,62817,52.00,17.015
44263,5257,63.50,20.778
45211,54141,63.50,20.778
45211,14002,53.50,17.506
45211,55839,56.00,18.324
45211,47098,51.50,16.851
45211,59499,53.50,17.506
45211,12524,56.50,18.487
45274,14608,63.50,20.778
45274,54487,63.50,20.778
45274,2959,34.00,11.126
45274,14350,63.50,20.778
45274,37624,63.50,20.778
45274,18432,63.50,20.778
45274,55143,63.50,20.778
45274,55862,63.50,20.778
45274,62817,52.00,17.015
45274,5257,63.50,20.778
46211,54141,63.50,20.778
46211,14002,59.00,19.305
46211,55839,60.00,19.633
46211,47098,51.50,16.851
46211,59499,53.50,17.506
46211,12524,56.50,18.487
46283,14608,63.50,20.778
46283,54487,63.50,20.778
46283,2959,34.00,11.126
46283,14350,63.50,20.778
46283,37624,63.50,20.778
46283,18432,63.50,20.778
46283,55143,63.50,20.778
46283,55862,63.50,20.778
46283,62817,52.00,17.015
46283,5257,63.50,20.778
47221,54141,63.50,20.778
47221,14002,59.00,19.305
47221,55839,60.00,19.633
47221,47098,51.50,16.851
47221,59499,53.50,17.506
47221,12524,56.50,18.487
47283,14608,63.50,20.778
47283,54487,63.50,20.778
47283,2959,34.00,11.126
47283,14350,63.50,20.778
47283,37624,63.50,20.778
47283,18432,63.50,20.778
47283,55143,63.50,20.778
47283,55862,63.50,20.778
47283,62817,52.00,17.015
47283,5257,63.50,20.778
48221,54141,63.50,20.778
48221,14002,53.00,17.342
48221,55839,56.00,18.324
48221,47098,51.00,16.688
48221,59499,53.50,17.506
48221,12524,56.50,18.487
48293,14608,63.50,20.778
48293,54487,63.50,20.778
48293,2959,34.00,11.126
48293,14350,63.50,20.778
48293,37624,63.50,20.778
48293,18432,63.50,20.778
48293,55143,63.50,20.778
48293,55862,63.50,20.778
48293,62817,52.00,17.015
48293,5257,63.50,20.778
49222,54141,63.50,20.778
49222,14002,53.00,17.342
49222,55839,56.00,18.324
49222,47098,51.00,16.688
49222,59499,53.50,17.506
49222,12524,56.50,18.487
49294,14608,63.50,20.778
49294,54487,63.50,20.778
49294,2959,34.00,11.126
49294,14350,63.50,20.778
49294,37624,63.50,20.778
49294,18432,63.50,20.778
49294,55143,63.50,20.778
49294,55862,63.50,20.778
49294,62817,52.00,17.015
49294,5257,63.50,20.778
50232,54141,63.50,20.778
50232,14002,53.00,17.342
50232,55839,56.00,18.324
50232,47098,51.00,16.688
50232,59499,53.50,17.506
50232,12524,56.50,18.487
50303,14608,63.50,20.778
50303,54487,63.50,20.778
50303,2959,34.00,11.126
50303,14350,63.50,20.778
50303,37624,63.50,20.778
50303,18432,63.50,20.778
50303,55143,63.50,20.778
50303,55862,63.50,20.778
50303,62817,52.00,17.015
50303,5257,63.50,20.778
51244,54141,63.50,20.778
51244,14002,53.00,17.342
51244,55839,56.00,18.324
51244,47098,51.00,16.688
51244,59499,53.50,17.506
51244,12524,56.50,18.487
51303,14608,63.50,20.778
51303,54487,63.50,20.778
51303,2959,34.00,11.126
51303,14350,63.50,20.778
51303,37624,63.50,20.778
51303,18432,63.50,20.778
51303,55143,63.50,20.778
51303,55862,63.50,20.778
51303,62817,52.00,17.015
51303,5257,63.50,20.778
52252,54141,63.50,20.778
52252,14002,53.00,17.342
52252,55839,56.00,18.324
52252,47098,51.00,16.688
52252,59499,53.50,17.506
52252,12524,56.50,18.487
52303,14608,63.50,20.778
52303,54487,63.50,20.778
52303,2959,34.00,11.126
52303,14350,63.50,20.778
52303,37624,63.50,20.778
52303,18432,63.50,20.778
52303,55143,63.50,20.778
52303,55862,63.50,20.778
52303,62817,52.00,17.015
52303,5257,63.50,20.778
53252,54141,63.50,20.778
53252,14002,53.00,17.342
53252,55839,56.00,18.324
53252,47098,51.00,16.688
53252,59499,53.50,17.506
53252,12524,56.50,18.487
53303,14608,63.50,20.778
53303,54487,63.50,20.778
53303,2959,34.00,11.126
53303,14350,63.50,20.778
53303,37624,63.50,20.778
53303,18432,63.50,20.778
53303,55143,63.50,20.778
53303,55862,63.50,20.778
53303,62817,52.00,17.015
53303,5257,63.50,20.778
54261,54141,63.50,20.778
54261,14002,59.00,19.305
54261,55839,60.00,19.633
54261,47098,51.00,16.688
54261,59499,53.50,17.506
54261,12524,56.50,18.487
54315,14608,63.50,20.778
54315,54487,63.50,20.778
54315,2959,34.00,11.126
54315,14350,63.50,20.778
54315,37624,63.50,20.778
54315,18432,63.50,20.778
54315,55143,63.50,20.778
54315,55862,63.50,20.778
54315,62817,52.00,17.015
54315,5257,63.50,20.778
55262,54141,63.50,20.778
55262,14002,59.00,19.305
55262,55839,60.00,19.633
55262,47098,55.50,18.160
55262,59499,53.50,17.506
55262,12524,56.50,18.487
55323,14608,63.50,20.778
55323,54487,63.50,20.778
55323,2959,34.00,11.126
55323,14350,63.50,20.778
55323,37624,63.50,20.778
55323,18432,63.50,20.778
55323,55143,63.50,20.778
55323,55862,63.50,20.778
55323,62817,52.00,17.015
55323,5257,63.50,20.778
56271,54141,63.50,20.778
56271,14002,53.50,17.506
56271,55839,56.50,18.487
56271,47098,51.50,16.851
56271,59499,53.50,17.506
56271,12524,56.50,18.487
56323,14608,63.50,20.778
56323,54487,63.50,20.778
56323,2959,34.00,11.126
56323,14350,63.50,20.778
56323,37624,63.50,20.778
56323,18432,63.50,20.778
56323,55143,63.50,20.778
56323,55862,63.50,20.778
56323,62817,52.00,17.015
56323,5257,63.50,20.778
57272,54141,63.50,20.778
57272,14002,53.50,17.506
57272,55839,56.50,18.487
57272,47098,51.50,16.851
57272,59499,53.50,17.506
57272,12524,56.50,18.487
57324,14608,63.50,20.778
57324,54487,63.50,20.778
57324,2959,34.00,11.126
57324,14350,63.50,20.778
57324,37624,63.50,20.778
57324,18432,63.50,20.778
57324,55143,63.50,20.778
57324,55862,63.50,20.778
57324,62817,52.00,17.015
57324,5257,63.50,20.778
58281,54141,63.50,20.778
58281,14002,53.50,17.506
58281,55839,63.50,20.778
58281,47098,63.50,20.778
58281,59499,53.50,17.506
58281,12524,56.50,18.487
58333,14608,63.50,20.778
58333,54487,63.50,20.778
58333,2959,34.00,11.126
58333,14350,63.50,20.778
58333,37624,63.50,20.778
58333,18432,63.50,20.778
58333,55143,63.50,20.778
58333,55862,63.50,20.778
58333,62817,52.00,17.015
58333,5257,63.50,20.778
59282,54141,63.50,20.778
59282,14002,53.50,17.506
59282,55839,63.50,20.778
59282,47098,63.50,20.778
59282,59499,53.50,17.506
59282,12524,56.50,18.487
59333,14608,63.50,20.778
59333,54487,63.50,20.778
59333,2959,34.00,11.126
59333,14350,63.50,20.778
59333,37624,63.50,20.778
59333,18432,63.50,20.778
59333,55143,63.50,20.778
59333,55862,63.50,20.778
59333,62817,52.00,17.015
59333,5257,63.50,20.778
60291,54141,63.50,20.778
60291,14002,53.50,17.506
60291,55839,63.50,20.778
60291,47098,63.50,20.778
60291,59499,53.50,17.506
60291,12524,56.50,18.487
60333,14608,63.50,20.778
60333,54487,63.50,20.778
60333,2959,34.00,11.126
60333,14350,63.50,20.778
60333,37624,63.50,20.778
60333,18432,63.50,20.778
60333,55143,63.50,20.778
60333,55862,63.50,20.778
60333,62817,52.00,17.015
60333,5257,63.50,20.778
61292,54141,63.50,20.778
61292,14002,59.00,19.305
61292,55839,60.00,19.633
61292,47098,63.50,20.778
61292,59499,53.50,17.506
61292,12524,56.50,18.487
61343,14608,63.50,20.778
61343,54487,63.50,20.778
61343,2959,34.00,11.126
61343,14350,63.50,20.778
61343,37624,63.50,20.778
61343,18432,63.50,20.778
61343,55143,63.50,20.778
61343,55862,63.50,20.778
61343,62817,52.00,17.015
61343,5257,63.50,20.778
62301,54141,63.50,20.778
62301,14002,59.00,19.305
62301,55839,60.00,19.633
62301,47098,55.50,18.160
62301,59499,53.50,17.506
62301,12524,56.50,18.487
62354,14608,63.50,20.778
62354,54487,63.50,20.778
62354,2959,34.00,11.126
62354,14350,63.50,20.778
62354,37624,63.50,20.778
62354,18432,63.50,20.778
62354,55143,63.50,20.778
62354,55862,63.50,20.778
62354,62817,52.00,17.015
62354,5257,63.50,20.778
63301,54141,63.50,20.778
63301,14002,53.50,17.506
63301,55839,56.50,18.487
63301,47098,51.50,16.851
63301,59499,53.50,17.506
63301,12524,56.50,18.487
63355,14608,63.50,20.778
63355,54487,63.50,20.778
63355,2959,34.00,11.126
63355,14350,63.50,20.778
63355,37624,63.50,20.778
63355,18432,63.50,20.778
63355,55143,63.50,20.778
63355,55862,63.50,20.778
63355,62817,52.00,17.015
63355,5257,63.50,20.778
64303,54141,63.50,20.778
64303,14002,53.50,17.506
64303,55839,56.50,18.487
64303,47098,51.50,16.851
64303,59499,53.50,17.506
64303,12524,56.50,18.487
64363,14608,63.50,20.778
64363,54487,63.50,20.778
64363,2959,34.00,11.126
64363,14350,63.50,20.778
64363,37624,63.50,20.778
64363,18432,63.50,20.778
64363,55143,63.50,20.778
64363,55862,63.50,20.778
64363,62817,52.00,17.015
64363,5257,63.50,20.778
65313,54141,63.50,20.778
65313,14002,53.50,17.506
65313,55839,56.50,18.487
65313,47098,51.50,16.851
65313,59499,53.50,17.506
65313,12524,56.50,18.487
65364,14608,63.50,20.778
65364,54487,63.50,20.778
65364,2959,34.00,11.126
65364,14350,63.50,20.778
65364,37624,63.50,20.778
65364,18432,63.50,20.778
65364,55143,63.50,20.778
65364,55862,63.50,20.778
65364,62817,52.00,17.015
65364,5257,63.50,20.778
66322,54141,63.50,20.778
66322,14002,53.50,17.506
66322,55839,56.50,18.487
66322,47098,51.50,16.851
66322,59499,53.50,17.506
66322,12524,56.50,18.487
66365,14608,63.50,20.778
66365,54487,63.50,20.778
66365,2959,34.00,11.126
66365,14350,63.50,20.778
66365,37624,63.50,20.778
66365,18432,63.50,20.778
66365,55143,63.50,20.778
66365,55862,63.50,20.778
66365,62817,52.00,17.015
66365,5257,63.50,20.778
67332,54141,63.50,20.778
67332,14002,53.50,17.506
67332,55839,56.50,18.487
67332,47098,51.50,16.851
67332,59499,53.50,17.506
67332,12524,56.50,18.487
67374,14608,63.50,20.778
67374,54487,63.50,20.778
67374,2959,34.00,11.126
67374,14350,63.50,20.778
67374,37624,63.50,20.778
67374,18432,63.50,20.778
67374,55143,63.50,20.778
67374,55862,63.50,20.778
67374,62817,52.00,17.015
67374,5257,63.50,20.778
68341,54141,63.50,20.778
68341,14002,59.00,19.305
68341,55839,60.00,19.633
68341,47098,51.50,16.851
68341,59499,53.50,17.506
68341,12524,56.50,18.487
68385,14608,63.50,20.778
68385,54487,63.50,20.778
68385,2959,34.00,11.126
68385,14350,63.50,20.778
68385,37624,63.50,20.778
68385,18432,63.50,20.778
68385,55143,63.50,20.778
68385,55862,63.50,20.778
68385,62817,52.00,17.015
68385,5257,63.50,20.778
69342,54141,63.50,20.778
69342,14002,59.00,19.305
69342,55839,60.00,19.633
69342,47098,51.50,16.851
69342,59499,53.50,17.506
69342,12524,56.50,18.487
69394,14608,63.50,20.778
69394,54487,63.50,20.778
69394,2959,34.00,11.126
69394,14350,63.50,20.778
69394,37624,63.50,20.778
69394,18432,63.50,20.778
69394,55143,63.50,20.778
69394,55862,63.50,20.778
69394,62817,52.00,17.015
69394,5257,63.50,20.778
70352,54141,63.50,20.778
70352,14002,53.00,17.342
70352,55839,56.00,18.324
70352,47098,51.00,16.688
70352,59499,53.50,17.506
70352,12524,56.50,18.487
70394,14608,63.50,20.778
70394,54487,63.50,20.778
70394,2959,34.00,11.126
70394,14350,63.50,20.778
70394,37624,63.50,20.778
70394,18432,63.50,20.778
70394,55143,63.50,20.778
70394,55862,63.50,20.778
70394,62817,52.00,17.015
70394,5257,63.50,20.778
71352,54141,63.50,20.778
71352,14002,53.00,17.342
71352,55839,56.00,18.324
71352,47098,51.00,16.688
71352,59499,53.50,17.506
71352,12524,56.50,18.487
71403,14608,63.50,20.778
71403,54487,63.50,20.778
71403,2959,34.00,11.126
71403,14350,63.50,20.778
71403,37624,63.50,20.778
71403,18432,63.50,20.778
71403,55143,63.50,20.778
71403,55862,63.50,20.778
71403,62817,52.00,17.015
71403,5257,63.50,20.778
72354,54141,63.50,20.778
72354,14002,53.00,17.342
72354,55839,56.00,18.324
72354,47098,51.00,16.688
72354,59499,53.50,17.506
72354,12524,56.50,18.487
72404,14608,63.50,20.778
72404,54487,63.50,20.778
72404,2959,34.00,11.126
72404,14350,63.50,20.778
72404,37624,63.50,20.778
72404,18432,63.50,20.778
72404,55143,63.50,20.778
72404,55862,63.50,20.778
72404,62817,52.00,17.015
72404,5257,63.50,20.778
73362,54141,63.50,20.778
73362,14002,53.00,17.342
73362,55839,56.00,18.324
73362,47098,51.00,16.688
73362,59499,53.50,17.506
73362,12524,56.50,18.487
73404,14608,63.50,20.778
73404,54487,63.50,20.778
73404,2959,34.00,11.126
73404,14350,63.50,20.778
73404,37624,63.50,20.778
73404,18432,63.50,20.778
73404,55143,63.50,20.778
73404,55862,63.50,20.778
73404,62817,52.00,17.015
73404,5257,63.50,20.778
74362,54141,63.50,20.778
74362,14002,53.00,17.342
74362,55839,56.00,18.324
74362,47098,51.00,16.688
74362,59499,53.50,17.506
74362,12524,56.50,18.487
74404,14608,63.50,20.778
74404,54487,63.50,20.778
74404,2959,34.00,11.126
74404,14350,63.50,20.778
74404,37624,63.50,20.778
74404,18432,63.50,20.778
74404,55143,63.50,20.778
74404,55862,63.50,20.778
74404,62817,52.00,17.015
74404,5257,63.50,20.778
75363,54141,60.50,19.796
75363,14002,57.50,18.815
75363,55839,56.00,18.324
75363,47098,56.50,18.487
75363,59499,60.50,19.796
75363,12524,56.50,18.487
75405,14608,63.50,20.778
75405,54487,63.50,20.778
75405,2959,34.00,11.126
75405,14350,63.50,20.778
75405,37624,63.50,20.778
75405,18432,63.50,20.778
75405,55143,63.50,20.778
75405,55862,63.50,20.778
75405,62817,52.00,17.015
75405,5257,63.50,20.778
76373,54141,60.50,19.796
76373,14002,59.00,19.305
76373,55839,60.00,19.633
76373,47098,56.50,18.487
76373,59499,53.50,17.506
76373,12524,56.50,18.487
76405,14608,63.50,20.778
76405,54487,63.50,20.778
76405,2959,34.00,11.126
76405,14350,63.50,20.778
76405,37624,63.50,20.778
76405,18432,63.50,20.778
76405,55143,63.50,20.778
76405,55862,63.50,20.778
76405,62817,52.00,17.015
76405,5257,63.50,20.778
77382,54141,60.50,19.796
77382,14002,59.00,19.305
77382,55839,60.00,19.633
77382,47098,55.50,18.160
77382,59499,53.50,17.506
77382,12524,56.50,18.487
77414,14608,63.50,20.778
77414,54487,63.50,20.778
77414,2959,34.00,11.126
77414,14350,63.50,20.778
77414,37624,63.50,20.778
77414,18432,63.50,20.778
77414,55143,63.50,20.778
77414,55862,63.50,20.778
77414,62817,52.00,17.015
77414,5257,63.50,20.778
78392,54141,60.50,19.796
78392,14002,53.50,17.506
78392,55839,56.50,18.487
78392,47098,51.50,16.851
78392,59499,53.50,17.506
78392,12524,56.50,18.487
78424,14608,63.50,20.778
78424,54487,63.50,20.778
78424,2959,34.00,11.126
78424,14350,63.50,20.778
78424,37624,63.50,20.778
78424,18432,63.50,20.778
78424,55143,63.50,20.778
78424,55862,63.50,20.778
78424,62817,52.00,17.015
78424,5257,63.50,20.778
79402,54141,63.50,20.778
79402,14002,53.50,17.506
79402,55839,56.50,18.487
79402,47098,51.50,16.851
79402,59499,53.50,17.506
79402,12524,56.50,18.487
79424,14608,63.50,20.778
79424,54487,63.50,20.778
79424,2959,34.00,11.126
79424,14350,63.50,20.778
79424,37624,63.50,20.778
79424,18432,63.50,20.778
79424,55143,63.50,20.778
79424,55862,63.50,20.778
79424,62817,52.00,17.015
79424,5257,63.50,20.778
80402,54141,63.50,20.778
80402,14002,53.50,17.506
80402,55839,56.50,18.487
80402,47098,51.50,16.851
80402,59499,53.50,17.506
80402,12524,56.50,18.487
80433,14608,63.50,20.778
80433,54487,63.50,20.778
80433,2959,34.00,11.126
80433,14350,63.50,20.778
80433,37624,63.50,20.778
80433,18432,63.50,20.778
80433,55143,63.50,20.778
80433,55862,63.50,20.778
80433,62817,52.00,17.015
80433,5257,63.50,20.778
81414,54141,63.50,20.778
81414,14002,53.50,17.506
81414,55839,56.50,18.487
81414,47098,51.50,16.851
81414,59499,53.50,17.506
81414,12524,56.50,18.487
81434,14608,63.50,20.778
81434,54487,63.50,20.778
81434,2959,34.00,11.126
81434,14350,63.50,20.778
81434,37624,63.50,20.778
81434,18432,63.50,20.778
81434,55143,63.50,20.778
81434,55862,63.50,20.778
81434,62817,52.00,17.015
81434,5257,63.50,20.778
82424,54141,63.50,20.778
82424,14002,53.50,17.506
82424,55839,56.50,18.487
82424,47098,51.50,16.851
82424,59499,53.50,17.506
82424,12524,56.50,18.487
82434,14608,63.50,20.778
82434,54487,63.50,20.778
82434,2959,34.00,11.126
82434,14350,63.50,20.778
82434,37624,63.50,20.778
82434,18432,63.50,20.778
82434,55143,63.50,20.778
82434,55862,63.50,20.778
82434,62817,52.00,17.015
82434,5257,63.50,20.778
83432,54141,63.50,20.778
83432,14002,59.00,19.305
83432,55839,60.00,19.633
83432,47098,51.50,16.851
83432,59499,53.50,17.506
83432,12524,56.50,18.487
83434,14608,63.50,20.778
83434,54487,63.50,20.778
83434,2959,34.00,11.126
83434,14350,63.50,20.778
83434,37624,63.50,20.778
83434,18432,63.50,20.778
83434,55143,63.50,20.778
83434,55862,63.50,20.778
83434,62817,52.00,17.015
83434,5257,63.50,20.778
84432,54141,63.50,20.778
84432,14002,59.00,19.305
84432,55839,60.00,19.633
84432,47098,51.50,16.851
84432,59499,53.50,17.506
84432,12524,56.50,18.487
84444,14608,63.50,20.778
84444,54487,63.50,20.778
84444,2959,34.00,11.126
84444,14350,63.50,20.778
84444,37624,63.50,20.778
84444,18432,63.50,20.778
84444,55143,63.50,20.778
84444,55862,63.50,20.778
84444,62817,52.00,17.015
84444,5257,63.50,20.778
85442,54141,63.50,20.778
85442,14002,53.50,17.506
85442,55839,56.50,18.487
85442,47098,51.50,16.851
85442,59499,53.50,17.506
85442,12524,56.50,18.487
85454,14608,63.50,20.778
85454,54487,63.50,20.778
85454,2959,34.00,11.126
85454,14350,63.50,20.778
85454,37624,63.50,20.778
85454,18432,63.50,20.778
85454,55143,63.50,20.778
85454,55862,63.50,20.778
85454,62817,52.00,17.015
85454,5257,63.50,20.778
86442,54141,63.50,20.778
86442,14002,53.50,17.506
86442,55839,56.50,18.487
86442,47098,51.50,16.851
86442,59499,53.50,17.506
86442,12524,56.50,18.487
86464,14608,63.50,20.778
86464,54487,63.50,20.778
86464,2959,34.00,11.126
86464,14350,63.50,20.778
86464,37624,63.50,20.778
86464,18432,63.50,20.778
86464,55143,63.50,20.778
86464,55862,63.50,20.778
86464,62817,52.00,17.015
86464,5257,63.50,20.778
87442,54141,63.50,20.778
87442,14002,53.50,17.506
87442,55839,56.50,18.487
87442,47098,51.50,16.851
87442,59499,53.50,17.506
87442,12524,56.50,18.487
87464,14608,63.50,20.778
87464,54487,63.50,20.778
87464,2959,34.00,11.126
87464,14350,63.50,20.778
87464,37624,63.50,20.778
87464,18432,63.50,20.778
87464,55143,63.50,20.778
87464,55862,63.50,20.778
87464,62817,52.00,17.015
87464,5257,63.50,20.778
88442,54141,63.50,20.778
88442,14002,53.50,17.506
88442,55839,56.50,18.487
88442,47098,51.50,16.851
88442,59499,53.50,17.506
88442,12524,56.50,18.487
88474,14608,63.50,20.778
88474,54487,63.50,20.778
88474,2959,34.00,11.126
88474,14350,63.50,20.778
88474,37624,63.50,20.778
88474,18432,63.50,20.778
88474,55143,63.50,20.778
88474,55862,63.50,20.778
88474,62817,52.00,17.015
88474,5257,63.50,20.778
89452,54141,63.50,20.778
89452,14002,53.50,17.506
89452,55839,56.50,18.487
89452,47098,51.50,16.851
89452,59499,53.50,17.506
89452,12524,56.50,18.487
89474,14608,63.50,20.778
89474,54487,63.50,20.778
89474,2959,34.00,11.126
89474,14350,63.50,20.778
89474,37624,63.50,20.778
89474,18432,63.50,20.778
89474,55143,63.50,20.778
89474,55862,63.50,20.778
89474,62817,52.00,17.015
89474,5257,63.50,20.778
